Age,Salary,Experience,Performance_Score,Gender,Department,Hired,Hiring_Date,Location
39.0,46945,17 years,9,,Marketing,Yes,2021-02-24,Austin
26.0,30321,2 years,10,,Engineering,,2012-05-20,New York
38.0,80266,22 years,10,Female,,,2018-11-12,Seattle
28.0,26650,5 years,7,,Sales,Yes,2014-10-20,New York
27.0,27102,4 years,3,M,Sales,Y,2013-07-19,Seattle
51.0,78418,25 years,9,,Engineering,Y,2023-01-23,Seattle
37.0,30562,,10,M,Marketing,,2021-06-14,New York
26.0,25959,2 years,5,,Sales,,2013-06-02,
27.0,36275,5 years,5,Male,Sales,Yes,2010-08-04,Austin
22.0,40111,0 years,9,Female,HR,N,2020-06-14,Austin
21.0,58178,1 years,10,Female,Sales,No,2014-07-03,New York
55.0,53373,30 years,6,M,Engineering,Y,2011-05-07,New York
31.0,48321,10 years,4,F,Engineering,N,2023-01-01,Boston
42.0,75601,16 years,9,Female,Sales,,2018-09-19,Austin
46.0,66546,25 years,10,,HR,No,2022-01-27,Austin
47.0,29673,16 years,8,,Marketing,Yes,2014-12-15,New York
42.0,51226,15 years,8,Male,,Yes,2022-08-10,
22.0,34994,1 years,3,F,HR,,2021-10-03,
,37600,8 years,9,,Marketing,Yes,2014-02-12,Boston
22.0,45621,1 years,3,,Sales,No,2011-07-13,Austin
29.0,50624,10 years,8,Male,Engineering,Yes,2015-03-28,Austin
27.0,29128,0 years,2,,Marketing,Yes,2021-10-22,Seattle
31.0,50203,6 years,1,M,,Yes,2021-12-01,Boston
39.0,50891,20 years,9,M,Marketing,N,2011-06-24,
32.0,25000,10 years,6,Female,HR,Y,2014-01-04,Austin
28.0,55407,6 years,4,,Engineering,Y,2022-02-07,
,70004,14 years,10,Female,Engineering,Y,2014-04-19,
40.0,39530,13 years,5,,Sales,Yes,2017-05-11,Boston
61.0,88244,40 years,7,Female,Marketing,Yes,2018-07-15,Austin
44.0,51520,23 years,1,F,Sales,No,2015-09-15,Seattle
30.0,64660,8 years,1,Male,Sales,Yes,2016-10-12,Boston
35.0,75224,12 years,4,Female,,No,,Seattle
32.0,39079,9 years,3,F,Engineering,Yes,2017-03-31,Boston
56.0,59434,39 years,5,M,Marketing,Y,2012-02-14,
32.0,26510,7 years,7,Female,HR,No,2018-12-19,New York
27.0,25032,2 years,2,F,Sales,Y,2014-06-05,Boston
36.0,50514,9 years,7,,Sales,N,2010-06-10,
41.0,59430,19 years,9,,Sales,,,Seattle
53.0,73069,36 years,4,M,Engineering,Y,2018-05-17,New York
46.0,50701,26 years,9,M,HR,No,2018-12-15,New York
29.0,69257,8 years,1,Female,,No,2022-07-17,Seattle
45.0,43172,18 years,7,M,Sales,Yes,2021-08-28,Boston
29.0,47481,4 years,5,Female,,Yes,2010-05-06,Boston
39.0,43468,15 years,7,,Sales,Y,2020-01-01,New York
39.0,50235,14 years,2,Female,Sales,,2020-03-30,Boston
35.0,29270,11 years,3,Female,Engineering,No,2011-11-02,Austin
42.0,66440,16 years,1,F,Sales,Yes,2023-10-16,Austin
55.0,76767,31 years,5,Female,Sales,Y,2014-09-13,New York
42.0,37242,22 years,7,Male,Marketing,Yes,,Boston
32.0,34594,15 years,5,Female,Sales,Y,2018-08-09,Boston
26.0,35384,6 years,2,Female,,Yes,2010-02-09,New York
33.0,53390,7 years,7,Female,,,2018-01-24,Boston
31.0,38732,11 years,8,Female,Sales,Y,2012-08-01,Austin
46.0,40044,22 years,10,,HR,,2016-10-06,Boston
33.0,51838,11 years,7,Male,HR,Y,2022-05-26,Austin
65.0,74419,40 years,1,Male,Engineering,Y,2013-04-27,New York
28.0,51243,8 years,7,F,Engineering,Y,2013-03-23,
64.0,91194,40 years,2,F,Marketing,Y,2018-09-17,
18.0,32707,0 years,4,M,Sales,No,2021-05-26,Austin
29.0,48334,6 years,2,Female,Engineering,Y,,New York
42.0,29306,22 years,5,Female,Marketing,N,2013-10-10,Boston
55.0,85493,34 years,3,Female,,,2011-09-21,Seattle
43.0,59346,28 years,5,Female,Marketing,Y,2013-01-14,New York
36.0,30042,13 years,3,F,Marketing,Yes,2023-09-19,
39.0,66047,15 years,7,Female,,Y,2023-08-12,Seattle
25.0,56498,3 years,3,M,,Y,2015-08-22,
,48664,11 years,5,Female,,Y,2018-04-17,Austin
52.0,65401,33 years,6,Female,HR,Yes,2019-07-07,Seattle
65.0,68681,37 years,3,Female,Marketing,No,2016-03-31,
47.0,57277,22 years,9,Male,,,2017-09-17,
32.0,45524,10 years,9,Female,Marketing,,2016-02-07,
39.0,66413,17 years,10,,Marketing,Y,2012-04-06,
18.0,35911,0 years,10,M,Sales,Yes,2020-06-05,Austin
19.0,41750,0 years,6,M,Sales,Yes,2013-01-29,Boston
40.0,48855,18 years,4,M,Marketing,Yes,2015-08-16,Boston
35.0,38115,12 years,9,F,Marketing,Yes,2023-08-17,Seattle
18.0,25000,0 years,10,M,Sales,Yes,,
34.0,56782,14 years,6,Female,Marketing,Yes,2022-10-25,Austin
,67244,40 years,10,Female,,,2022-11-13,New York
42.0,53660,23 years,1,Male,,Y,2013-07-28,New York
22.0,50461,1 years,2,,,Y,2015-02-26,Austin
63.0,88547,40 years,3,Female,,N,2014-01-19,New York
38.0,76625,22 years,2,F,,,2023-03-01,Boston
28.0,28238,8 years,2,F,,,2010-12-03,Austin
29.0,30582,0 years,5,,,Yes,2021-02-05,
23.0,65436,1 years,4,Female,,N,2013-05-02,
34.0,41774,2 years,1,,Sales,Y,2020-12-01,New York
38.0,40910,18 years,6,Male,HR,Yes,,Boston
22.0,64822,2 years,4,Male,Sales,Y,2011-01-12,Boston
47.0,58920,24 years,3,Female,Engineering,Yes,,
39.0,62517,13 years,9,Male,Sales,,2022-06-11,
42.0,73397,24 years,1,F,Marketing,Y,2015-04-15,Boston
36.0,32191,13 years,9,,,Y,2014-07-13,New York
29.0,25000,2 years,6,Female,HR,Yes,2019-05-01,Seattle
21.0,51124,0 years,7,Male,Sales,,2019-05-14,Seattle
43.0,67700,20 years,3,Female,HR,Y,2010-09-26,Boston
24.0,25000,1 years,6,Male,,Y,2017-10-24,Boston
18.0,40966,0 years,2,Female,Sales,Y,2011-04-07,
48.0,47329,29 years,10,M,,N,2013-06-10,Austin
29.0,36451,13 years,7,M,,N,2016-09-20,Seattle
32.0,71928,12 years,5,Female,HR,No,2018-05-30,
34.0,60061,10 years,3,M,HR,Y,2012-03-29,Boston
34.0,27872,16 years,4,Female,Marketing,Y,2023-08-31,
22.0,29825,0 years,2,Male,Engineering,Yes,,Austin
38.0,68839,19 years,6,F,Sales,Yes,2022-10-03,Seattle
30.0,54414,9 years,3,M,Sales,Yes,2021-09-02,
40.0,25844,18 years,6,F,HR,Yes,2012-05-11,New York
34.0,57636,12 years,9,,Engineering,,2017-01-08,
,36211,8 years,8,Male,Marketing,Y,2013-06-17,New York
44.0,54321,25 years,8,Male,,No,2012-03-19,Seattle
29.0,54832,3 years,5,Female,Sales,Yes,2010-01-02,
46.0,57363,25 years,6,,HR,Y,2012-07-15,
18.0,48299,0 years,3,Female,HR,Yes,2020-09-24,
22.0,29037,1 years,2,,Sales,Yes,2020-06-14,
35.0,35186,8 years,2,Male,HR,No,2013-11-24,Austin
31.0,46671,11 years,1,F,,Yes,2017-06-05,
,39275,0 years,10,F,Marketing,,2010-10-27,Boston
26.0,25000,10 years,9,F,Marketing,No,2012-07-06,Seattle
64.0,67791,40 years,5,Male,HR,Y,2023-09-11,
22.0,37549,4 years,6,,HR,No,2017-12-26,Boston
65.0,93339,40 years,4,Male,Engineering,Yes,2019-06-07,New York
23.0,36755,0 years,8,,,Y,2010-06-03,Boston
33.0,41472,6 years,3,Male,Marketing,,,Austin
19.0,41411,0 years,3,M,Marketing,Yes,2010-02-13,Seattle
41.0,62976,17 years,2,M,Sales,,2021-08-03,Boston
34.0,59599,12 years,9,,HR,,2022-05-12,Boston
24.0,33207,3 years,3,M,Engineering,Yes,2016-11-29,Austin
27.0,27881,2 years,10,,Engineering,Yes,2010-11-06,
18.0,25000,0 years,7,Female,Marketing,Yes,2011-09-24,New York
38.0,33845,11 years,9,F,,No,2022-06-04,Seattle
,49021,23 years,9,Female,,Y,2013-03-12,Austin
43.0,61087,22 years,7,,Sales,No,2011-03-16,Austin
36.0,45221,15 years,8,,,,2022-09-23,Boston
57.0,71140,33 years,3,,Marketing,Y,2011-11-29,New York
48.0,34551,,7,F,HR,,2018-06-07,Austin
25.0,68088,4 years,4,Female,HR,,2018-09-29,Boston
39.0,65083,14 years,1,Female,,Yes,2015-01-17,Boston
33.0,34761,9 years,9,,,Yes,2018-10-24,Boston
31.0,49494,11 years,6,Female,,Yes,2012-09-21,Seattle
37.0,61902,11 years,2,,HR,Yes,2014-04-07,Seattle
31.0,64739,10 years,4,Male,Sales,N,2019-11-19,New York
27.0,34272,4 years,1,F,HR,Y,,Austin
40.0,32278,18 years,5,Male,Sales,No,2018-04-20,Boston
34.0,43541,13 years,9,M,Marketing,No,2022-08-05,New York
56.0,79778,33 years,9,Male,HR,,2016-10-02,New York
40.0,39636,,5,Male,Sales,,,Austin
24.0,59791,0 years,10,Female,,Yes,2018-01-12,Austin
25.0,46376,7 years,3,,Marketing,,2020-09-06,Boston
20.0,33876,1 years,5,F,,N,2018-10-08,
25.0,48459,2 years,9,Male,HR,No,2012-12-04,New York
34.0,45326,10 years,7,,HR,Y,2017-08-23,Austin
26.0,32416,3 years,2,M,HR,Yes,2010-10-21,Seattle
36.0,45895,15 years,4,M,Sales,Yes,2016-12-16,New York
35.0,25000,13 years,3,Male,Engineering,N,2013-08-24,
30.0,29300,3 years,3,M,Sales,N,2015-04-21,Austin
18.0,43338,0 years,5,Male,Marketing,Yes,2020-04-27,New York
38.0,30300,14 years,1,F,Marketing,No,2023-06-12,
51.0,71034,26 years,6,M,Sales,No,2018-03-05,
36.0,84346,18 years,1,,Engineering,Yes,2018-06-04,New York
32.0,25000,8 years,4,M,Engineering,Yes,2018-03-14,New York
35.0,53230,7 years,10,Female,Engineering,,2014-08-29,Seattle
36.0,80029,17 years,7,F,,No,2023-05-21,New York
43.0,70855,23 years,3,F,Engineering,Y,2021-04-10,Boston
18.0,41577,0 years,10,F,Marketing,Y,2015-12-22,Austin
32.0,65563,14 years,6,Female,,Y,2011-09-28,
48.0,33457,23 years,3,F,Marketing,Yes,2011-01-07,Boston
43.0,76883,22 years,2,Male,Marketing,N,2015-01-03,Austin
34.0,42434,11 years,3,Male,HR,,2022-11-22,
33.0,36127,3 years,6,F,Marketing,,2013-08-22,Austin
34.0,42184,10 years,5,Male,Sales,Yes,2012-06-11,New York
21.0,36473,0 years,8,,,Y,2021-04-20,Boston
31.0,37187,10 years,3,Female,Engineering,Y,2017-11-15,Boston
47.0,51169,28 years,8,Female,Marketing,N,2012-02-15,Seattle
47.0,42938,24 years,2,F,HR,No,2012-10-09,Seattle
29.0,35411,10 years,5,Female,Marketing,No,2018-03-25,Austin
20.0,32643,0 years,5,Male,Marketing,No,2014-09-28,Seattle
50.0,42312,28 years,5,,Sales,No,2020-06-06,Boston
35.0,52373,13 years,7,Male,HR,No,2018-04-21,
22.0,54375,0 years,5,Male,Sales,,2021-05-27,Austin
36.0,54023,17 years,9,M,Engineering,,2020-04-06,Austin
20.0,29510,0 years,7,Male,Engineering,No,2012-02-20,
30.0,48914,7 years,7,Female,Marketing,,2012-04-13,New York
42.0,42876,22 years,10,Male,Marketing,Yes,,Austin
39.0,33008,13 years,2,Male,Marketing,Y,2019-09-24,New York
39.0,25000,17 years,6,F,Sales,Yes,2023-10-02,New York
49.0,60628,27 years,7,Female,Engineering,,2023-01-20,Boston
33.0,62055,6 years,6,Female,HR,Y,2021-06-16,New York
,65068,6 years,3,Male,Engineering,Yes,2020-05-10,Boston
27.0,34403,4 years,3,Male,,Y,2023-01-24,Seattle
25.0,32078,1 years,5,M,Engineering,No,2012-12-10,New York
18.0,44483,0 years,9,Female,Engineering,N,2023-10-28,Boston
44.0,57582,23 years,4,F,Sales,No,2022-03-18,Austin
18.0,28770,0 years,4,F,Marketing,No,2019-06-30,Austin
55.0,91143,38 years,5,Female,Sales,No,2012-12-15,Austin
41.0,53476,17 years,7,Female,HR,Yes,2014-12-09,Boston
39.0,67424,20 years,5,,Marketing,,2021-04-16,Boston
50.0,34886,25 years,10,,Engineering,Yes,2019-06-02,Austin
26.0,36771,2 years,10,Female,,Y,2019-10-29,
46.0,53795,26 years,7,Male,Marketing,Y,2016-02-09,New York
27.0,45555,2 years,1,Female,Sales,No,2013-12-24,Seattle
43.0,37921,19 years,3,F,Engineering,No,2012-10-25,
46.0,53798,26 years,8,M,Sales,,2010-04-14,
18.0,43748,0 years,2,,Marketing,Yes,2021-11-29,Austin
45.0,52203,26 years,9,F,Marketing,Y,,New York
28.0,25000,9 years,2,M,Marketing,Y,2012-09-03,Seattle
37.0,62888,19 years,10,Male,,,2012-11-02,Boston
41.0,26877,18 years,9,F,HR,Yes,2010-05-23,Seattle
36.0,67304,9 years,2,,Marketing,Y,2019-02-25,Boston
23.0,49090,1 years,9,,Sales,Y,2011-07-28,Boston
37.0,49492,14 years,10,Male,,Y,2012-11-11,
23.0,55243,1 years,4,,Sales,Yes,2017-11-12,
24.0,40782,2 years,10,Female,Marketing,Yes,2021-02-10,Boston
53.0,80625,36 years,7,Female,,,2014-10-14,Seattle
31.0,26499,11 years,6,Female,Marketing,N,2020-07-21,New York
36.0,63667,,4,Female,Marketing,No,2020-05-01,Austin
31.0,45087,13 years,9,Male,Marketing,No,2017-01-13,
,34714,,8,Female,,Y,,Boston
40.0,47169,17 years,7,F,Marketing,Yes,2016-10-11,Austin
36.0,48988,19 years,3,Male,,Y,,
32.0,80732,10 years,9,Female,Sales,,2017-01-01,New York
43.0,30101,23 years,2,,HR,Yes,2017-07-23,Austin
27.0,56111,3 years,4,,,No,,
26.0,25238,3 years,2,,Marketing,N,2022-03-28,New York
18.0,32117,3 years,9,,Sales,,2013-02-11,Boston
47.0,62126,26 years,7,M,Sales,Yes,2020-01-24,Boston
30.0,25000,8 years,6,Female,Engineering,,,New York
26.0,48141,2 years,7,M,,Yes,2021-01-08,Seattle
32.0,49078,11 years,10,Male,Engineering,N,2018-05-13,Austin
33.0,66994,8 years,8,Female,Marketing,,2012-09-07,Austin
33.0,44866,6 years,3,Male,Marketing,,2012-11-09,New York
40.0,31056,21 years,7,F,,Yes,2021-03-09,Boston
27.0,53163,7 years,3,Female,Marketing,N,2019-02-09,Boston
49.0,61730,29 years,1,F,HR,Y,2013-04-22,
39.0,61178,18 years,4,Female,Sales,No,2019-10-11,New York
37.0,83972,12 years,8,,Marketing,N,,Austin
25.0,43189,9 years,2,,Engineering,,2021-05-13,Boston
37.0,48173,13 years,10,Male,Sales,Y,,Austin
,59420,28 years,6,Female,Marketing,Yes,2023-09-05,Austin
38.0,54123,15 years,1,Male,,Yes,2021-05-02,Boston
48.0,74152,26 years,6,F,Engineering,Y,2010-12-12,Austin
25.0,25000,0 years,9,,,No,2012-12-15,Austin
33.0,50092,9 years,9,Female,Sales,,,Boston
46.0,66951,24 years,4,Male,Sales,No,2017-11-29,Seattle
36.0,44876,14 years,8,Male,Engineering,,2012-05-21,New York
20.0,25000,0 years,6,F,HR,,2020-01-26,Boston
40.0,49769,16 years,4,Male,Marketing,Yes,2010-08-29,
22.0,26716,0 years,5,Male,HR,Yes,,Boston
22.0,37850,3 years,3,,,Yes,2022-10-30,Boston
32.0,66994,11 years,7,Female,Marketing,No,2020-10-24,Boston
29.0,25000,4 years,3,M,Sales,Yes,2019-09-03,Seattle
30.0,39712,5 years,10,M,HR,Yes,,Seattle
52.0,86713,30 years,1,,HR,,2019-08-29,Boston
51.0,57916,29 years,3,Female,Sales,No,2023-12-23,Austin
49.0,54831,24 years,9,F,Marketing,Yes,2014-06-17,New York
37.0,56376,10 years,3,Female,,Yes,,New York
59.0,54535,34 years,4,,Engineering,,2022-10-14,Austin
34.0,47118,10 years,9,Female,Marketing,Y,2010-03-22,
24.0,49473,3 years,6,Female,Marketing,No,2017-08-22,New York
46.0,48000,26 years,5,M,HR,Yes,2021-12-25,New York
24.0,25000,1 years,8,Male,,Yes,2013-10-13,Seattle
41.0,74856,21 years,4,F,,Y,,New York
36.0,56492,14 years,1,Male,Marketing,Yes,2017-07-02,New York
49.0,73283,27 years,7,Male,Marketing,No,,Seattle
41.0,53310,17 years,6,F,HR,N,2019-05-23,Austin
,25197,6 years,5,Female,,No,2011-05-12,New York
24.0,40878,5 years,1,M,,,2019-12-02,Austin
18.0,36539,0 years,1,,HR,N,,Seattle
29.0,55439,9 years,10,,Engineering,Y,2016-12-27,Boston
36.0,65510,14 years,3,Female,HR,Yes,2023-10-29,New York
27.0,31170,5 years,4,M,Sales,No,2019-11-01,
38.0,59583,15 years,7,,Sales,Y,2022-08-23,Seattle
51.0,44034,28 years,8,,HR,Y,,Seattle
26.0,52076,,9,M,Marketing,,2011-02-03,Boston
33.0,39729,11 years,4,Male,HR,Yes,2013-01-08,New York
22.0,63200,5 years,2,F,Engineering,N,2010-05-27,Austin
38.0,25000,18 years,7,F,Engineering,Y,2021-01-01,
34.0,32419,10 years,2,Male,HR,Y,2010-11-30,Seattle
59.0,60797,37 years,5,Male,HR,Yes,2012-01-15,New York
27.0,25000,6 years,8,M,,Yes,2023-03-29,Austin
35.0,56886,14 years,6,F,Engineering,No,2022-09-24,Austin
20.0,27990,0 years,3,Male,Engineering,N,2020-04-21,Seattle
29.0,27912,2 years,8,Female,HR,Y,2017-04-19,Boston
35.0,42491,15 years,10,Female,Sales,Yes,2021-01-04,
40.0,52367,13 years,10,Male,Marketing,Yes,2012-07-11,New York
45.0,80921,26 years,1,F,Engineering,Y,2014-03-06,Boston
42.0,58539,21 years,2,Female,Engineering,,2012-11-04,
40.0,42062,22 years,3,Female,Engineering,Y,2010-05-16,Boston
36.0,54613,10 years,10,Male,Sales,Yes,2019-04-08,
31.0,29996,8 years,4,Male,Engineering,Yes,2013-09-13,New York
43.0,52980,,2,Male,Engineering,Yes,2017-05-06,Austin
18.0,33756,0 years,7,M,Engineering,Y,,Boston
23.0,35569,0 years,3,Male,Marketing,,2015-07-11,Boston
58.0,71675,35 years,4,,Engineering,N,2010-02-28,Austin
46.0,69257,26 years,10,Male,HR,Yes,2014-06-05,New York
28.0,70467,0 years,10,M,Marketing,Y,2016-02-17,Austin
18.0,29380,0 years,4,,Sales,Y,2015-07-27,New York
46.0,75418,22 years,5,Male,Marketing,Yes,2011-01-21,Seattle
51.0,85059,24 years,9,Female,,,2011-03-03,Boston
28.0,30436,4 years,2,,Engineering,No,2021-06-05,Seattle
45.0,61635,24 years,4,Female,HR,Yes,2011-02-12,Austin
18.0,44292,0 years,3,F,Sales,No,2012-03-24,Seattle
,55189,20 years,9,Female,Engineering,,2016-01-10,Seattle
50.0,61117,28 years,2,F,Engineering,N,2010-04-30,Seattle
39.0,46395,18 years,8,Male,HR,Yes,2021-01-02,Boston
48.0,53837,19 years,6,Female,Marketing,No,2015-09-22,Seattle
31.0,25138,5 years,9,,,Yes,2020-03-05,New York
30.0,59566,6 years,9,Female,Engineering,N,2013-06-15,Austin
22.0,25000,0 years,8,M,Sales,,2016-06-07,Boston
36.0,44459,19 years,6,F,HR,N,2021-04-03,Austin
24.0,51093,1 years,1,,Engineering,N,2021-12-31,New York
47.0,87433,22 years,6,F,Marketing,No,2021-07-13,Boston
37.0,42955,14 years,1,Female,HR,,2016-09-28,
32.0,32701,11 years,1,Female,Sales,Yes,2013-11-03,
38.0,58569,22 years,7,,Engineering,Y,2022-04-14,
41.0,35599,13 years,5,Male,Marketing,Yes,2012-03-14,New York
32.0,43465,13 years,5,M,Engineering,Yes,2011-12-04,Austin
28.0,55249,6 years,8,Female,Sales,Yes,2010-07-06,New York
43.0,77165,15 years,1,Male,,No,2015-06-01,
47.0,37047,24 years,3,Male,,,2022-06-17,Seattle
25.0,56078,0 years,4,M,HR,No,2013-11-18,Boston
28.0,39992,1 years,3,F,Sales,No,2019-07-25,
37.0,44902,15 years,10,Female,Engineering,Yes,2015-12-08,Seattle
35.0,69379,11 years,6,M,,Y,2016-08-09,New York
49.0,52594,31 years,8,Male,Sales,Y,2018-06-08,Austin
26.0,66959,0 years,4,Female,Marketing,No,2015-08-24,New York
25.0,44660,3 years,8,,Sales,Y,2016-09-11,Seattle
32.0,47513,9 years,3,M,Marketing,No,2019-09-25,New York
44.0,66809,18 years,10,Male,HR,,2013-11-08,Seattle
43.0,55269,21 years,1,,Sales,No,2021-04-20,New York
45.0,38363,23 years,4,Female,Engineering,Y,2023-06-17,
44.0,54389,20 years,3,,Marketing,Yes,2023-08-21,Boston
46.0,59987,22 years,9,F,Sales,Y,2014-02-22,New York
60.0,68735,40 years,9,M,Engineering,Y,2013-08-31,
25.0,26134,4 years,5,M,HR,N,2019-08-14,Seattle
,33646,0 years,2,F,Sales,Yes,2021-01-16,Seattle
36.0,33140,,5,,Marketing,Yes,2018-04-08,Austin
39.0,44830,26 years,4,Female,Marketing,Yes,2014-11-20,Seattle
50.0,62756,25 years,5,Male,Engineering,Y,2021-01-10,Seattle
38.0,54824,15 years,6,Female,HR,Yes,2018-12-31,Austin
21.0,25000,0 years,3,Female,,Yes,2018-03-16,
23.0,25457,0 years,8,,HR,N,2017-01-07,
51.0,60709,30 years,9,F,Marketing,No,2022-05-17,Seattle
30.0,25000,3 years,8,F,HR,No,2018-10-10,Austin
29.0,41273,5 years,2,Male,HR,,2012-08-07,
26.0,25304,3 years,1,Male,Sales,Yes,2020-12-22,New York
45.0,61919,20 years,9,F,Engineering,Y,2017-05-29,Boston
29.0,40821,3 years,7,F,,Y,2021-09-22,Seattle
39.0,72348,19 years,1,M,Engineering,,2017-12-12,Austin
33.0,54949,14 years,9,,Engineering,Y,2020-03-31,Austin
42.0,55540,,10,M,Engineering,Yes,2022-01-10,Boston
34.0,73457,9 years,9,Female,HR,No,2011-09-10,Austin
46.0,55882,22 years,3,Female,,,2014-03-27,New York
19.0,33297,1 years,4,,Engineering,No,,Austin
36.0,33604,14 years,2,Male,Engineering,Y,2013-12-24,Seattle
45.0,44493,23 years,5,,Engineering,No,,Seattle
21.0,33646,0 years,2,M,,Yes,2011-07-03,Seattle
54.0,54767,35 years,2,Male,Sales,,,New York
26.0,42732,6 years,2,Male,HR,No,2014-04-14,
37.0,37184,17 years,5,M,Sales,No,2016-09-10,
29.0,38259,7 years,6,F,Marketing,,2013-09-24,Seattle
39.0,57121,16 years,7,M,Sales,,2014-10-18,New York
38.0,65365,19 years,7,F,Marketing,Yes,2010-11-21,New York
35.0,32138,13 years,5,,,N,2010-03-18,Seattle
36.0,51216,12 years,5,,Marketing,No,2010-05-22,Austin
23.0,26553,0 years,9,Female,Marketing,No,2016-03-28,Austin
34.0,38970,11 years,8,Male,HR,,2014-03-23,
35.0,69638,10 years,2,,Engineering,N,,Austin
52.0,83343,28 years,9,Female,Sales,N,,Austin
44.0,63604,24 years,5,F,,Y,2012-06-06,
33.0,35937,9 years,7,,Engineering,Yes,2023-05-30,Seattle
52.0,53134,28 years,6,Female,Sales,Yes,2014-12-24,Austin
54.0,56016,30 years,7,Female,HR,No,2021-07-23,
32.0,33194,12 years,4,Male,Sales,N,2012-02-25,
35.0,64335,12 years,9,Male,HR,Y,2023-05-27,
42.0,27663,24 years,6,Male,,,,New York
34.0,40073,11 years,8,Female,Engineering,No,2018-12-05,New York
49.0,84441,25 years,1,Male,HR,Yes,2023-08-13,Seattle
33.0,45508,7 years,10,F,Engineering,Y,2019-02-25,New York
20.0,42881,0 years,2,,HR,No,2012-06-19,New York
34.0,36926,16 years,9,Male,Engineering,Y,2022-09-29,Austin
35.0,41576,10 years,6,F,Sales,Yes,2013-03-14,Seattle
46.0,70984,26 years,1,,Sales,No,2019-03-24,Boston
18.0,25000,0 years,9,,,,2012-02-12,Austin
46.0,68090,25 years,4,,Engineering,No,2014-06-13,Austin
36.0,36462,16 years,8,F,Marketing,Y,2023-07-21,Boston
52.0,78982,31 years,1,F,,,2013-03-13,Austin
26.0,52827,6 years,9,Male,,Yes,2021-05-28,New York
44.0,77173,,2,Female,Marketing,Yes,2012-01-01,Seattle
40.0,63791,15 years,6,,,,2022-04-20,Austin
62.0,93384,33 years,10,F,Marketing,Y,2022-06-11,
38.0,75265,15 years,9,M,HR,Yes,2021-01-13,Seattle
53.0,73815,32 years,6,M,Marketing,No,2010-08-19,Seattle
39.0,54924,14 years,4,,Sales,,2023-08-27,New York
40.0,69643,22 years,4,Female,HR,Yes,2016-12-20,Seattle
20.0,25000,0 years,10,Female,Sales,Y,2011-10-04,
25.0,25000,5 years,3,Male,,Y,2016-09-26,
40.0,71745,15 years,3,M,HR,,2015-03-29,New York
30.0,70020,4 years,2,Male,Sales,No,2012-12-28,
27.0,28443,0 years,9,,Engineering,No,2013-09-22,Austin
35.0,38159,7 years,6,Female,HR,Yes,2021-03-18,Boston
,30790,5 years,5,Male,HR,Y,2021-07-30,New York
28.0,67434,1 years,7,,,Yes,2023-10-13,Seattle
31.0,26317,10 years,7,Male,HR,Yes,2022-01-14,Boston
37.0,35927,13 years,2,F,Engineering,Yes,2022-07-18,New York
37.0,53196,14 years,10,M,Engineering,,2017-07-24,
44.0,56593,23 years,3,,Sales,No,2011-12-03,Seattle
31.0,38458,9 years,5,F,Sales,,,Seattle
31.0,59041,12 years,5,Female,,,2012-03-17,New York
32.0,55876,11 years,3,Female,,Yes,2012-06-27,Seattle
,54818,15 years,3,,HR,No,2014-12-10,Boston
46.0,32030,25 years,5,M,Marketing,,2022-12-12,Austin
29.0,31787,3 years,7,,HR,N,2020-02-24,Austin
58.0,68531,32 years,6,Female,Marketing,,2017-06-06,New York
30.0,42003,7 years,7,Male,,No,2010-09-18,
32.0,49893,14 years,5,,,No,2012-06-21,Austin
28.0,31668,2 years,8,,Engineering,,2023-05-28,Austin
55.0,61603,36 years,2,F,,,2010-04-14,
31.0,55744,3 years,2,F,Engineering,Yes,2019-09-22,Seattle
24.0,25000,0 years,1,F,HR,,2015-01-11,Seattle
42.0,55195,22 years,2,Female,Engineering,Y,2010-11-07,Seattle
29.0,76082,10 years,3,Male,,,,
31.0,42892,5 years,2,Female,Engineering,Yes,2010-03-29,Boston
34.0,51604,13 years,7,Female,HR,No,2013-06-06,Boston
22.0,25000,0 years,4,Male,Engineering,Yes,2010-08-20,Austin
39.0,53704,15 years,3,Male,HR,No,2018-09-07,
50.0,64003,26 years,7,M,Marketing,Y,2019-05-03,
37.0,28924,14 years,8,,Engineering,,2016-10-29,Boston
35.0,38584,15 years,7,,HR,No,2011-07-18,Seattle
36.0,53985,14 years,3,M,Engineering,Y,2013-10-21,Austin
35.0,51782,,9,Female,HR,Yes,2023-05-27,Seattle
38.0,25000,16 years,10,F,Marketing,,2011-03-27,New York
35.0,44741,12 years,3,,Sales,Y,2020-04-06,Seattle
42.0,38051,20 years,7,Male,Engineering,N,2019-07-18,
22.0,26669,4 years,9,Female,Marketing,Yes,2011-12-14,Boston
54.0,90357,29 years,2,,Sales,Yes,2021-01-24,Seattle
34.0,25000,11 years,3,Female,Sales,No,2016-02-01,Austin
36.0,43786,15 years,6,Male,Sales,Y,2022-12-02,Seattle
33.0,58406,8 years,5,Female,Sales,,2015-03-09,New York
48.0,87481,25 years,9,,Marketing,N,2022-09-08,Boston
42.0,76812,18 years,8,,,N,2019-08-19,Boston
40.0,41412,17 years,5,Male,,N,2022-11-01,Seattle
32.0,25000,15 years,1,Male,Marketing,,2021-09-20,
49.0,45155,28 years,4,Male,Sales,N,2013-08-27,
49.0,38762,25 years,6,Male,Sales,Yes,2010-09-27,New York
18.0,50144,0 years,5,Female,HR,Yes,,Boston
39.0,41175,16 years,2,Female,HR,Y,2021-02-25,Boston
30.0,40208,8 years,3,Male,Engineering,Yes,2020-07-13,Seattle
26.0,40204,5 years,7,M,HR,Y,2016-12-06,New York
18.0,25000,0 years,6,M,HR,Yes,2021-07-06,Boston
32.0,25000,11 years,1,,Sales,,2014-07-26,Seattle
34.0,48414,21 years,4,F,Marketing,Y,2020-02-13,New York
27.0,34699,8 years,4,M,Engineering,Yes,2023-12-24,Boston
30.0,67170,7 years,2,M,Sales,No,2015-11-13,Seattle
23.0,28894,3 years,10,F,,Yes,2017-11-16,Austin
47.0,63698,23 years,10,M,Sales,,,Austin
40.0,48864,18 years,6,F,Engineering,Yes,2016-10-11,Boston
47.0,82270,23 years,3,Female,Sales,No,2018-07-14,
35.0,72239,14 years,9,Male,HR,Y,2020-07-01,New York
38.0,60141,16 years,7,Male,HR,Y,,Boston
42.0,68916,21 years,1,Male,Marketing,Yes,2020-10-29,Seattle
47.0,62695,29 years,10,,Engineering,No,2021-05-14,Seattle
36.0,50378,13 years,1,M,Engineering,,,New York
39.0,55223,19 years,7,,HR,Yes,2012-08-19,Seattle
35.0,45961,10 years,8,Male,Sales,,2016-12-31,
37.0,44663,15 years,6,Female,Sales,Y,2019-12-15,
18.0,59942,0 years,10,Male,Marketing,N,2012-11-08,Seattle
,69024,25 years,5,,Marketing,Yes,2018-07-03,New York
36.0,44055,11 years,1,F,Marketing,Yes,2010-09-11,Austin
36.0,35562,17 years,5,Female,Marketing,Yes,2014-09-16,Boston
36.0,48396,17 years,7,F,Marketing,,2018-06-05,
40.0,40788,18 years,10,M,Engineering,Y,2020-05-18,New York
38.0,75051,13 years,10,M,HR,Yes,2021-05-07,Boston
30.0,54416,6 years,10,Female,Engineering,N,2013-09-12,Seattle
32.0,27693,14 years,10,Female,,N,2017-04-18,
40.0,41601,13 years,9,Female,Engineering,No,2012-09-10,Boston
48.0,46999,27 years,10,,,N,2016-05-13,Austin
34.0,49409,17 years,4,Female,,Yes,2023-08-21,Boston
41.0,50349,20 years,9,Male,HR,Yes,2023-10-02,New York
41.0,71263,17 years,2,M,Marketing,,2016-09-18,
35.0,25000,12 years,3,M,,,2021-10-29,
31.0,38128,6 years,3,Male,Sales,Yes,2018-11-24,
27.0,58057,10 years,1,Female,,Yes,2010-10-30,Seattle
34.0,25000,14 years,2,Male,Engineering,Yes,2020-03-23,Seattle
31.0,57910,6 years,4,Female,Marketing,,2018-06-03,Austin
23.0,34649,4 years,3,M,,N,2020-03-30,New York
45.0,58932,18 years,4,Female,HR,N,2019-02-12,Seattle
30.0,66541,10 years,3,M,Sales,Y,2022-12-16,Boston
30.0,31731,5 years,5,Male,Engineering,Yes,2014-04-08,Austin
35.0,36854,13 years,3,F,Engineering,Y,,Austin
31.0,30942,13 years,7,Female,Engineering,Yes,2022-11-17,Seattle
34.0,51136,13 years,1,Male,Sales,Yes,2015-07-19,New York
40.0,57705,18 years,3,Male,,Yes,2015-02-12,
24.0,25000,8 years,8,F,,Yes,2017-07-31,Boston
39.0,58924,16 years,3,M,HR,No,2023-11-29,
27.0,29594,9 years,1,,HR,Yes,2022-09-11,Austin
28.0,45201,2 years,6,,Engineering,Y,2020-07-03,Boston
28.0,50316,3 years,8,Female,Marketing,,2010-12-11,
23.0,58287,8 years,9,F,HR,Yes,2018-05-15,Austin
36.0,44452,15 years,10,,Engineering,No,2014-09-29,New York
43.0,64728,20 years,5,M,HR,Y,2011-06-07,
27.0,52631,5 years,5,M,Marketing,Y,2021-07-16,Boston
47.0,46502,22 years,2,,HR,Yes,2019-08-29,
34.0,41567,,2,Female,Marketing,Yes,2021-01-13,
37.0,53416,16 years,6,Male,HR,,2016-01-14,Seattle
29.0,51998,3 years,10,Female,Sales,No,2017-08-10,Seattle
23.0,26971,0 years,1,F,,Yes,2012-01-18,New York
33.0,25000,14 years,8,,Marketing,Y,2018-12-06,Boston
34.0,41425,15 years,2,M,,Yes,,Austin
40.0,59929,18 years,8,Female,Engineering,,2011-09-10,Seattle
48.0,25000,24 years,6,F,Sales,Yes,2023-11-21,Seattle
29.0,29801,3 years,1,Female,Engineering,,2013-05-19,
35.0,41138,12 years,5,Male,,Yes,2015-07-21,Seattle
42.0,76809,24 years,4,,,No,2016-01-17,New York
20.0,34927,0 years,4,,Sales,Y,2022-04-16,Austin
51.0,67273,29 years,3,Female,,Y,,New York
23.0,48639,2 years,4,F,Engineering,,2022-05-04,
38.0,56233,18 years,5,,,,,Boston
18.0,55496,0 years,4,F,Marketing,Yes,2020-08-03,Seattle
36.0,26140,19 years,7,M,,Yes,2022-12-07,Austin
24.0,35210,5 years,4,Female,HR,Y,2017-04-04,
29.0,25000,6 years,4,F,,Yes,2010-07-14,
37.0,61653,15 years,8,Male,Engineering,,,
36.0,69001,13 years,3,M,Engineering,,2019-06-23,
56.0,91705,37 years,4,Female,Marketing,No,2021-04-12,New York
42.0,62233,15 years,6,Female,,No,2013-01-24,Seattle
41.0,70223,20 years,10,M,Marketing,,2021-12-27,
38.0,48192,13 years,1,Female,Sales,No,2020-06-08,Boston
37.0,44549,11 years,9,Male,Engineering,Y,,Boston
43.0,55953,14 years,6,,,No,2017-09-21,New York
29.0,68157,5 years,3,Male,Sales,,2012-07-27,Seattle
24.0,26623,4 years,10,F,Marketing,Y,2018-10-25,Seattle
21.0,25000,0 years,1,Female,HR,Yes,,New York
26.0,40051,5 years,7,Male,Marketing,Y,2010-09-16,Boston
31.0,40641,7 years,10,Female,Marketing,Yes,2013-08-05,Boston
34.0,50902,8 years,7,Male,,No,2010-02-17,Seattle
25.0,52703,0 years,1,Female,Sales,Y,2014-11-17,Austin
32.0,55790,10 years,10,F,Engineering,,2022-12-03,New York
42.0,49101,24 years,6,M,Marketing,,,Boston
28.0,43222,1 years,7,Female,Engineering,,2014-07-15,
25.0,25000,6 years,3,Female,Sales,Yes,2012-06-14,Seattle
40.0,61076,19 years,8,M,Marketing,N,2019-01-11,New York
47.0,49876,22 years,4,Female,Marketing,,,New York
57.0,82576,32 years,5,,Sales,Yes,2016-02-27,Seattle
33.0,45264,17 years,10,Male,,Yes,2015-12-25,Seattle
25.0,27067,1 years,10,,,Y,2019-05-08,Austin
26.0,25000,6 years,3,Female,Marketing,Yes,2015-08-31,
31.0,26137,7 years,9,Male,,Y,2019-12-18,Boston
29.0,58414,3 years,1,,Engineering,Y,2018-05-13,Austin
38.0,51869,14 years,9,Male,HR,N,2013-05-02,New York
53.0,55646,33 years,6,,Marketing,,2022-11-17,
41.0,50876,21 years,6,Female,,Yes,2018-07-22,
24.0,26510,4 years,8,Female,,Y,2022-02-10,
20.0,29298,0 years,10,,Engineering,N,2022-05-09,New York
44.0,60050,21 years,9,M,Sales,No,2020-09-02,Boston
54.0,82609,33 years,9,M,Marketing,N,2018-09-15,Boston
32.0,49911,11 years,8,F,HR,Y,,Boston
39.0,53889,16 years,4,Female,Sales,Y,2016-03-13,New York
43.0,58398,19 years,4,Female,Engineering,No,2011-04-15,Seattle
35.0,67230,11 years,7,,Sales,Yes,2016-08-27,New York
28.0,25000,5 years,8,,,Yes,2023-08-09,Austin
29.0,68066,6 years,9,M,Engineering,Y,2022-03-29,Seattle
28.0,43472,9 years,10,,Marketing,Yes,2014-03-25,Boston
33.0,59478,11 years,4,F,HR,No,2010-07-06,Austin
31.0,42089,9 years,8,Female,Marketing,Y,2018-07-25,New York
43.0,49011,15 years,5,Male,HR,Yes,2021-06-29,Boston
44.0,46916,23 years,3,,Engineering,Yes,2012-10-11,Seattle
24.0,54140,0 years,10,Male,,No,2017-11-16,Boston
31.0,55530,13 years,2,M,,Yes,2014-10-08,New York
31.0,37830,11 years,10,Female,,,2016-07-31,Seattle
32.0,25000,7 years,3,,Marketing,Y,2022-11-24,Boston
18.0,25000,0 years,5,Male,Marketing,Yes,,
29.0,65239,12 years,10,,Sales,Yes,2019-01-18,
50.0,26258,29 years,3,Male,Engineering,No,2022-05-13,New York
39.0,25807,18 years,8,Male,HR,,2020-03-14,Seattle
38.0,36169,14 years,5,F,HR,Yes,2023-02-26,Austin
22.0,40750,3 years,5,Male,,No,2020-06-05,
24.0,25000,0 years,2,Female,Sales,Yes,2012-03-30,Boston
42.0,61177,15 years,6,F,,Yes,2018-02-27,
48.0,47393,28 years,2,,Sales,Yes,2010-06-13,Seattle
35.0,39668,13 years,3,M,HR,Y,2016-03-11,Seattle
44.0,38349,21 years,1,F,Engineering,Y,2016-09-17,
53.0,60213,30 years,5,Male,Marketing,No,2022-04-18,Boston
35.0,50793,11 years,3,Female,,Y,2020-12-30,
26.0,48340,4 years,6,Male,Marketing,,2021-07-14,New York
27.0,55505,2 years,5,M,HR,Yes,2020-02-08,
28.0,25000,11 years,10,Female,,Y,2022-09-24,
36.0,78755,14 years,4,Male,Marketing,,2012-04-14,Seattle
45.0,44484,22 years,7,,,Yes,2012-08-08,Seattle
41.0,53860,26 years,3,Male,HR,,2021-03-23,Seattle
37.0,57197,,6,Female,Engineering,Yes,2022-09-08,New York
41.0,54548,17 years,10,M,HR,No,2023-04-19,New York
28.0,46603,2 years,5,Male,Marketing,No,2022-12-20,New York
40.0,70021,22 years,1,F,Sales,Y,2020-08-11,Seattle
32.0,61863,8 years,2,M,Sales,,2021-03-02,Seattle
45.0,34273,26 years,6,Female,Marketing,No,2022-01-20,Austin
27.0,67317,4 years,8,M,Marketing,Y,2013-03-19,Boston
19.0,31060,,6,Female,HR,Y,2023-02-03,Boston
28.0,57428,9 years,4,M,Sales,Yes,2014-01-11,
37.0,55684,17 years,10,,Engineering,,2012-10-04,Seattle
32.0,55845,7 years,10,Female,Marketing,,2020-03-08,New York
38.0,34599,18 years,1,M,Marketing,Yes,2023-01-30,Boston
44.0,73418,20 years,3,Female,Marketing,Yes,2013-04-03,Austin
24.0,33319,1 years,6,Female,,Yes,2016-10-25,Austin
27.0,39111,,9,Male,Engineering,Y,2022-01-10,Seattle
44.0,63836,22 years,3,F,Marketing,No,2021-04-03,Boston
34.0,25028,7 years,3,Female,Engineering,,2016-04-14,New York
29.0,67720,10 years,4,M,Engineering,No,2010-03-20,Seattle
56.0,54265,35 years,4,Female,Engineering,No,2017-02-19,Seattle
44.0,46471,23 years,8,M,Marketing,Yes,2012-06-27,Boston
18.0,45427,0 years,7,Female,Marketing,Yes,2013-03-28,Seattle
28.0,30285,8 years,2,,HR,,2017-11-28,
25.0,25000,0 years,5,Female,HR,No,,
35.0,46924,12 years,1,Female,Sales,No,2016-10-10,Boston
41.0,56415,19 years,5,F,,Yes,2020-03-08,Boston
34.0,46492,13 years,6,Female,HR,No,2016-10-08,Boston
44.0,68392,20 years,6,Male,Sales,Yes,2017-01-28,New York
29.0,63906,7 years,5,F,HR,,2010-03-14,
33.0,36174,5 years,2,Female,HR,No,2023-04-27,Austin
37.0,54655,14 years,10,,Marketing,No,2012-01-13,Seattle
33.0,25000,21 years,2,,Marketing,Yes,2021-12-30,Austin
18.0,41468,0 years,2,M,HR,Y,2013-11-12,New York
40.0,43922,18 years,4,Male,Marketing,Yes,2014-10-17,Seattle
45.0,60394,,6,Male,HR,Yes,2017-01-17,Boston
24.0,39015,5 years,8,M,,N,2010-01-02,Austin
23.0,42909,2 years,4,F,,Y,2014-01-12,Seattle
46.0,45750,,5,M,,Yes,2021-11-30,
34.0,44529,14 years,2,M,HR,Yes,2018-12-29,
42.0,34359,25 years,7,F,,Y,2023-07-04,New York
35.0,53900,7 years,9,,Engineering,Yes,2021-09-28,
32.0,25000,10 years,2,M,Engineering,Y,2019-09-30,Boston
33.0,25000,14 years,7,M,Engineering,Yes,2017-02-04,Boston
31.0,33583,7 years,9,Male,HR,No,2011-11-06,Seattle
39.0,56517,16 years,10,F,Sales,Yes,2022-04-18,Boston
27.0,61153,6 years,10,Female,Sales,Y,2021-03-30,Seattle
30.0,30027,3 years,4,M,Marketing,Yes,2019-07-22,Boston
29.0,64075,11 years,2,M,Engineering,Y,,Austin
20.0,48314,,8,,Engineering,No,2019-05-12,
63.0,74826,40 years,1,,Engineering,N,2014-04-05,
23.0,30594,0 years,3,,Engineering,No,2018-11-19,Seattle
18.0,32582,0 years,8,,Sales,Y,2010-01-02,
41.0,51503,17 years,1,,Engineering,,2011-04-02,
32.0,46474,15 years,3,,,,,Seattle
39.0,33307,12 years,5,Female,Marketing,Yes,2023-06-20,
28.0,25000,10 years,9,Female,Sales,N,2015-05-30,New York
34.0,63444,12 years,9,Male,Engineering,,,Austin
38.0,35797,14 years,2,Male,Engineering,Yes,2020-08-23,New York
34.0,75138,9 years,1,,HR,No,2014-05-27,Seattle
25.0,42018,0 years,5,M,Sales,Yes,,Boston
30.0,50423,10 years,9,Female,Engineering,Yes,2022-04-01,Seattle
48.0,37243,29 years,10,Male,HR,No,2010-07-22,
45.0,53872,21 years,6,,HR,Y,2010-04-26,Austin
29.0,66140,9 years,7,,Engineering,Yes,2016-10-05,New York
60.0,71932,32 years,7,M,Marketing,Y,2011-08-16,Austin
18.0,25000,0 years,10,,Marketing,N,,Boston
26.0,26407,4 years,2,Female,HR,No,2018-12-06,Boston
26.0,67588,3 years,7,Male,Engineering,Y,2015-03-23,Boston
27.0,25000,3 years,10,Female,Sales,Yes,2014-06-11,
40.0,78451,19 years,1,Male,HR,Yes,2018-06-10,
45.0,54933,25 years,7,,Sales,Yes,2011-03-20,
35.0,34196,19 years,8,,Marketing,No,2019-11-05,
24.0,60114,0 years,10,,HR,No,2019-07-03,Austin
28.0,51447,10 years,1,Female,Marketing,N,,Boston
49.0,56017,24 years,2,Male,,Yes,2022-10-16,
53.0,72417,29 years,6,F,Sales,Yes,,
36.0,62182,18 years,9,Male,Engineering,Y,2018-02-12,New York
38.0,43379,14 years,4,Female,Marketing,No,2017-03-02,
30.0,46930,8 years,2,F,Sales,N,2018-05-29,New York
22.0,57357,0 years,3,Female,Sales,No,2012-03-27,New York
26.0,36177,2 years,6,,HR,,2020-08-10,New York
19.0,25000,0 years,7,,HR,N,2020-03-02,Seattle
18.0,25000,0 years,2,,Marketing,Yes,2011-03-22,New York
41.0,68678,17 years,3,F,Engineering,,2016-11-07,New York
31.0,49919,10 years,7,Female,Engineering,Yes,,Austin
40.0,77514,17 years,3,Female,HR,Yes,2015-01-22,
27.0,51985,5 years,3,Male,Engineering,No,2022-05-24,Austin
49.0,61056,33 years,10,Male,HR,No,2019-02-16,Boston
27.0,25000,4 years,8,Female,Sales,Yes,,Austin
33.0,54341,15 years,7,F,Engineering,N,,Seattle
55.0,77302,37 years,10,M,Sales,Y,2020-11-06,Boston
50.0,70478,30 years,10,Female,Marketing,,,Austin
39.0,77271,12 years,2,Female,,Yes,2010-08-27,
33.0,66508,14 years,2,Female,Sales,Yes,2014-11-15,Boston
21.0,53552,0 years,3,F,Marketing,No,2013-08-05,Seattle
35.0,69809,16 years,3,Male,Sales,Yes,2022-02-10,Austin
42.0,63451,21 years,10,M,HR,No,2014-10-13,Austin
19.0,39169,0 years,3,M,HR,No,2011-12-15,Seattle
44.0,65430,24 years,9,Male,Sales,,2017-08-11,
40.0,94362,17 years,2,F,HR,N,2018-07-18,Boston
33.0,38238,12 years,9,Female,Sales,Yes,2022-08-09,Boston
25.0,39791,3 years,5,F,,Yes,2022-01-27,Seattle
43.0,48987,23 years,9,Male,Marketing,Y,2018-10-09,Boston
28.0,46789,7 years,5,Female,Engineering,Yes,2019-09-23,Austin
26.0,32247,4 years,6,Female,,Y,2011-02-19,Seattle
53.0,61982,30 years,2,,Sales,,2023-08-06,Austin
20.0,25000,0 years,4,,Engineering,,2021-09-15,Austin
37.0,66352,11 years,1,,Engineering,,2019-09-01,New York
45.0,70791,29 years,2,Male,Engineering,Y,2023-02-06,New York
29.0,82231,7 years,4,Female,Engineering,Yes,2017-09-01,Seattle
40.0,47123,18 years,10,Male,,N,2023-11-02,New York
,26414,7 years,2,Male,Marketing,Y,2013-10-06,Boston
38.0,44013,18 years,10,M,Engineering,Y,2022-05-06,Seattle
40.0,58435,11 years,2,,Engineering,Y,2021-07-25,
34.0,51510,11 years,7,Male,Marketing,,2023-05-25,Boston
38.0,50794,15 years,5,Male,HR,Yes,2011-06-20,Austin
26.0,39523,0 years,5,Female,HR,,2011-08-12,
46.0,59319,24 years,6,F,HR,,2019-06-11,Boston
25.0,25000,0 years,7,F,,Yes,2022-12-18,
40.0,33511,17 years,6,Male,HR,Yes,2019-02-27,Seattle
32.0,52440,8 years,6,M,Marketing,Yes,2015-05-11,New York
37.0,63078,17 years,4,Male,Sales,Y,2010-08-09,Austin
42.0,79288,20 years,7,M,Engineering,,2022-07-04,Seattle
42.0,59790,16 years,8,Female,Marketing,Yes,2018-01-18,New York
34.0,27071,11 years,2,,Marketing,Yes,2010-06-04,New York
35.0,49220,,6,Male,Sales,N,2012-05-15,
42.0,42464,21 years,3,Male,,Y,2012-04-08,
45.0,37576,20 years,4,Male,Engineering,No,2018-01-02,
45.0,70617,20 years,6,,Sales,Yes,2018-01-19,
25.0,54362,0 years,4,Female,,,2021-01-30,Austin
28.0,25000,6 years,4,Female,HR,Y,,
19.0,46582,0 years,6,Male,Sales,Y,,New York
39.0,61903,13 years,10,Male,Engineering,No,2018-12-28,New York
47.0,59828,23 years,4,F,Sales,Y,,Austin
23.0,25035,2 years,7,M,HR,Y,2021-02-13,Seattle
33.0,30483,10 years,2,Female,Sales,No,2015-05-27,Boston
26.0,48427,3 years,10,,Sales,,2021-05-03,Seattle
22.0,25000,4 years,7,M,,Yes,2017-06-13,Seattle
49.0,51552,24 years,5,Male,Engineering,Y,2022-05-03,New York
34.0,53538,12 years,1,M,Marketing,,,Seattle
27.0,25000,2 years,5,Male,Marketing,,2021-06-23,
40.0,51085,23 years,10,Male,Sales,,2014-11-26,
21.0,25000,0 years,4,Male,Sales,No,2011-02-14,
53.0,54644,25 years,9,M,Sales,Yes,2022-11-21,New York
41.0,61826,18 years,3,M,Engineering,Yes,2020-11-14,Austin
56.0,66592,37 years,4,M,HR,,,Seattle
39.0,38371,14 years,4,Female,Marketing,,2012-06-02,Austin
33.0,34111,9 years,6,F,HR,Yes,2018-11-09,
39.0,25000,17 years,9,Male,Marketing,Yes,2020-03-07,
33.0,34875,13 years,8,Female,Engineering,,2010-06-29,New York
45.0,25000,27 years,8,F,Sales,No,2022-08-04,
62.0,64924,40 years,1,,HR,No,2017-09-15,New York
28.0,29178,8 years,6,F,Sales,No,2019-03-27,Seattle
20.0,38847,0 years,10,F,Sales,Yes,2020-07-13,
42.0,58397,21 years,1,,HR,Yes,2023-01-09,Boston
46.0,64695,20 years,2,F,HR,,2010-09-08,Seattle
27.0,25000,4 years,5,Female,HR,No,2020-12-23,Boston
21.0,31446,0 years,1,Female,HR,Yes,,Austin
35.0,25000,11 years,5,Female,HR,Y,2011-12-23,Boston
31.0,49525,9 years,10,Female,Sales,Yes,2017-03-11,
42.0,54617,22 years,4,Male,Sales,Y,2019-11-20,Boston
33.0,41503,8 years,7,Male,HR,Yes,2018-10-27,Austin
39.0,54863,16 years,4,,Sales,Yes,2017-09-04,Seattle
31.0,70259,5 years,9,M,Sales,Yes,2014-03-20,Seattle
60.0,67650,40 years,7,,Engineering,Yes,,Austin
20.0,30809,0 years,2,Male,HR,No,2010-05-30,Austin
38.0,53536,13 years,10,Male,Marketing,N,2017-09-02,
36.0,57800,10 years,8,,Engineering,Yes,2017-09-30,Austin
25.0,37308,0 years,4,M,HR,No,2017-03-21,
43.0,69527,19 years,3,F,Marketing,Y,2013-03-15,New York
31.0,48944,6 years,10,Male,Sales,Yes,2018-07-01,Seattle
19.0,58308,0 years,3,Female,HR,Y,2016-04-08,
37.0,38359,,9,Male,Marketing,Yes,2023-08-14,
27.0,25000,8 years,2,M,Engineering,Yes,2022-10-31,Boston
34.0,33853,14 years,8,Female,Marketing,,,New York
35.0,35844,8 years,10,Female,Marketing,Y,,New York
49.0,60307,27 years,7,F,Engineering,Y,2017-12-09,Austin
45.0,48177,24 years,5,Female,Engineering,N,,Austin
47.0,58431,31 years,5,Male,Marketing,Yes,2021-03-10,Seattle
20.0,25000,,6,Male,Marketing,Yes,2012-04-03,
39.0,75737,,10,F,Sales,Yes,2018-01-15,New York
34.0,57052,11 years,3,Male,Engineering,Yes,2013-06-27,New York
23.0,33763,2 years,5,Female,HR,Yes,2020-02-24,Seattle
37.0,33172,15 years,2,M,Marketing,Yes,,Boston
38.0,38918,16 years,10,Female,Engineering,,2010-03-08,Austin
33.0,71409,10 years,2,Male,Marketing,Yes,2020-11-24,Boston
31.0,51150,5 years,5,M,,,2016-06-18,Austin
21.0,25000,0 years,5,,HR,No,2012-03-02,Seattle
27.0,41895,3 years,3,,,Yes,2023-06-27,New York
38.0,63097,16 years,2,Male,Engineering,Y,2013-01-18,Boston
29.0,36399,6 years,1,M,Marketing,Y,2013-09-04,Boston
33.0,33398,9 years,8,F,Sales,No,2017-08-17,Boston
32.0,55456,11 years,3,Female,,Y,2013-02-17,
18.0,32806,0 years,4,Male,Sales,Y,2017-01-15,Seattle
53.0,56897,26 years,6,Female,HR,Yes,2011-10-05,Austin
35.0,55699,12 years,8,Female,HR,N,,Boston
52.0,70680,27 years,8,M,,Y,2020-03-19,New York
30.0,25000,5 years,5,,Marketing,,2014-02-02,
38.0,48998,13 years,8,Female,Engineering,No,2022-06-06,Seattle
24.0,37351,,2,,Marketing,,2013-12-02,Seattle
46.0,53493,26 years,5,Male,HR,Y,2018-11-04,Austin
,42502,6 years,5,Female,,Yes,2014-03-16,Boston
33.0,33515,,2,Female,HR,No,2015-09-03,Austin
25.0,47283,0 years,2,Female,HR,N,2020-12-31,Boston
51.0,42506,26 years,5,M,,Y,2023-05-22,Boston
32.0,27670,15 years,8,Female,Marketing,No,2022-06-29,Boston
29.0,45171,7 years,5,M,,Yes,,New York
37.0,37351,9 years,3,Female,HR,N,2016-11-30,New York
32.0,56049,7 years,3,M,Marketing,Yes,2014-01-19,
26.0,30621,0 years,5,M,Engineering,Y,2014-07-11,New York
49.0,68389,,3,,Engineering,Y,,Boston
22.0,25000,0 years,7,F,Marketing,Y,2013-10-29,Austin
46.0,49004,23 years,9,Male,,Yes,2021-10-17,Seattle
41.0,80943,21 years,4,F,HR,Yes,2020-12-25,Austin
33.0,51198,15 years,6,Male,,Y,2018-07-12,Seattle
40.0,25000,22 years,3,Male,,,,
21.0,55804,3 years,5,Female,Sales,Yes,2013-05-02,Seattle
31.0,49039,8 years,4,Female,Sales,Y,2020-02-20,Austin
39.0,57551,16 years,5,Male,HR,,2017-02-02,Austin
39.0,42611,18 years,3,Male,HR,N,2019-09-11,Boston
30.0,25000,8 years,1,F,,Yes,2023-10-23,
34.0,61642,10 years,10,,,Yes,2018-11-14,Austin
22.0,25930,2 years,7,,,Y,2020-07-19,Austin
44.0,42911,19 years,8,F,,Yes,2013-02-24,
19.0,31167,2 years,7,,Engineering,N,,
25.0,33447,1 years,7,F,HR,,2023-10-13,Seattle
23.0,25000,0 years,5,Male,Engineering,,2012-12-26,Austin
37.0,30745,18 years,6,Male,,Y,2019-11-26,Seattle
30.0,49143,15 years,5,M,,N,2013-10-25,
28.0,56630,2 years,3,Male,Sales,Y,,Austin
64.0,78353,,10,M,Marketing,,,New York
18.0,42588,0 years,7,Female,HR,No,,New York
22.0,43677,4 years,8,M,Marketing,Y,2023-04-15,Seattle
31.0,43672,8 years,1,Male,Marketing,No,2023-11-16,Austin
32.0,25000,10 years,10,Female,Marketing,Y,2017-11-06,New York
35.0,55230,15 years,2,Female,Marketing,No,2013-12-21,Austin
32.0,25000,8 years,10,Male,HR,N,2019-06-18,Austin
55.0,49443,30 years,4,F,Engineering,Yes,2014-05-14,Boston
20.0,36162,0 years,1,Female,,Y,,New York
26.0,32978,0 years,4,Female,HR,Y,2015-11-27,Austin
39.0,37241,15 years,9,Male,Marketing,Yes,2018-08-18,
59.0,69252,36 years,6,F,Engineering,Y,2021-12-24,
18.0,25000,0 years,5,Female,,,2020-07-30,New York
40.0,55829,17 years,6,Female,Engineering,Y,2019-03-21,Austin
18.0,25000,0 years,2,Female,HR,N,,New York
21.0,48406,1 years,7,F,Engineering,Y,2010-05-14,New York
34.0,29670,13 years,7,,,Y,,Seattle
37.0,57945,14 years,9,,HR,,2013-02-03,Boston
31.0,40157,8 years,9,,Engineering,,2018-12-28,Boston
35.0,65112,15 years,2,,HR,Yes,,New York
40.0,54495,19 years,3,F,Marketing,Yes,2011-02-27,New York
47.0,68559,23 years,9,F,Engineering,Yes,2011-03-11,Seattle
50.0,71276,29 years,3,F,Sales,,2015-09-28,Austin
20.0,25000,0 years,1,M,Marketing,,2013-02-07,Boston
50.0,61737,28 years,4,Female,Sales,Yes,,Boston
29.0,46492,0 years,6,Female,Sales,Yes,2019-01-03,New York
31.0,30704,10 years,6,Female,Engineering,Yes,2015-09-23,Boston
60.0,56421,32 years,10,F,HR,Yes,2020-08-15,Boston
32.0,56827,10 years,9,Male,Marketing,Yes,2010-01-17,Boston
43.0,65737,24 years,3,Female,,N,2016-07-15,Seattle
21.0,49800,0 years,9,,Engineering,,2013-06-05,Boston
38.0,52306,15 years,6,Male,HR,Yes,2013-04-16,
24.0,43872,0 years,7,,Engineering,Yes,2022-09-21,
55.0,58605,37 years,2,Female,,,2011-02-07,
38.0,58569,22 years,7,,Engineering,Y,2022-04-14,
39.0,51230,17 years,3,F,,Yes,2010-09-18,Austin
44.0,50206,22 years,6,Female,Engineering,N,2022-02-02,Seattle
,50860,13 years,9,Male,,No,2019-08-20,
,48394,5 years,9,,Engineering,Yes,2020-10-04,New York
37.0,51005,13 years,2,Male,,Yes,2023-07-03,New York
26.0,47374,6 years,5,F,Sales,Y,2015-09-07,Austin
23.0,52693,4 years,10,F,HR,Yes,,Boston
45.0,59763,24 years,4,Female,,Y,2020-07-17,Boston
31.0,73044,9 years,7,Male,,Yes,2019-11-28,Austin
22.0,49321,0 years,3,F,HR,Yes,,Austin
18.0,36531,0 years,5,Male,Marketing,Yes,2018-05-09,Boston
36.0,25000,16 years,6,F,Sales,,2022-12-28,Boston
45.0,69706,23 years,1,M,Engineering,Y,2015-08-16,
42.0,40531,,7,M,HR,Yes,2017-07-01,Seattle
31.0,38606,11 years,2,,Sales,Yes,2011-06-11,Seattle
38.0,86613,22 years,1,Male,Engineering,No,2015-02-26,Boston
53.0,39216,25 years,2,Female,Engineering,,2019-06-04,New York
49.0,85184,22 years,6,F,HR,Yes,2017-06-06,Seattle
44.0,66810,19 years,10,Male,,Y,2019-07-06,Boston
36.0,39339,13 years,7,Female,,Yes,2010-08-25,New York
44.0,75737,20 years,8,M,Sales,Yes,2010-12-09,Boston
49.0,60123,27 years,9,,HR,Yes,2019-04-30,Boston
52.0,72993,34 years,10,,Engineering,Y,2019-11-25,Austin
19.0,45069,0 years,8,Male,Sales,Yes,2015-04-16,Austin
39.0,74119,24 years,3,F,HR,No,,Seattle
40.0,58204,21 years,7,Female,Engineering,Y,2023-02-07,Austin
25.0,32429,7 years,10,Female,HR,Y,2018-04-12,New York
24.0,39015,5 years,8,M,,N,2010-01-02,Austin
27.0,28710,4 years,9,M,,Y,2017-04-08,
35.0,38313,16 years,4,F,Marketing,Y,2021-10-05,Austin
25.0,36357,1 years,1,F,Engineering,No,,Boston
30.0,40701,7 years,7,Male,Sales,No,2015-11-11,Austin
37.0,52262,15 years,5,Female,Engineering,,2022-10-30,Boston
36.0,33249,13 years,4,M,Engineering,Y,2012-11-12,New York
41.0,59689,14 years,4,Female,,Y,2015-09-28,Seattle
45.0,52420,20 years,5,Female,Engineering,,2012-07-30,New York
20.0,25332,0 years,9,F,Marketing,No,2012-03-15,Austin
25.0,39023,5 years,6,Female,Sales,Yes,,Austin
33.0,80099,8 years,7,Male,Marketing,Y,2015-02-02,
36.0,32244,9 years,2,Female,HR,N,2011-01-11,Boston
31.0,55659,4 years,9,F,HR,No,2022-10-29,Boston
40.0,68674,18 years,4,M,HR,Y,2012-06-12,
18.0,38802,0 years,4,M,Marketing,,2020-09-01,Boston
19.0,25000,0 years,9,M,Engineering,,,Austin
25.0,58064,0 years,4,,HR,Y,,New York
24.0,25000,1 years,7,,HR,Yes,,Boston
23.0,25000,0 years,9,M,HR,,2014-02-06,New York
44.0,46669,21 years,9,Male,HR,Yes,2017-12-27,Seattle
18.0,25000,0 years,8,Female,,Yes,2018-10-21,
,25000,0 years,2,F,,No,2019-06-28,Boston
58.0,60948,36 years,7,Male,HR,Yes,2011-12-13,Austin
18.0,38840,0 years,1,Male,,No,2022-01-20,Austin
39.0,34132,18 years,6,Male,Marketing,Yes,2014-02-20,Boston
25.0,36392,0 years,9,M,Sales,Y,2015-07-08,Seattle
22.0,25000,0 years,5,,Marketing,,2017-06-09,New York
31.0,92261,,10,F,,N,2014-08-26,Seattle
46.0,58850,22 years,6,Male,Marketing,Yes,2013-09-21,Seattle
28.0,28511,3 years,1,Female,,N,,Seattle
39.0,64043,14 years,6,Female,,No,2011-06-23,Austin
28.0,53992,9 years,10,,HR,Y,,
49.0,58882,29 years,10,Female,Marketing,,2013-07-21,Seattle
42.0,25000,16 years,1,,Marketing,Y,,
51.0,43916,25 years,9,F,Sales,Y,2014-03-15,Seattle
23.0,25000,0 years,3,Female,HR,No,2019-07-02,New York
51.0,80262,34 years,8,Female,HR,,2018-08-18,New York
42.0,51858,15 years,9,Female,,No,2019-02-17,New York
37.0,55032,18 years,8,,,No,2021-08-22,New York
27.0,25000,5 years,3,F,HR,Yes,2011-03-23,Austin
29.0,77275,7 years,2,F,,Y,2013-09-30,New York
29.0,31897,6 years,2,Male,Sales,No,2018-01-23,New York
47.0,75579,20 years,10,,Marketing,No,2021-11-17,
31.0,52083,8 years,2,M,,Y,2021-03-05,Seattle
35.0,41049,11 years,5,Male,HR,Yes,2014-06-16,Boston
29.0,45242,5 years,5,,Marketing,Y,2021-12-19,New York
47.0,48319,23 years,1,,Sales,Y,2010-02-08,Seattle
19.0,51483,2 years,8,Male,HR,Y,2022-01-26,New York
42.0,64370,21 years,1,Male,Sales,,,Austin
60.0,75335,40 years,8,,Marketing,Yes,2010-06-06,Boston
28.0,25000,6 years,6,,Marketing,Y,,Austin
40.0,41644,24 years,4,,,,2017-12-19,Boston
22.0,60659,1 years,6,,HR,No,2020-04-24,Boston
29.0,25000,7 years,6,,HR,No,2012-01-05,New York
24.0,39038,0 years,9,Male,HR,Yes,2013-01-05,
18.0,46861,0 years,9,Male,Engineering,No,2014-12-12,Seattle
18.0,25000,0 years,4,,Engineering,,2015-11-06,Seattle
34.0,68952,12 years,1,Female,Marketing,Yes,2011-06-05,Seattle
32.0,60340,13 years,5,F,Engineering,,2016-06-06,Seattle
38.0,37088,14 years,8,M,HR,Yes,2017-08-06,
32.0,27468,11 years,4,,Marketing,No,,
54.0,45183,24 years,4,F,Sales,Yes,2020-11-10,
46.0,78761,21 years,2,F,Engineering,N,2011-05-16,Seattle
40.0,63000,22 years,5,F,Engineering,,2022-01-31,Boston
48.0,53103,32 years,9,Female,Sales,,2018-11-17,Seattle
35.0,43537,12 years,10,,Marketing,Y,2012-03-03,Austin
25.0,41369,4 years,10,,Engineering,Yes,2017-08-09,Austin
50.0,66674,30 years,7,Male,Engineering,Yes,2018-10-15,Boston
43.0,38694,18 years,6,,Marketing,Yes,2019-04-22,
45.0,55585,25 years,6,Male,,No,2010-03-25,Austin
23.0,47879,3 years,5,Male,Engineering,Yes,2014-05-18,
27.0,39619,5 years,2,M,HR,Yes,2015-11-10,New York
39.0,31493,20 years,5,M,HR,Yes,2018-04-24,Boston
31.0,25000,3 years,1,Male,,No,2013-04-01,New York
35.0,42916,12 years,6,Female,Marketing,N,2011-04-16,Austin
35.0,74274,10 years,7,Male,Marketing,Yes,2010-12-26,
50.0,69332,27 years,8,Male,Sales,No,2020-09-29,Seattle
37.0,69701,14 years,7,,,Yes,2010-10-29,
29.0,50339,8 years,4,M,HR,Y,,New York
40.0,66438,16 years,5,F,Sales,Yes,2022-09-29,Seattle
33.0,48850,17 years,8,,Engineering,No,2018-04-01,Austin
32.0,51349,2 years,4,Male,,Yes,2021-07-27,
34.0,49028,12 years,1,Male,HR,Yes,2017-05-31,Seattle
36.0,26935,10 years,4,Male,Sales,No,2014-11-26,
48.0,38379,30 years,2,Female,Sales,N,2018-03-08,Boston
27.0,39081,5 years,3,F,Sales,Yes,2013-09-06,Austin
28.0,35404,5 years,7,F,Marketing,Yes,,Boston
35.0,54095,13 years,2,,HR,Y,2015-09-28,Seattle
26.0,36292,7 years,1,Female,,Yes,2015-08-04,
39.0,25000,,9,,Sales,Yes,2023-07-13,Austin
31.0,57492,8 years,5,M,,Yes,2020-05-28,Austin
38.0,62780,10 years,4,Male,Sales,,2012-01-23,
27.0,40881,4 years,1,,HR,Yes,2020-02-21,Seattle
33.0,47104,10 years,4,Male,HR,Yes,2010-04-07,Seattle
35.0,49032,16 years,2,,Marketing,No,2012-01-15,
30.0,35786,8 years,1,Female,Marketing,Yes,2014-07-03,New York
25.0,45070,8 years,6,Female,Engineering,No,,Seattle
30.0,54229,8 years,3,Male,,,2015-05-14,
20.0,55684,0 years,6,,Engineering,Yes,2016-05-25,New York
42.0,53286,14 years,2,,,Yes,,
32.0,45098,10 years,2,,Marketing,Yes,2018-08-04,
32.0,57339,11 years,2,Male,HR,N,,
40.0,70428,21 years,7,M,Marketing,No,2014-03-05,Boston
28.0,26020,10 years,10,,HR,Y,2013-03-05,
39.0,48164,16 years,2,Female,Sales,Yes,,Boston
25.0,46342,4 years,6,,Engineering,Yes,2022-12-01,Austin
35.0,63691,9 years,5,Male,Marketing,Yes,2012-07-26,Boston
31.0,40291,7 years,10,,Engineering,Y,2023-05-06,
25.0,62126,5 years,2,,Engineering,No,,Seattle
22.0,52960,0 years,9,Female,Sales,,2013-11-04,New York
25.0,25000,3 years,8,Female,Engineering,Y,2019-04-28,Austin
33.0,69151,9 years,8,Male,HR,,2020-05-31,Boston
42.0,39826,22 years,10,,Engineering,,2012-08-25,Austin
36.0,50126,,2,Female,Engineering,Yes,2010-03-19,
39.0,67248,10 years,3,,HR,Yes,2011-10-09,Boston
50.0,49078,23 years,4,Male,Marketing,No,2016-06-18,Austin
23.0,29058,1 years,5,Male,Engineering,No,2014-08-23,
18.0,32169,0 years,9,Male,Marketing,No,2021-08-28,New York
30.0,28260,11 years,9,Male,,No,2014-07-27,Seattle
29.0,27823,10 years,3,F,Marketing,Yes,2012-08-12,Austin
32.0,44462,13 years,6,M,Engineering,N,2019-06-25,Seattle
38.0,52683,14 years,4,Female,Marketing,Y,2012-10-23,
28.0,52262,2 years,10,M,Engineering,Yes,2016-03-06,
43.0,83513,19 years,4,,HR,Yes,2013-12-07,Austin
48.0,64249,30 years,6,M,,Yes,2022-05-27,Austin
21.0,25000,0 years,2,M,,,,New York
33.0,61302,11 years,3,Male,Engineering,Yes,,Seattle
38.0,57988,20 years,9,Male,Engineering,Yes,2019-09-08,
30.0,31678,10 years,3,F,Marketing,No,2010-04-17,New York
39.0,50900,13 years,10,Female,HR,Yes,2019-04-20,
50.0,56751,25 years,5,Female,Sales,Y,2023-08-29,
38.0,50452,15 years,10,Female,,Yes,2012-03-23,
18.0,25000,0 years,3,F,Marketing,,2023-07-01,Austin
26.0,30567,4 years,2,Male,Marketing,N,2018-01-10,Boston
42.0,57663,22 years,2,Female,Sales,Yes,2016-02-23,Boston
24.0,31992,6 years,2,Male,HR,Yes,2015-06-26,Austin
31.0,77762,11 years,8,M,Sales,Yes,2016-03-05,Austin
33.0,43940,11 years,3,Male,Engineering,Yes,2012-08-25,Boston
43.0,47345,21 years,4,Female,Engineering,,2015-12-12,Austin
43.0,67074,15 years,1,F,Engineering,Y,2014-09-18,Boston
46.0,35387,22 years,8,Male,Sales,Yes,2011-07-21,Austin
35.0,52849,12 years,6,Male,Marketing,Y,2011-05-15,Austin
28.0,47450,9 years,4,Female,Marketing,Yes,2022-09-12,Austin
44.0,71230,,7,F,Marketing,Y,2017-01-28,Boston
,48762,18 years,1,Male,Marketing,Y,2018-02-07,Seattle
40.0,37312,16 years,9,Male,Marketing,,2012-06-22,Austin
31.0,43359,8 years,6,,Engineering,No,2023-04-26,New York
58.0,56355,37 years,9,M,Engineering,Yes,2018-10-31,Seattle
22.0,40780,0 years,7,,Sales,No,2021-05-24,Boston
20.0,30550,0 years,4,F,,,2019-01-17,Austin
32.0,44031,9 years,4,Male,Engineering,,2013-07-08,Boston
18.0,42840,0 years,1,F,Sales,Y,2023-10-16,Seattle
36.0,46914,,1,Female,Marketing,Yes,2020-07-09,Seattle
35.0,66375,15 years,2,Male,HR,Yes,,New York
24.0,60599,3 years,5,Male,Marketing,Yes,2023-05-13,Seattle
31.0,53294,7 years,8,Female,,Yes,2021-04-18,Austin
25.0,57291,3 years,10,Female,HR,N,2014-10-30,Boston
51.0,33789,32 years,7,,Marketing,No,2021-09-28,Seattle
53.0,83547,30 years,1,F,Marketing,Yes,2014-04-27,
36.0,64239,15 years,2,Female,HR,,2021-07-01,Seattle
37.0,32988,15 years,9,,Marketing,,2013-12-16,
39.0,42774,20 years,5,Male,HR,Y,2019-03-07,Boston
51.0,67282,29 years,3,Female,Marketing,Yes,2015-04-24,Seattle
23.0,25000,0 years,6,F,Sales,Y,2014-12-18,Seattle
30.0,38898,2 years,8,Female,Marketing,No,2012-11-16,New York
33.0,55577,4 years,1,Male,Marketing,Y,2020-07-09,Austin
35.0,65421,16 years,9,M,Marketing,Yes,2019-11-07,Austin
44.0,31044,25 years,6,Female,,No,2011-09-03,Seattle
23.0,26743,0 years,1,F,Marketing,Y,2019-03-27,New York
27.0,28839,7 years,4,Male,,Y,2019-04-29,Austin
52.0,68827,28 years,1,Female,Engineering,No,2012-02-25,Boston
31.0,36428,7 years,6,M,Engineering,Y,2021-09-25,
64.0,53397,,5,Female,HR,No,2019-06-23,New York
48.0,78469,27 years,7,,Engineering,Yes,2010-11-03,Austin
29.0,54497,8 years,6,Male,Sales,,,New York
52.0,54025,27 years,10,Male,Engineering,N,2014-08-05,Austin
29.0,25000,8 years,10,M,Sales,Y,2017-04-04,
48.0,86204,28 years,6,Male,Sales,Y,2021-09-21,New York
40.0,40379,17 years,3,Male,Marketing,N,2020-03-14,
27.0,41154,2 years,7,Male,HR,Yes,2018-09-19,Austin
39.0,32360,15 years,6,M,HR,,2020-07-07,
46.0,54599,23 years,1,Female,Engineering,,2022-04-26,Boston
39.0,44946,16 years,4,M,HR,Yes,2014-05-05,Seattle
44.0,61731,22 years,5,Male,,,2013-11-30,Boston
47.0,66812,30 years,9,F,Sales,Yes,2012-02-02,Boston
33.0,59223,13 years,6,M,Sales,No,2014-07-21,Austin
34.0,25000,11 years,10,Male,HR,Yes,2010-07-30,Boston
43.0,68132,21 years,9,Female,,No,2022-11-04,Austin
31.0,76692,11 years,10,M,Engineering,Y,2011-03-01,Seattle
46.0,55283,23 years,6,Female,,Yes,2012-04-09,
18.0,25686,0 years,7,Female,Sales,No,2022-12-08,Seattle
48.0,58190,20 years,8,Female,HR,Y,2010-08-04,New York
21.0,27951,0 years,7,Female,Marketing,No,,Austin
50.0,63216,21 years,6,Male,HR,No,2014-03-07,Boston
41.0,54408,19 years,5,Female,Marketing,Yes,2018-09-04,New York
33.0,47344,9 years,8,M,,Yes,2012-09-29,New York
31.0,25000,7 years,2,Male,,Yes,2014-11-06,Boston
33.0,30714,14 years,4,F,,,2016-09-26,
46.0,71173,20 years,2,M,,Yes,2021-10-13,Seattle
35.0,26143,14 years,9,M,,Y,2023-05-08,Austin
22.0,33580,,9,M,HR,Yes,2015-11-28,Austin
18.0,25000,0 years,5,M,Marketing,Y,2018-07-10,Austin
40.0,58795,18 years,2,,,Yes,2013-04-22,Seattle
18.0,29897,0 years,1,M,,No,,
26.0,49867,6 years,5,M,,,2021-06-19,
23.0,66067,2 years,9,Male,,,2022-05-18,Austin
33.0,25000,12 years,2,Male,HR,Yes,2023-07-15,Boston
57.0,63145,38 years,7,Female,,Yes,2012-09-02,Austin
29.0,51777,2 years,3,Male,HR,N,2015-06-27,Austin
20.0,33160,0 years,7,Male,Marketing,No,2023-11-12,New York
54.0,81072,33 years,9,Male,,Yes,2017-04-24,Seattle
40.0,34680,24 years,3,F,HR,Yes,2010-04-02,Austin
55.0,68805,31 years,3,M,Engineering,No,2012-07-12,
,56786,25 years,7,M,Sales,Y,2021-08-04,
25.0,36463,0 years,9,Female,Engineering,,2021-11-23,Boston
39.0,28666,15 years,4,F,Engineering,Yes,2015-02-19,Austin
37.0,40210,16 years,7,Female,HR,No,2022-05-25,New York
21.0,25000,0 years,8,F,Marketing,Yes,,New York
50.0,62706,26 years,5,Female,Engineering,Yes,2017-02-03,Austin
60.0,67780,40 years,10,,HR,Y,2019-12-24,
18.0,37656,0 years,5,Female,HR,Yes,2023-06-22,New York
39.0,46075,20 years,5,Female,Sales,Y,2012-01-27,
42.0,81819,16 years,8,Female,Engineering,N,2015-04-21,Seattle
24.0,70525,0 years,8,,Engineering,N,2015-05-08,Seattle
31.0,34761,5 years,1,Male,Sales,Y,2019-11-18,Boston
34.0,43172,13 years,10,,Sales,Y,2022-07-12,
40.0,46449,11 years,6,Male,,,2011-06-27,Boston
26.0,28673,7 years,9,Female,HR,Yes,2017-03-31,New York
28.0,38797,10 years,3,Female,,Yes,2017-06-23,
38.0,56570,16 years,1,M,Engineering,Yes,2017-11-25,New York
40.0,66438,16 years,5,F,Sales,Yes,2022-09-29,Seattle
41.0,33542,25 years,1,Male,HR,Yes,2019-08-18,Austin
41.0,98610,15 years,1,,Engineering,No,2019-02-03,Seattle
45.0,52460,26 years,7,Female,HR,,2021-01-04,
49.0,76616,23 years,10,M,Marketing,N,2013-10-04,
31.0,68040,2 years,3,M,HR,Y,2016-06-27,New York
35.0,42071,13 years,10,Male,Sales,Y,2015-07-30,Austin
26.0,25000,5 years,9,Female,Marketing,Yes,2018-06-11,Boston
29.0,44026,4 years,6,Male,HR,Y,2017-08-06,Boston
53.0,64027,32 years,8,Female,Marketing,No,2023-07-06,Boston
33.0,47476,7 years,2,Male,,Yes,2019-09-26,Austin
36.0,46158,16 years,9,,Engineering,No,2016-11-02,
38.0,37020,11 years,7,,Engineering,No,2020-09-20,
54.0,46310,30 years,9,Male,Marketing,Yes,,Austin
31.0,43836,6 years,1,Male,Engineering,Yes,2016-05-20,Austin
47.0,52107,26 years,6,,HR,Yes,,Seattle
45.0,68449,21 years,6,Female,,No,2011-01-14,New York
29.0,48100,5 years,5,F,HR,Y,2013-09-05,
18.0,25000,2 years,3,Male,Marketing,,2014-09-06,Boston
22.0,25904,0 years,6,M,HR,No,2023-05-16,New York
62.0,51178,35 years,7,Male,Engineering,N,2017-01-20,Seattle
41.0,30386,16 years,2,Male,HR,N,,
41.0,46043,14 years,10,Male,,Y,2016-05-04,New York
34.0,25000,12 years,2,,,Yes,,New York
35.0,52221,14 years,6,,HR,Y,2015-12-07,Boston
33.0,25000,9 years,9,M,Sales,Yes,2021-11-24,Boston
31.0,30746,8 years,4,,Engineering,Yes,,Austin
46.0,49690,21 years,9,Female,Sales,Y,,
37.0,25000,16 years,3,Male,,Yes,2022-07-16,Austin
23.0,41420,3 years,4,F,Sales,,,Boston
60.0,57914,37 years,6,Male,Marketing,Yes,2013-05-02,New York
18.0,25000,,10,M,HR,Yes,2017-01-10,Austin
21.0,31942,4 years,7,Male,Sales,No,2020-07-04,Seattle
33.0,37332,12 years,9,M,,Yes,,
53.0,63890,28 years,8,F,HR,N,,Seattle
,32046,13 years,1,Male,HR,Yes,2019-05-09,Austin
32.0,54245,0 years,10,Male,,Yes,2014-12-20,Seattle
36.0,68487,19 years,10,M,Marketing,No,2019-10-03,New York
,33967,18 years,8,Female,,No,2016-11-18,
36.0,31051,,3,Male,Engineering,Yes,2020-03-05,Austin
36.0,41938,16 years,4,Female,Sales,Yes,,Seattle
,46787,7 years,1,,HR,Yes,2020-09-08,
40.0,49383,22 years,10,,Marketing,,2023-09-17,Boston
,47856,9 years,6,Female,Marketing,,2015-07-30,Boston
18.0,25000,0 years,6,F,Sales,Y,2011-11-28,Austin
31.0,38389,9 years,8,,,No,2020-10-05,New York
52.0,41676,29 years,7,M,HR,Yes,2023-10-02,Boston
35.0,25000,12 years,3,Male,Engineering,N,,New York
34.0,44572,7 years,10,Male,HR,No,2014-03-08,
18.0,67850,0 years,9,Male,HR,Y,2015-09-23,Boston
20.0,31067,0 years,3,F,Sales,Y,2014-12-11,New York
47.0,82375,20 years,3,,,No,2022-10-17,Austin
30.0,27600,11 years,10,M,Engineering,,,Boston
43.0,36231,22 years,2,Female,Marketing,Yes,2016-03-02,
28.0,53562,0 years,6,,HR,No,2010-09-11,
41.0,55751,15 years,5,M,Sales,Y,2011-04-30,
22.0,28543,3 years,10,Female,Engineering,No,2012-05-26,Seattle
32.0,48796,10 years,5,Male,HR,No,2022-06-15,Seattle
,48620,10 years,9,F,Sales,No,2023-12-05,Austin
30.0,34214,12 years,2,,Engineering,Yes,2013-08-18,
29.0,25000,6 years,4,M,HR,Y,,Boston
50.0,67921,25 years,9,F,Sales,Y,2017-05-01,New York
25.0,25788,3 years,4,,HR,Yes,2011-08-20,Seattle
27.0,25000,1 years,3,,Sales,N,2018-03-30,New York
43.0,27874,26 years,8,Male,,,,Seattle
35.0,46712,13 years,5,Male,Marketing,,2013-04-04,Seattle
38.0,72408,17 years,7,F,Marketing,Y,2021-02-21,Boston
33.0,49057,10 years,8,Male,Engineering,N,2022-10-16,New York
24.0,31856,0 years,7,M,,Y,,New York
34.0,38723,10 years,7,Female,HR,No,2011-01-20,Seattle
18.0,45702,0 years,6,,Marketing,,,Seattle
35.0,40957,12 years,10,,,Yes,2022-08-26,New York
30.0,37684,3 years,5,M,Sales,Y,2023-08-29,Boston
41.0,71369,18 years,1,Male,,Yes,2020-05-04,New York
29.0,63236,9 years,5,,,Y,2016-01-21,New York
25.0,25000,9 years,8,Male,HR,Y,2011-12-04,Seattle
28.0,56418,4 years,9,Male,Sales,No,2012-09-15,New York
60.0,58666,34 years,2,,Engineering,Yes,2014-12-31,Seattle
45.0,48197,23 years,1,Female,Engineering,No,2010-01-12,Boston
47.0,25000,28 years,2,F,,Yes,,Boston
46.0,40697,28 years,8,,,No,2017-03-15,New York
18.0,28221,0 years,2,F,HR,Yes,2013-01-11,
37.0,51335,14 years,7,,Marketing,Y,2020-10-26,Boston
22.0,27959,0 years,9,Male,Engineering,,2022-08-23,
44.0,25000,26 years,5,Female,Engineering,Yes,2022-04-23,Boston
48.0,81093,20 years,6,,Engineering,Y,2021-07-25,New York
43.0,34290,21 years,2,Female,Engineering,Yes,2021-03-23,
50.0,68395,30 years,1,Female,Sales,,2021-08-08,
29.0,36221,5 years,8,,Marketing,Yes,2015-09-19,Boston
36.0,45611,16 years,9,Female,,Yes,2013-01-03,Austin
20.0,49581,1 years,2,M,HR,No,2016-12-05,New York
40.0,56652,16 years,8,Male,Engineering,Yes,2018-11-05,Boston
40.0,27641,16 years,8,M,HR,Yes,2014-05-12,
19.0,32169,0 years,1,Male,Engineering,No,,Seattle
31.0,44901,7 years,10,M,Sales,Yes,,Austin
36.0,41958,13 years,1,F,Marketing,Yes,2019-01-29,Boston
57.0,79738,36 years,1,F,,Y,2015-01-22,Austin
24.0,36766,0 years,7,Male,Marketing,Y,2013-09-29,Austin
45.0,32824,27 years,6,,Marketing,Yes,2016-05-10,Boston
41.0,40656,23 years,2,Female,Sales,N,2016-06-22,Austin
44.0,56830,27 years,2,Male,Engineering,,2016-09-27,
40.0,33616,17 years,6,Male,Engineering,Yes,2020-03-14,Seattle
31.0,43194,,2,Female,HR,,2023-10-13,Boston
39.0,69059,19 years,9,,Engineering,Y,2012-10-18,Austin
29.0,25000,1 years,4,Male,,Y,2016-10-21,New York
26.0,51724,4 years,10,F,,,2022-02-15,Austin
32.0,36772,4 years,4,,HR,No,2012-02-01,
45.0,45037,28 years,7,M,,Yes,,Austin
38.0,55949,17 years,8,Male,HR,Yes,2021-02-26,Austin
40.0,45866,14 years,4,M,Engineering,,,New York
37.0,25000,11 years,1,Female,,Y,2023-12-30,
33.0,47558,,10,M,Sales,No,2013-02-04,Boston
41.0,45285,18 years,6,Male,Marketing,Yes,2022-02-04,Boston
36.0,32872,17 years,1,Female,Engineering,,2011-08-01,
29.0,53968,5 years,3,Female,,,2018-06-03,
24.0,34677,5 years,9,Male,Engineering,Yes,2017-11-19,Austin
40.0,49847,18 years,2,M,,Yes,2018-08-13,Boston
26.0,31105,9 years,4,M,Marketing,N,,Boston
33.0,25862,11 years,4,,Engineering,,2021-04-17,Seattle
43.0,57870,21 years,6,F,Sales,Yes,2014-05-07,Austin
31.0,56937,8 years,4,Female,Sales,Y,2018-02-21,
39.0,30666,18 years,10,,Marketing,Y,2010-12-13,Seattle
35.0,60932,11 years,10,Female,HR,Yes,2023-10-26,New York
31.0,75070,8 years,2,,HR,,2020-03-04,
24.0,25000,0 years,4,Male,HR,No,2021-08-03,Austin
44.0,55487,24 years,8,Male,Marketing,Y,,
28.0,54045,3 years,4,M,Marketing,Y,2012-07-27,Boston
31.0,59114,7 years,6,Female,Sales,N,2012-10-29,Boston
34.0,51192,9 years,5,Female,Engineering,Y,2018-10-05,Boston
22.0,25851,1 years,5,F,Sales,,,Boston
20.0,25000,0 years,9,Female,Sales,,2021-04-27,Austin
35.0,40539,11 years,2,Male,Sales,Yes,,
52.0,78380,29 years,9,,,No,2014-06-20,Seattle
45.0,71511,21 years,2,Female,,Yes,2018-01-29,Seattle
39.0,41412,15 years,6,Male,Marketing,Y,2012-02-26,New York
24.0,58669,2 years,3,F,Engineering,Yes,2018-08-12,New York
35.0,57846,,1,,Engineering,Yes,2010-10-25,Austin
34.0,31593,12 years,3,Female,Sales,,,Seattle
32.0,34537,6 years,7,Male,,,2012-05-26,Austin
27.0,25000,12 years,3,Male,Sales,Yes,2013-06-17,Austin
51.0,63528,21 years,3,Female,,Y,2016-12-03,Austin
48.0,49129,23 years,8,Male,,No,2019-06-20,Boston
21.0,25000,0 years,3,Female,,Yes,2013-02-20,New York
30.0,27567,8 years,3,Female,HR,Yes,2019-06-19,Seattle
18.0,25000,0 years,3,M,,Yes,2014-03-24,Austin
36.0,59809,10 years,6,Female,Engineering,Y,2011-01-08,Seattle
26.0,59570,4 years,9,Male,,No,2016-06-23,Boston
31.0,27608,9 years,3,Male,,,2014-12-02,Boston
37.0,67395,9 years,8,Male,Engineering,N,2013-03-25,Austin
36.0,58435,15 years,2,,Marketing,No,2023-06-09,New York
33.0,25000,7 years,1,F,,Yes,2023-02-03,Boston
28.0,36766,3 years,3,F,HR,No,2018-01-04,Boston
33.0,58065,7 years,9,Female,Engineering,Y,2014-04-13,New York
32.0,55876,11 years,3,Female,,Yes,2012-06-27,Seattle
51.0,50421,26 years,4,F,Marketing,Y,2011-01-27,Boston
44.0,47986,21 years,1,F,Marketing,Yes,2015-07-15,Seattle
42.0,74197,18 years,9,Female,Engineering,No,2020-08-07,Seattle
33.0,25000,9 years,3,,,Yes,2010-08-08,Seattle
36.0,44001,10 years,9,,Engineering,,2018-08-13,New York
25.0,47152,3 years,2,Female,,Yes,2010-09-14,New York
21.0,25000,2 years,5,Female,HR,Yes,2010-06-19,Austin
34.0,25000,9 years,5,M,Engineering,Yes,2014-03-12,
21.0,25000,0 years,9,Male,HR,Y,2017-05-16,
26.0,52789,1 years,3,,Marketing,Y,2016-08-14,
21.0,39127,0 years,8,Female,Marketing,Y,2015-01-12,Seattle
34.0,45916,15 years,1,,Sales,No,2010-06-22,New York
34.0,57269,5 years,6,F,Marketing,,2020-05-20,Boston
32.0,28841,10 years,3,F,,,2023-02-11,
36.0,60624,13 years,9,,Engineering,Yes,2012-01-18,Seattle
30.0,48955,9 years,3,Male,HR,,2013-03-04,
44.0,36151,20 years,9,M,Marketing,Yes,2012-10-22,Seattle
42.0,56422,18 years,3,F,Marketing,N,2021-11-05,Austin
46.0,52432,19 years,6,M,,Yes,2020-06-13,Boston
31.0,58106,7 years,1,Female,Sales,Yes,2016-05-29,New York
39.0,44809,15 years,2,M,Engineering,N,2011-12-21,New York
28.0,50024,9 years,4,Female,HR,Yes,2012-07-17,Boston
23.0,35432,1 years,8,Female,Marketing,Yes,2016-05-24,Boston
23.0,37002,0 years,9,Male,Sales,Yes,2022-01-28,Boston
18.0,51333,0 years,8,Female,Marketing,,2010-04-12,
36.0,73286,9 years,7,Male,,Y,,
26.0,46472,12 years,1,F,Engineering,Yes,2017-02-16,Seattle
52.0,76373,27 years,6,M,,Yes,2013-06-15,Seattle
26.0,25000,6 years,6,F,Engineering,Yes,,Seattle
36.0,25000,17 years,8,,Engineering,Y,2019-11-21,
33.0,39795,10 years,2,,,No,2018-09-10,Boston
18.0,25000,0 years,7,Male,Sales,,2020-01-19,Austin
25.0,46568,6 years,5,F,Marketing,,2021-06-12,Austin
26.0,45066,5 years,1,M,,No,2014-08-12,Austin
30.0,25000,8 years,2,Female,,Y,2013-01-02,Boston
44.0,55468,21 years,5,,Sales,N,2021-11-25,Seattle
42.0,58721,18 years,9,Female,Engineering,No,2013-05-22,
22.0,53293,0 years,7,,HR,Yes,,Seattle
,30988,17 years,5,Female,,,2010-08-18,Seattle
33.0,57241,5 years,9,Female,,Y,2022-10-19,Boston
,71378,27 years,2,Male,Engineering,Yes,2018-08-19,New York
48.0,40488,26 years,8,M,Engineering,Yes,2022-03-19,Boston
50.0,56231,32 years,4,Female,HR,Y,2016-09-20,
32.0,41446,11 years,2,F,Engineering,Yes,2023-12-23,
32.0,43557,7 years,1,Male,,No,2011-09-24,New York
30.0,25000,9 years,8,,HR,N,2020-12-24,Boston
34.0,46515,9 years,10,M,Sales,No,2016-03-28,
30.0,40762,6 years,10,Female,Engineering,Y,,
31.0,25000,7 years,5,M,Marketing,Y,2023-03-24,New York
29.0,68443,3 years,1,,Marketing,Yes,2011-05-26,
30.0,25000,5 years,5,,Marketing,,2014-02-02,
35.0,57094,5 years,5,Male,Sales,Y,2016-12-08,Austin
35.0,34278,13 years,6,M,,No,,Seattle
25.0,25000,0 years,3,Male,,Yes,2019-03-24,
18.0,26950,0 years,10,,Marketing,Yes,2013-02-07,Austin
32.0,38193,12 years,2,,Marketing,Y,2012-05-17,Austin
30.0,57325,8 years,6,Female,HR,No,2022-06-09,
26.0,37461,7 years,4,F,Engineering,Y,2012-03-22,Boston
43.0,77992,25 years,5,M,HR,,2013-06-16,Boston
42.0,55851,,3,Male,HR,No,2022-08-23,Austin
36.0,49567,9 years,9,Female,HR,No,2015-09-20,Boston
36.0,25000,13 years,1,F,Sales,Y,2011-10-02,
18.0,54941,0 years,6,M,Marketing,Yes,2019-07-02,Austin
33.0,37136,,10,Male,Sales,Yes,,
47.0,51023,22 years,6,,Engineering,Yes,,Seattle
38.0,45596,16 years,5,Male,Marketing,Y,2013-03-10,New York
33.0,60830,8 years,4,F,Sales,No,2019-08-02,New York
20.0,31477,0 years,2,Female,Marketing,Yes,2014-08-20,New York
35.0,50867,12 years,8,Female,,Yes,2017-06-20,New York
19.0,40891,0 years,5,,Sales,Yes,2013-10-20,
39.0,48661,17 years,10,Male,HR,Y,2012-05-29,Boston
25.0,48152,3 years,10,Male,Marketing,,2015-05-01,Austin
44.0,58695,20 years,10,Female,Engineering,,,New York
18.0,49907,0 years,10,,Marketing,Y,2023-11-09,New York
20.0,27765,1 years,10,,Sales,,2010-03-02,Boston
43.0,56445,21 years,8,Male,HR,,2013-02-25,Austin
38.0,52171,13 years,6,,HR,No,2019-09-27,New York
42.0,56713,26 years,8,,Marketing,Yes,2017-03-19,
18.0,29956,0 years,2,M,Sales,Yes,,New York
18.0,26021,0 years,4,M,Engineering,No,2022-11-15,
28.0,63995,5 years,9,,Sales,,2010-10-09,Austin
41.0,51813,25 years,2,M,HR,No,2012-08-27,New York
36.0,48078,15 years,6,,,Yes,2021-11-28,Austin
48.0,74052,23 years,5,F,HR,Yes,2019-11-05,Austin
42.0,55818,22 years,7,Female,Sales,Y,2021-04-03,New York
36.0,43125,15 years,1,F,HR,N,2013-09-06,Boston
27.0,37782,1 years,9,Female,Sales,Y,2017-01-21,Austin
43.0,38497,24 years,10,,HR,Yes,2022-11-07,Boston
37.0,50976,,7,M,Marketing,No,2018-10-24,Seattle
35.0,64594,10 years,7,M,Marketing,,2014-04-22,Seattle
21.0,33020,3 years,5,Female,Marketing,,2021-07-20,New York
34.0,61579,15 years,6,Male,,N,2022-02-15,Austin
35.0,44203,13 years,4,Male,Marketing,Yes,2013-08-31,
19.0,25000,0 years,4,M,,No,2017-04-23,Austin
34.0,46103,14 years,10,F,Sales,N,2022-12-16,Boston
39.0,60421,22 years,10,F,Marketing,Y,2023-04-27,
,25000,1 years,7,Male,Marketing,Y,2010-10-12,Austin
50.0,46347,32 years,1,,HR,Yes,2013-01-17,
18.0,25000,0 years,3,Male,Marketing,Yes,2013-10-03,Austin
37.0,45084,10 years,1,,,No,2013-01-05,Seattle
41.0,57985,21 years,1,Male,Marketing,N,2023-10-19,Boston
45.0,65329,23 years,4,Male,Sales,Yes,2012-11-23,Boston
32.0,46788,,5,,Engineering,No,2019-10-07,New York
33.0,52249,10 years,5,Female,Engineering,Yes,2014-01-20,
26.0,72771,0 years,2,Male,,No,2018-06-22,New York
,47919,37 years,2,M,,,2011-09-09,Austin
38.0,37310,15 years,4,,Marketing,Y,2020-12-07,New York
27.0,52931,1 years,2,Male,,No,2023-05-28,
26.0,59238,6 years,6,Male,Marketing,No,2013-05-05,New York
36.0,50328,17 years,10,F,HR,Y,2011-10-09,Austin
34.0,25000,10 years,7,Male,HR,Y,2012-04-18,Austin
37.0,48178,17 years,6,,,Yes,2021-06-06,Seattle
36.0,41441,10 years,1,F,HR,,2017-02-12,New York
35.0,32367,12 years,1,Male,Sales,Yes,2013-06-04,New York
,78910,20 years,4,M,Sales,Yes,2013-03-27,Boston
27.0,27620,7 years,3,Female,HR,,2015-04-08,Boston
38.0,57530,17 years,8,Female,HR,Yes,2013-08-24,Seattle
52.0,38779,35 years,7,Male,,No,2015-12-17,
40.0,60061,14 years,6,,Engineering,No,2019-06-09,Austin
,27989,11 years,8,Male,Engineering,Yes,2014-03-29,Seattle
54.0,25000,31 years,3,Female,HR,,,
31.0,60942,13 years,10,F,Marketing,,,Austin
42.0,55096,21 years,3,M,,No,2017-10-15,Austin
36.0,31231,14 years,7,Female,Sales,No,2021-11-22,
,42808,10 years,2,Male,,Yes,2021-12-27,Austin
26.0,26496,0 years,4,Female,Marketing,Y,,
27.0,42578,8 years,4,Male,Engineering,No,,
30.0,60614,3 years,3,Female,Sales,N,2013-04-04,Boston
35.0,34185,20 years,6,Female,HR,Y,2011-06-26,Austin
24.0,36437,0 years,3,Female,Engineering,N,2021-05-10,Boston
27.0,65167,7 years,9,Male,HR,Y,2019-04-02,Austin
48.0,60544,24 years,2,Male,Marketing,No,2012-08-24,Austin
21.0,25000,0 years,4,Male,,Y,2021-11-02,Seattle
39.0,44156,11 years,9,M,,,2010-08-07,New York
44.0,59893,17 years,6,Female,Engineering,Yes,2023-05-17,Austin
42.0,78883,20 years,3,Male,Engineering,Yes,2020-11-30,Boston
42.0,32481,21 years,2,,HR,Yes,,Boston
39.0,32935,20 years,4,,Marketing,Yes,2019-07-13,New York
32.0,36870,9 years,10,F,HR,No,2016-08-15,Austin
43.0,72590,20 years,3,M,,N,2014-05-13,Boston
52.0,41457,33 years,8,M,,No,2022-01-28,Boston
37.0,37750,13 years,2,M,,,2012-04-21,Seattle
51.0,65843,31 years,4,F,,Yes,2016-12-28,Boston
,25000,,6,F,HR,,2020-03-10,Austin
33.0,48793,13 years,8,F,,No,2020-08-22,Seattle
26.0,25000,3 years,2,Female,Sales,Y,2019-06-10,Boston
32.0,25000,7 years,10,,Sales,Y,2021-03-04,Boston
27.0,29302,3 years,10,Female,Sales,N,2013-04-24,New York
35.0,50979,16 years,3,F,,Y,2011-11-26,New York
21.0,44998,0 years,6,,Sales,Yes,2014-12-24,Boston
47.0,74951,29 years,6,,Sales,Y,2018-12-26,Seattle
35.0,54061,16 years,10,Female,,Y,,New York
40.0,49171,25 years,1,Female,Marketing,Y,2019-08-25,
40.0,50897,21 years,6,Male,HR,,2020-05-05,Boston
33.0,56827,16 years,7,Female,,No,2021-03-06,
23.0,40457,0 years,9,F,Engineering,Yes,2018-03-03,New York
18.0,36080,0 years,5,Female,,Yes,,Seattle
35.0,61566,10 years,8,M,,Y,2020-10-03,Boston
33.0,53047,13 years,7,Female,,Y,,Austin
44.0,71687,18 years,7,Female,HR,Y,2011-03-09,Boston
41.0,72258,24 years,9,Female,,Yes,2012-02-29,
23.0,58476,4 years,1,Male,Marketing,Y,2019-07-04,New York
37.0,38445,15 years,3,,,Yes,2021-06-16,
25.0,62211,4 years,10,M,HR,Yes,2014-10-28,New York
26.0,25000,1 years,1,Male,HR,Y,2013-05-06,Boston
48.0,61271,24 years,7,Male,,N,2018-05-24,
28.0,65829,7 years,5,M,Sales,Yes,2023-04-20,
21.0,28408,0 years,7,Female,Sales,No,2015-08-26,Boston
21.0,41505,0 years,4,M,Marketing,Y,2014-02-24,Austin
40.0,39604,18 years,1,Male,,,2016-03-31,New York
54.0,57964,,3,Male,Marketing,Y,2021-07-20,New York
37.0,62656,11 years,9,M,Engineering,No,2017-12-01,Austin
41.0,53832,21 years,2,Male,HR,Y,2018-08-11,Boston
18.0,41304,,4,Male,,Yes,2022-01-16,
46.0,79064,25 years,7,Male,Sales,Yes,2019-06-25,Boston
34.0,40253,14 years,1,Male,Marketing,Y,2018-07-02,Seattle
24.0,41381,1 years,10,,HR,Y,2015-03-02,Boston
26.0,42698,0 years,8,F,,Yes,2013-06-23,Seattle
22.0,32071,0 years,5,Female,HR,Yes,2020-02-03,Seattle
28.0,27786,6 years,1,Female,HR,Y,2019-12-30,Austin
47.0,64852,20 years,5,Female,HR,No,2011-12-12,
25.0,25793,1 years,7,M,,N,2019-07-17,New York
38.0,46195,15 years,5,Male,Sales,Yes,2022-07-16,New York
31.0,25000,15 years,5,Female,Engineering,,2012-11-09,Boston
26.0,25000,0 years,6,,Engineering,,,New York
44.0,57955,20 years,5,Female,,N,2013-04-26,Boston
26.0,37357,3 years,10,Male,Engineering,N,2023-02-06,Seattle
50.0,53741,25 years,6,,Marketing,Y,2019-04-13,Boston
34.0,50399,12 years,8,Female,HR,Yes,2013-09-02,New York
52.0,80695,32 years,7,M,Sales,N,2020-01-25,Austin
39.0,37552,15 years,2,,,Y,,Seattle
23.0,42702,0 years,2,,Engineering,Yes,2016-05-24,Boston
37.0,25000,12 years,10,F,HR,,2013-04-02,Austin
21.0,42743,0 years,6,Female,Engineering,,2020-08-15,Boston
34.0,64279,8 years,10,,HR,Yes,,New York
43.0,64631,27 years,7,,HR,No,2011-10-05,New York
26.0,75548,3 years,5,Female,Marketing,Y,2014-04-29,New York
44.0,63648,18 years,5,M,Marketing,Yes,2010-08-01,Austin
32.0,57203,9 years,8,Male,HR,,2012-09-17,
22.0,37048,0 years,9,,,Yes,2020-12-05,Boston
36.0,65470,11 years,7,,HR,Y,2021-04-11,Austin
53.0,88659,30 years,9,Female,,No,2012-11-21,New York
33.0,27073,12 years,1,Male,Engineering,,2014-04-18,Boston
30.0,25000,10 years,8,Male,Sales,Yes,2022-08-08,Seattle
27.0,35658,4 years,8,Male,Sales,Yes,2021-06-12,New York
35.0,72555,15 years,5,Female,HR,No,2022-11-26,Boston
44.0,62304,21 years,3,Female,,Y,2016-09-11,Boston
18.0,25000,0 years,10,Male,Marketing,Yes,,Seattle
39.0,32304,19 years,10,,Engineering,Y,2013-02-14,Seattle
49.0,77125,25 years,2,Male,Sales,,,Boston
26.0,25000,2 years,3,Female,,,,Austin
27.0,25000,3 years,1,,,,2022-05-29,Austin
24.0,37150,3 years,9,Female,HR,Yes,2016-05-27,
25.0,50700,9 years,2,Male,,Yes,2015-08-15,Austin
64.0,63766,40 years,10,M,HR,Y,,
32.0,57081,7 years,5,Female,HR,No,2010-10-05,Boston
36.0,51103,15 years,3,M,Sales,,2013-03-30,New York
29.0,25000,,7,Female,Sales,N,2015-04-20,Seattle
41.0,68373,17 years,3,F,Sales,No,2010-05-09,New York
51.0,45862,28 years,10,,Engineering,Yes,2013-02-12,New York
18.0,25000,0 years,8,,Sales,Y,2021-03-16,Boston
32.0,67755,15 years,8,Male,Engineering,,,Austin
59.0,76280,40 years,7,,Marketing,Yes,,New York
29.0,25000,5 years,2,,HR,,2016-12-17,Austin
29.0,25000,2 years,8,,,Yes,2023-02-23,Seattle
18.0,34589,0 years,8,Female,,No,2013-12-29,
29.0,25000,10 years,8,F,Sales,Y,2011-03-10,Boston
31.0,35189,6 years,3,Female,HR,No,2021-03-03,Seattle
26.0,61026,4 years,6,F,Engineering,Y,,Austin
38.0,85110,16 years,5,Male,,No,2010-09-22,Seattle
33.0,25000,11 years,4,M,Sales,Y,2012-11-09,Seattle
27.0,41543,4 years,3,Female,HR,No,2016-06-22,
28.0,33669,8 years,4,Male,Marketing,No,2022-12-28,New York
34.0,60764,12 years,2,Male,,Y,2014-03-16,
40.0,38018,22 years,1,,Sales,No,2020-12-31,Seattle
47.0,67932,23 years,5,F,,No,2012-09-15,Austin
35.0,46678,13 years,3,,Marketing,,2010-07-23,
41.0,61789,16 years,4,M,HR,Y,2014-11-01,New York
47.0,44623,,1,,Sales,,2010-04-23,Boston
37.0,25000,12 years,10,,,Yes,2018-02-11,New York
20.0,41101,0 years,4,M,Sales,Yes,2017-11-26,Austin
28.0,41205,0 years,1,F,HR,,2023-12-12,Austin
27.0,32026,4 years,1,Female,Engineering,Y,2011-09-07,Austin
27.0,25000,0 years,7,M,Sales,Yes,2021-08-15,Austin
50.0,64227,27 years,2,,Engineering,Y,,Seattle
43.0,46806,20 years,2,,,Yes,2015-09-02,Austin
39.0,45666,20 years,8,,Sales,,2020-11-30,New York
25.0,37876,0 years,10,F,Marketing,N,2014-07-11,
20.0,25000,0 years,9,,Marketing,Y,2018-05-10,Seattle
52.0,62520,,3,Male,Sales,No,2018-09-19,
41.0,45073,19 years,1,Female,HR,,2015-10-20,
45.0,71990,25 years,8,F,Engineering,,2012-02-12,
47.0,48148,25 years,1,Male,Marketing,Yes,,Austin
43.0,43242,19 years,4,,Sales,Yes,2011-12-24,
43.0,48562,20 years,3,,,N,2010-04-12,Austin
40.0,59800,13 years,8,Male,HR,Yes,,Seattle
29.0,30068,2 years,3,M,Engineering,Y,,New York
33.0,34855,13 years,2,M,Sales,Y,2016-06-05,New York
39.0,60345,18 years,3,Male,Engineering,N,2022-09-18,Seattle
41.0,59265,17 years,3,Female,Sales,,2021-07-05,
41.0,49737,19 years,7,Female,Sales,No,2013-04-26,Austin
32.0,64313,9 years,3,Male,Engineering,N,2014-06-29,Boston
37.0,55787,14 years,10,Female,Engineering,N,2012-04-13,New York
38.0,42481,12 years,2,Male,,,2013-10-29,
27.0,29110,10 years,6,,Sales,Y,2012-03-01,New York
28.0,59468,3 years,1,M,,,2011-07-26,Seattle
45.0,58871,28 years,9,Male,Sales,No,,Seattle
42.0,50494,22 years,8,M,,Yes,2016-03-04,Seattle
39.0,40717,19 years,2,Female,Marketing,,2010-09-29,Seattle
48.0,70695,21 years,4,F,Sales,Y,,New York
32.0,39818,9 years,7,Male,HR,N,2015-12-11,Austin
27.0,47870,0 years,4,Female,,No,2020-02-23,New York
20.0,30595,0 years,2,Female,Marketing,Yes,2016-10-09,
46.0,60160,26 years,5,Male,Engineering,Y,2015-06-09,Boston
18.0,44491,0 years,4,,HR,No,2022-04-11,Austin
26.0,38250,7 years,8,F,Marketing,Y,2022-01-13,New York
49.0,39436,24 years,10,,,No,2015-07-04,Seattle
52.0,54359,31 years,9,Female,Sales,Yes,2020-09-03,Boston
46.0,72244,29 years,1,Female,Sales,N,2011-04-20,Boston
36.0,38396,,10,,Marketing,Yes,2015-06-05,Seattle
49.0,63667,27 years,4,Female,,Y,,
46.0,69750,23 years,6,F,Engineering,Y,2022-09-16,Boston
43.0,75865,24 years,1,,Marketing,,2013-12-02,Seattle
44.0,58148,22 years,4,Male,HR,,2014-02-11,Austin
55.0,71492,28 years,1,M,Engineering,Yes,2018-05-18,Boston
39.0,73266,12 years,5,Male,Engineering,Yes,2021-03-16,Boston
49.0,58915,28 years,1,F,HR,,2017-09-07,New York
35.0,29124,13 years,9,M,,Yes,2018-05-15,Boston
50.0,52183,28 years,8,Female,Marketing,Y,2011-11-25,Boston
27.0,36729,0 years,9,Male,,Y,2010-12-30,New York
42.0,56922,14 years,8,Female,HR,Y,2010-10-22,New York
18.0,25000,0 years,8,Male,,Y,2020-05-13,New York
24.0,44693,0 years,7,F,,Y,2010-09-20,
43.0,84410,21 years,5,F,Sales,No,2019-06-24,
37.0,60462,12 years,9,M,HR,Yes,2011-10-01,Seattle
20.0,25000,0 years,9,Female,Engineering,,2018-08-23,New York
20.0,65894,0 years,4,M,HR,N,2014-07-02,Boston
37.0,81763,14 years,10,M,Sales,No,2011-03-30,New York
27.0,67339,1 years,5,M,,No,2020-11-10,Seattle
28.0,54855,4 years,7,F,HR,,2018-02-26,
18.0,57680,0 years,9,Male,Sales,N,2021-04-16,New York
52.0,45349,30 years,10,F,Sales,No,2012-04-14,Boston
52.0,75954,32 years,7,M,HR,,2016-05-08,Boston
35.0,63896,18 years,6,F,Marketing,Y,2016-12-05,Austin
37.0,54144,18 years,9,Female,HR,Yes,,Boston
24.0,34080,2 years,10,M,,Yes,2011-04-11,Seattle
36.0,42493,11 years,6,M,Sales,Y,2020-11-02,
26.0,49298,1 years,7,M,Marketing,,2012-10-16,
53.0,54153,26 years,10,Female,,No,2019-06-30,
45.0,55638,28 years,7,F,Marketing,,,Seattle
19.0,65674,0 years,4,Male,Marketing,N,,Austin
24.0,37205,3 years,9,,HR,Yes,2020-08-18,Seattle
19.0,43539,0 years,6,Male,,Yes,2010-12-21,Austin
,25000,3 years,3,Female,Engineering,Yes,2010-09-12,Seattle
40.0,45489,19 years,6,,Sales,Y,,
21.0,50400,0 years,6,F,Sales,Y,2012-06-23,Seattle
35.0,43640,16 years,6,F,Marketing,,2016-09-02,
26.0,57002,5 years,8,F,HR,No,2021-07-24,Boston
37.0,69832,12 years,2,F,Engineering,Yes,2017-01-30,Austin
28.0,34624,,6,F,,,2014-04-11,Seattle
33.0,31402,11 years,10,Male,Engineering,No,2014-11-13,Austin
23.0,63103,1 years,4,Male,,Yes,2013-07-10,Seattle
41.0,47602,19 years,3,M,Sales,Yes,,
26.0,34970,3 years,10,Male,HR,Yes,2010-06-14,Boston
26.0,41927,3 years,7,Female,HR,N,2020-08-15,Boston
36.0,43213,8 years,2,M,Marketing,Y,2013-09-13,
26.0,29278,1 years,1,M,HR,,2022-08-25,
35.0,36157,9 years,8,,Sales,Y,2016-05-18,New York
32.0,25026,14 years,1,M,HR,Yes,2012-08-19,
48.0,72641,21 years,10,,Marketing,No,2020-07-03,
29.0,69371,10 years,10,,HR,,2023-04-29,
36.0,52544,14 years,5,F,Marketing,No,2016-04-09,Seattle
41.0,53385,15 years,7,,Sales,Yes,2020-10-29,New York
30.0,47239,4 years,4,,Marketing,N,2017-09-01,Seattle
36.0,58805,19 years,5,,Engineering,Y,2023-01-05,Austin
36.0,63656,15 years,6,M,,,2021-08-02,New York
35.0,60744,11 years,3,Female,Marketing,Yes,2011-09-19,
39.0,51169,14 years,6,M,HR,Yes,2018-09-10,Boston
34.0,57663,17 years,8,Female,Marketing,N,2011-03-03,Boston
36.0,26356,13 years,1,F,Sales,Yes,2019-04-07,New York
35.0,60690,10 years,9,,Engineering,,2017-03-21,Austin
21.0,63317,0 years,1,Female,Sales,N,2021-08-31,
38.0,54962,18 years,10,,,Y,2021-04-05,Boston
29.0,28759,5 years,9,Male,HR,Yes,2011-12-04,
55.0,68372,34 years,1,,Marketing,Y,2020-03-11,
18.0,27773,0 years,5,M,Engineering,No,2017-09-17,
27.0,64726,7 years,8,F,Sales,,2016-02-20,Austin
44.0,46187,21 years,5,M,Marketing,No,2020-12-16,
18.0,25000,0 years,9,Male,Marketing,,2010-02-23,Seattle
48.0,64459,26 years,10,,Engineering,,2013-06-30,Austin
24.0,41396,6 years,5,Male,Sales,,2020-04-16,Austin
24.0,25000,4 years,7,Male,Sales,Yes,2014-08-25,Seattle
45.0,53491,22 years,6,,HR,Yes,2020-02-14,Seattle
,48289,18 years,5,F,HR,Y,2012-06-27,New York
30.0,46309,9 years,7,,HR,Yes,2016-03-16,
18.0,32375,0 years,2,Male,Sales,Yes,2019-05-27,
33.0,25000,11 years,8,Female,Marketing,Y,2023-04-02,Seattle
30.0,32024,7 years,8,Male,HR,Y,2022-08-04,Austin
24.0,25000,5 years,5,Male,HR,Y,,Austin
52.0,73690,31 years,1,Male,Engineering,,2014-05-21,Austin
18.0,66539,0 years,1,,HR,,2021-05-27,Austin
31.0,30799,12 years,1,Female,Marketing,Y,2013-10-18,New York
40.0,64040,15 years,4,Male,Sales,Yes,2018-04-06,New York
18.0,52681,0 years,2,M,HR,No,2022-05-03,Austin
34.0,41395,14 years,4,Male,Engineering,Y,,Seattle
36.0,27968,12 years,1,F,Sales,Yes,2013-07-11,Austin
35.0,73374,16 years,1,,Sales,Yes,2012-01-24,Seattle
29.0,32895,7 years,4,,Sales,,2017-03-09,Austin
34.0,47260,10 years,6,Female,Engineering,N,2012-08-08,Boston
30.0,61487,10 years,5,M,,Yes,2012-02-06,Seattle
33.0,45757,11 years,5,Male,Marketing,N,2016-01-14,
23.0,25827,0 years,9,M,HR,,2017-11-02,Seattle
35.0,49543,17 years,7,,,No,2014-05-06,Boston
39.0,30247,18 years,3,,Marketing,Y,2021-01-10,Seattle
26.0,25000,6 years,8,Female,Marketing,,2016-10-01,Boston
22.0,57624,4 years,3,Male,,,,Seattle
37.0,25000,19 years,2,,,Yes,2022-03-08,Seattle
43.0,61249,22 years,5,F,Sales,No,,New York
50.0,83535,30 years,6,F,Sales,Yes,2016-01-04,New York
31.0,48562,4 years,2,F,HR,,2019-05-23,Boston
37.0,33127,13 years,8,Female,HR,N,2023-02-19,New York
31.0,29710,5 years,5,M,Marketing,Y,2019-03-06,New York
31.0,53325,7 years,6,M,,No,2015-05-17,Seattle
18.0,25000,0 years,1,,Sales,No,,Boston
42.0,38700,20 years,8,M,,,2023-06-30,Austin
37.0,85626,16 years,9,M,Engineering,No,2014-07-23,Seattle
29.0,25000,7 years,10,M,HR,N,2016-07-18,New York
35.0,37055,13 years,6,Female,Sales,No,2020-11-03,New York
29.0,25914,5 years,4,Male,,,2023-03-02,Boston
31.0,64364,8 years,3,M,Marketing,,2012-03-05,Seattle
22.0,36732,4 years,4,Female,HR,,2012-03-10,
18.0,32072,0 years,7,F,Engineering,Yes,2013-11-11,Austin
18.0,31509,0 years,5,F,Sales,Yes,2021-05-08,Seattle
44.0,27889,19 years,4,Female,Sales,N,2023-07-24,New York
27.0,40085,7 years,10,,Engineering,Y,2013-09-20,New York
42.0,64606,23 years,1,Female,HR,Yes,2013-12-06,
46.0,38103,21 years,4,Male,,Yes,2023-04-17,Austin
45.0,58521,19 years,1,,Marketing,,2017-08-06,
42.0,43502,19 years,8,Female,HR,No,,Seattle
48.0,54482,23 years,8,,Engineering,Y,2010-11-25,Boston
18.0,43680,0 years,7,Male,Engineering,Yes,2010-02-24,
36.0,25931,13 years,1,Female,Marketing,Y,2014-08-28,Seattle
48.0,64175,29 years,2,M,HR,,2021-11-22,New York
30.0,65379,9 years,1,Male,Sales,,2019-11-25,Austin
22.0,29723,0 years,9,Female,Marketing,,2018-03-26,
37.0,85626,16 years,9,M,Engineering,No,2014-07-23,Seattle
28.0,63792,6 years,8,,Marketing,No,2015-10-09,Austin
42.0,69674,18 years,10,F,Sales,No,2020-01-06,Boston
28.0,27788,7 years,4,Female,Sales,Y,2013-11-21,Seattle
38.0,57394,13 years,7,M,Marketing,Yes,2023-12-01,Austin
54.0,52435,35 years,8,,,N,2016-10-08,Austin
27.0,52309,7 years,4,Male,Sales,No,2013-10-04,New York
35.0,47243,17 years,5,Female,Engineering,Yes,2020-08-23,
40.0,30319,17 years,8,Female,HR,No,,
32.0,50290,19 years,6,Male,HR,No,2020-04-09,Austin
32.0,47616,11 years,1,Female,HR,Yes,,
46.0,71807,22 years,8,M,Sales,Y,2023-05-21,
37.0,54591,14 years,1,F,,No,2021-11-11,
26.0,28953,1 years,10,M,Sales,Y,2011-03-12,
18.0,25000,0 years,8,Male,,Y,2020-05-13,New York
36.0,25000,13 years,3,Female,HR,Y,2023-02-15,Seattle
36.0,49921,20 years,6,Male,Sales,Y,2017-08-18,Boston
34.0,37389,10 years,5,F,Marketing,N,2010-11-10,Boston
36.0,58270,15 years,4,Male,Engineering,Y,2023-03-13,Boston
24.0,41127,3 years,2,Male,,No,2022-01-08,New York
29.0,25548,4 years,8,M,Marketing,No,2018-03-29,Austin
30.0,53921,11 years,1,Female,HR,Yes,,Seattle
48.0,92459,31 years,9,Male,,Yes,2020-02-18,Austin
27.0,25000,2 years,4,M,Marketing,N,2017-08-03,Seattle
46.0,50384,26 years,6,,Sales,N,2021-08-30,Austin
35.0,39628,10 years,3,Female,HR,Yes,,Austin
41.0,62189,15 years,2,,,Yes,2012-04-17,Seattle
21.0,37041,0 years,4,M,HR,Y,2016-08-17,Austin
18.0,49839,0 years,6,F,HR,,2022-03-19,Austin
43.0,30655,24 years,4,,HR,Y,2017-07-20,
28.0,25000,3 years,3,Male,HR,Yes,2018-09-23,Seattle
46.0,25000,,8,,,,2016-12-13,Boston
41.0,46847,13 years,4,,Sales,Yes,2011-04-14,Seattle
40.0,58967,16 years,2,Female,,Y,2011-11-29,New York
43.0,38708,20 years,8,Male,HR,,2021-01-31,New York
41.0,71926,,3,Female,HR,,2022-09-02,
33.0,50096,,9,M,Marketing,,2023-10-06,Austin
18.0,25000,0 years,4,F,Marketing,No,2023-02-25,Austin
40.0,37033,22 years,7,M,,Yes,2016-09-29,Boston
32.0,25000,11 years,6,Male,Sales,,2016-12-23,Austin
38.0,67466,18 years,4,Female,Marketing,No,2018-07-12,Seattle
30.0,25000,8 years,10,Female,Sales,No,2022-06-20,
39.0,52941,14 years,4,Female,HR,Yes,2013-11-19,Boston
42.0,53660,23 years,1,Male,,Y,2013-07-28,New York
39.0,65202,19 years,10,Male,Engineering,Yes,2015-01-12,Austin
41.0,49800,18 years,10,F,Marketing,Yes,2023-12-27,Seattle
41.0,59587,,5,,Marketing,,2020-11-29,Austin
35.0,40239,11 years,5,Female,Sales,,2019-12-10,Austin
36.0,34192,18 years,1,Female,HR,Yes,2019-07-23,Austin
34.0,77488,17 years,3,F,HR,Y,2015-05-05,Austin
31.0,44271,6 years,3,Female,Engineering,No,2021-09-25,Austin
34.0,41689,16 years,2,F,HR,,2011-08-21,
29.0,67483,3 years,9,Male,Engineering,No,2013-10-03,
29.0,32546,5 years,8,Male,Sales,N,2012-08-22,
26.0,25000,0 years,10,M,Engineering,Yes,2014-05-20,Boston
28.0,60767,6 years,10,Female,Engineering,Y,2013-07-10,
29.0,29860,4 years,2,,,,,
40.0,44997,18 years,4,M,HR,No,2019-02-06,Austin
39.0,48578,17 years,7,F,,,2013-10-09,Boston
30.0,43279,6 years,7,Male,Engineering,N,2013-12-05,New York
41.0,72062,17 years,6,,,Yes,2011-04-27,Austin
40.0,62685,21 years,5,F,Sales,Y,2016-05-09,Seattle
36.0,28018,13 years,5,,Sales,Yes,2017-04-27,Boston
38.0,42747,15 years,7,M,,N,2014-12-27,Seattle
31.0,25000,0 years,5,Female,,Yes,2013-08-20,Boston
38.0,31535,16 years,9,,Sales,,2021-10-06,
30.0,64412,5 years,3,,Engineering,No,2020-08-10,New York
21.0,40705,0 years,2,F,Sales,Y,2011-01-12,Austin
21.0,25000,0 years,2,,,Yes,2011-03-07,New York
36.0,65806,14 years,2,Male,Engineering,Y,,Seattle
46.0,55728,22 years,9,,HR,No,2019-01-07,New York
30.0,47053,8 years,10,F,Marketing,Yes,2021-05-19,Seattle
44.0,29590,23 years,6,,Engineering,N,,
25.0,25000,0 years,2,M,HR,Yes,2010-04-26,Seattle
26.0,58627,0 years,10,,,No,2018-10-09,
29.0,28530,5 years,2,Male,,Yes,2015-09-15,Seattle
27.0,25000,1 years,5,Female,Sales,Y,2018-02-13,Boston
27.0,43662,4 years,9,Male,Marketing,N,2015-05-13,Boston
35.0,33129,15 years,9,Male,Engineering,N,,Austin
18.0,25000,0 years,1,,Engineering,Yes,2019-04-24,
18.0,25000,1 years,10,Male,Marketing,Yes,2012-10-21,Austin
38.0,47020,14 years,7,,,Yes,,Seattle
36.0,75193,14 years,6,M,,No,,
51.0,87636,32 years,3,Male,Marketing,Yes,2022-10-20,New York
44.0,76454,18 years,10,,,,2011-10-16,Seattle
35.0,40068,20 years,1,Male,Engineering,Y,,Austin
46.0,71699,26 years,2,Female,,Y,2012-07-05,Austin
34.0,67537,17 years,6,F,Engineering,Yes,2012-12-21,Seattle
30.0,29743,5 years,7,Female,Engineering,Yes,2010-04-29,New York
29.0,31191,7 years,1,Male,Marketing,N,2012-09-13,
29.0,26493,9 years,5,Male,Marketing,No,2019-10-10,Austin
18.0,25000,0 years,5,F,HR,N,2013-12-22,Boston
47.0,42042,28 years,8,Female,Sales,Y,2011-05-21,Seattle
36.0,88600,13 years,9,F,Marketing,Yes,2011-11-22,Austin
39.0,45144,13 years,7,,,Y,2010-12-03,Boston
35.0,55917,13 years,6,F,Marketing,,2012-06-04,Boston
28.0,67336,0 years,10,Female,HR,,2013-12-25,
40.0,39953,22 years,8,F,Engineering,Y,2018-10-06,
42.0,60346,18 years,10,,Sales,,2019-04-07,Austin
44.0,27965,27 years,7,Male,Sales,Yes,,
38.0,31349,14 years,9,,Marketing,Yes,2013-05-04,Austin
29.0,41992,10 years,5,Male,Marketing,Y,2018-12-28,Seattle
46.0,60721,17 years,1,Male,HR,,2012-12-04,Austin
33.0,43112,8 years,6,Female,HR,,2020-09-18,
36.0,43820,12 years,1,M,,Yes,2017-08-15,
48.0,82071,23 years,5,Female,,Yes,2014-10-15,Boston
37.0,60904,13 years,1,Female,Sales,No,2012-04-05,
36.0,44292,8 years,10,M,Marketing,No,2010-02-20,
40.0,42242,14 years,1,F,,Y,2016-03-31,Seattle
23.0,48696,0 years,6,F,HR,Yes,2022-12-14,
37.0,66891,16 years,2,Female,Marketing,No,2018-10-29,New York
41.0,52823,19 years,3,,Marketing,Yes,2023-01-14,
25.0,43641,0 years,2,F,Sales,Yes,2014-10-05,
31.0,62725,10 years,5,Male,Marketing,No,2018-01-14,Austin
37.0,41963,8 years,9,Female,Engineering,No,2018-01-28,Boston
28.0,53992,9 years,10,,HR,Y,,
48.0,58180,26 years,7,Female,HR,Yes,2010-11-24,Seattle
38.0,46384,15 years,5,Female,Marketing,,,Austin
28.0,25000,4 years,5,Male,Sales,Yes,2016-08-18,
37.0,48275,8 years,4,Female,Sales,No,2019-09-15,New York
39.0,38201,17 years,9,Male,Engineering,,2018-11-27,Austin
31.0,25000,5 years,6,M,Marketing,,2015-11-05,Austin
44.0,70960,25 years,3,Male,Engineering,No,,Boston
28.0,61393,5 years,5,,Sales,Y,2011-07-14,Boston
51.0,75916,27 years,4,F,Engineering,No,2020-08-12,Seattle
25.0,63730,2 years,7,,Engineering,Yes,2015-11-25,New York
35.0,42241,16 years,8,F,Sales,No,2013-08-11,Boston
43.0,43746,23 years,6,Male,,Yes,2018-05-21,Seattle
39.0,58712,16 years,5,M,Sales,Yes,,
31.0,49756,9 years,2,Female,Marketing,,2021-01-04,Boston
18.0,27118,0 years,4,M,Marketing,Yes,2015-10-15,New York
42.0,54607,16 years,5,F,Sales,Yes,2023-10-06,
41.0,60378,,1,,Engineering,Y,2023-12-05,New York
33.0,55951,13 years,8,Male,Sales,Y,2010-08-01,Seattle
28.0,66664,13 years,7,F,Marketing,No,2020-09-26,
47.0,78409,29 years,4,Female,Engineering,Y,2020-10-10,Austin
43.0,50598,20 years,5,Male,Engineering,No,2018-12-03,Austin
44.0,69471,23 years,4,Male,Marketing,No,,
41.0,57651,22 years,2,Female,HR,No,2013-03-27,New York
24.0,25000,0 years,9,,Sales,No,2013-09-22,New York
46.0,71479,23 years,8,,Engineering,,2012-04-24,Boston
27.0,25000,4 years,9,Male,,Yes,2018-10-01,Boston
46.0,50701,26 years,9,M,HR,No,2018-12-15,New York
22.0,41398,4 years,10,Male,HR,Yes,2014-03-03,Austin
31.0,58812,7 years,4,,,Yes,2017-01-11,Boston
46.0,78546,23 years,3,Male,HR,Yes,2013-07-06,New York
38.0,52082,11 years,1,Male,Sales,,2012-07-25,Boston
47.0,59329,22 years,5,F,,No,2019-05-08,Seattle
38.0,58776,17 years,6,Female,HR,Yes,2019-08-16,Boston
40.0,40919,20 years,10,F,Engineering,Yes,2012-09-09,Boston
38.0,57814,16 years,10,Male,HR,Y,2019-08-09,Boston
34.0,42484,13 years,9,Female,,,2011-06-08,Austin
41.0,62480,21 years,8,Male,Sales,Yes,2012-04-09,Austin
42.0,46525,20 years,4,Male,Sales,No,2019-10-23,
28.0,31926,6 years,3,F,Engineering,Yes,2012-06-14,Seattle
19.0,25000,0 years,3,,Sales,Y,2021-01-01,New York
36.0,43964,11 years,9,Female,,,2020-09-16,Seattle
30.0,25000,11 years,2,Female,,,2023-11-05,Austin
24.0,25000,1 years,1,,Marketing,No,2010-02-06,Austin
23.0,25000,7 years,6,Female,Marketing,,2010-11-06,
39.0,54709,14 years,5,M,Marketing,No,2023-06-02,Seattle
36.0,52857,17 years,6,,Engineering,Yes,2023-03-31,New York
40.0,73620,15 years,3,M,HR,Yes,2020-09-23,Boston
45.0,71411,19 years,8,,,N,2021-09-25,
18.0,41757,0 years,9,M,Marketing,Yes,2023-04-22,New York
20.0,30699,0 years,1,Male,Marketing,Y,2010-10-31,Boston
33.0,44211,8 years,6,M,Marketing,No,2018-04-12,Seattle
45.0,68561,30 years,3,,,N,2012-03-22,New York
23.0,64371,0 years,3,Female,Marketing,Yes,2016-05-01,
24.0,42181,2 years,2,M,Marketing,Y,,
23.0,32719,0 years,8,Male,Engineering,,2016-03-27,Seattle
42.0,82052,25 years,5,,,,2017-01-28,New York
20.0,25000,0 years,7,Male,Marketing,,2019-02-22,New York
27.0,36882,2 years,7,F,Sales,,2014-03-01,Austin
28.0,65275,9 years,6,Male,,,2018-01-13,New York
31.0,45129,6 years,2,,,Yes,2022-09-17,Austin
28.0,58889,6 years,2,,,No,2023-01-03,Austin
46.0,55754,29 years,7,M,Engineering,,2021-01-12,Seattle
30.0,73760,7 years,10,F,HR,,2019-06-11,Seattle
44.0,39934,23 years,8,,Engineering,Yes,2011-04-22,Boston
46.0,39737,24 years,5,,,N,2017-12-21,Austin
34.0,61579,15 years,6,Male,,N,2022-02-15,Austin
27.0,60818,7 years,3,Female,Marketing,Yes,2017-04-09,
31.0,25000,11 years,1,Male,,No,2010-01-29,Austin
30.0,52891,7 years,9,F,,Y,,New York
31.0,47442,12 years,5,F,HR,,2016-03-06,Seattle
50.0,68395,30 years,1,Female,Sales,,2021-08-08,
26.0,49031,6 years,3,Female,Sales,Yes,2016-03-25,New York
18.0,25000,0 years,3,F,Sales,Y,2015-04-24,Seattle
32.0,35367,4 years,6,Female,Sales,Yes,2017-06-17,
24.0,33692,0 years,2,F,Sales,Yes,2018-11-27,New York
38.0,46104,19 years,6,F,Sales,,2013-01-14,New York
23.0,25273,0 years,2,Female,Marketing,No,2018-05-19,Boston
18.0,62223,0 years,8,Female,Engineering,Yes,2017-07-07,
34.0,35605,8 years,9,F,Engineering,Yes,2012-08-05,Boston
50.0,86389,30 years,3,F,HR,Yes,2019-06-18,New York
20.0,25304,0 years,7,Female,HR,Yes,2017-11-04,Austin
21.0,42276,1 years,5,F,Marketing,N,2017-01-20,
44.0,57231,20 years,7,Female,Engineering,No,2014-08-10,Austin
22.0,26702,0 years,6,M,Marketing,No,2013-03-05,
26.0,43863,4 years,2,M,Marketing,Y,2011-01-08,Seattle
,39597,19 years,6,Male,,Yes,2022-05-31,Austin
29.0,70294,2 years,4,Male,Sales,,2012-09-27,
35.0,72432,15 years,9,Male,Engineering,No,2021-02-27,Seattle
51.0,74144,27 years,9,Female,,,2012-05-01,New York
34.0,44416,10 years,9,F,HR,Yes,2016-01-01,
34.0,44857,10 years,4,Female,HR,Yes,2014-05-11,Seattle
36.0,63538,15 years,9,F,Engineering,Y,2021-05-18,New York
31.0,25000,7 years,9,Female,,N,2023-11-15,Boston
32.0,61530,16 years,1,Female,Marketing,,2018-12-21,Boston
39.0,51894,16 years,9,Female,Marketing,,2018-04-17,Seattle
33.0,39248,5 years,8,Male,Engineering,,2016-08-18,
21.0,41085,0 years,5,,HR,Yes,2020-06-20,New York
48.0,64668,20 years,10,Female,Engineering,Y,2015-02-08,New York
34.0,52410,11 years,2,Female,,Y,2022-03-03,Boston
25.0,41898,,6,Female,Marketing,,2021-01-03,New York
33.0,36554,7 years,6,Female,HR,Y,,New York
18.0,25000,0 years,2,Male,Engineering,,2014-02-28,Seattle
43.0,32979,19 years,10,Female,HR,,2015-03-06,
34.0,52060,11 years,6,Female,Marketing,No,2023-04-10,Seattle
52.0,56048,32 years,7,Female,HR,,2018-09-27,Seattle
29.0,42984,5 years,2,Male,Engineering,Yes,2015-11-02,New York
39.0,68401,22 years,2,Female,Marketing,,2014-06-22,Seattle
24.0,31207,4 years,4,Male,HR,Yes,2016-03-20,Boston
46.0,63432,28 years,6,F,Sales,Yes,2011-09-28,Austin
33.0,60237,7 years,9,,,,2017-05-21,New York
28.0,53282,1 years,9,Female,Marketing,Yes,,Austin
46.0,54688,21 years,3,Female,,Yes,2022-05-10,Seattle
39.0,65361,14 years,9,Male,HR,Y,2016-02-10,New York
53.0,64027,32 years,8,Female,Marketing,No,2023-07-06,Boston
39.0,51462,17 years,1,Male,Marketing,No,2010-06-03,Boston
53.0,79647,27 years,4,Male,Marketing,Y,2016-08-17,
24.0,25000,1 years,1,,Marketing,No,2010-02-06,Austin
44.0,62980,21 years,8,M,HR,,,Austin
18.0,26973,0 years,6,Female,Marketing,Y,2010-11-22,
18.0,25000,0 years,1,Female,Marketing,,2020-09-25,Austin
42.0,36762,19 years,4,Female,,Yes,2023-04-10,
40.0,56008,21 years,4,Male,Sales,Y,,
35.0,51995,11 years,9,M,,Yes,2012-03-15,Austin
25.0,28858,0 years,10,F,HR,Yes,2014-06-24,Boston
32.0,61777,13 years,1,F,HR,,2011-07-17,Boston
36.0,25000,16 years,5,Male,Marketing,Yes,2013-02-20,
37.0,53637,19 years,9,M,Marketing,Y,2019-03-09,Boston
18.0,25000,0 years,3,F,,N,,Austin
18.0,56559,0 years,6,,Marketing,,2018-11-11,Seattle
23.0,25000,1 years,3,Male,Engineering,Y,2023-03-13,Seattle
24.0,46034,4 years,3,,HR,Y,2020-11-14,Seattle
44.0,49917,21 years,8,Male,Marketing,Yes,2016-02-27,Austin
28.0,25000,11 years,4,M,Sales,,2020-09-29,
43.0,41947,25 years,8,Female,Engineering,,2022-09-25,Boston
44.0,38629,21 years,3,Male,Marketing,,2022-10-22,New York
,48664,11 years,5,Female,,Y,2018-04-17,Austin
31.0,39032,10 years,3,,Sales,Yes,,Austin
25.0,25000,0 years,4,Female,Marketing,Yes,2010-03-29,Austin
27.0,50024,1 years,4,Male,Marketing,,2020-04-21,Boston
37.0,25000,9 years,9,Male,HR,N,,
34.0,25000,13 years,1,Female,Sales,,,Austin
29.0,25000,8 years,7,Female,Sales,Yes,2023-02-12,New York
,63807,23 years,10,Male,Sales,N,2020-08-24,Boston
34.0,43270,14 years,10,Female,Sales,Yes,2016-07-24,Boston
28.0,35388,7 years,10,Male,HR,Y,2022-02-28,Boston
24.0,32324,7 years,5,Female,Sales,Yes,2010-05-11,Boston
44.0,34532,22 years,8,M,Marketing,,2022-02-04,
26.0,31862,3 years,6,F,Sales,No,,New York
48.0,51739,27 years,7,,,,2019-09-09,Boston
37.0,63945,17 years,4,Female,Engineering,Yes,2012-10-06,Seattle
32.0,36686,3 years,1,Female,,,2013-10-28,
32.0,39588,7 years,7,Female,Sales,,2019-04-27,Austin
36.0,33770,9 years,10,M,Sales,,,New York
32.0,48272,6 years,6,,Marketing,Yes,2015-06-28,Austin
29.0,47997,6 years,1,,Engineering,Y,2018-09-22,Austin
41.0,61720,19 years,1,Female,Sales,Yes,2012-04-17,Austin
44.0,106666,24 years,7,,HR,N,2016-11-06,
31.0,59223,7 years,6,F,Marketing,N,2020-12-31,
27.0,47009,8 years,4,F,Marketing,Yes,2012-10-22,Seattle
20.0,51051,0 years,4,Female,,N,2013-01-05,Austin
48.0,76315,24 years,5,M,Engineering,Yes,2011-07-10,Boston
38.0,39484,18 years,2,M,HR,Y,2016-10-18,Austin
34.0,32174,8 years,1,Female,Sales,No,2016-11-12,Boston
51.0,63926,26 years,2,Male,HR,,2016-12-27,New York
41.0,60674,19 years,2,Male,Marketing,Y,,New York
41.0,47715,15 years,8,F,HR,Y,2012-03-13,Boston
46.0,27792,20 years,5,Female,Engineering,Yes,2023-11-07,
34.0,33106,9 years,8,Male,HR,N,2012-06-01,
39.0,48975,16 years,9,,HR,Yes,2016-12-27,New York
45.0,56470,20 years,10,,,Yes,2017-04-30,Austin
46.0,50434,21 years,9,M,,Yes,2018-09-30,
18.0,31619,0 years,9,Male,Marketing,No,,Seattle
48.0,53498,23 years,3,Male,Engineering,Yes,2022-10-09,Austin
18.0,25000,0 years,4,Female,Marketing,,2021-12-24,Austin
31.0,29710,5 years,5,M,Marketing,Y,2019-03-06,New York
43.0,71297,20 years,6,Male,,N,2022-02-08,Seattle
30.0,51382,8 years,8,M,HR,Yes,2016-02-18,New York
60.0,62250,40 years,3,,Sales,Yes,2022-05-02,Seattle
18.0,25000,0 years,6,Male,Marketing,,2020-03-13,
42.0,42941,19 years,9,Female,Engineering,Yes,2021-12-20,New York
33.0,46607,14 years,8,M,Engineering,,2013-03-19,Boston
38.0,37430,11 years,10,Female,HR,Y,,
29.0,25000,8 years,5,Male,Engineering,Yes,,Austin
34.0,45637,11 years,7,Male,Engineering,Yes,2017-04-25,Boston
27.0,43252,3 years,7,Male,Sales,,2015-01-13,Austin
57.0,60134,33 years,10,F,Engineering,Yes,2022-06-19,Seattle
49.0,76616,23 years,10,M,Marketing,N,2013-10-04,
44.0,49577,18 years,4,,,No,2019-04-09,Boston
20.0,28134,1 years,8,Male,Engineering,Y,2014-12-21,Seattle
29.0,43971,2 years,4,Male,HR,Yes,,New York
25.0,66813,4 years,1,M,HR,No,2021-02-06,
34.0,71962,12 years,3,Male,Engineering,Yes,2013-10-28,New York
45.0,47352,20 years,5,Female,Sales,No,2013-01-26,Boston
31.0,50711,8 years,7,Female,Engineering,Yes,2011-07-25,Austin
23.0,41170,0 years,10,Female,Engineering,Yes,2020-09-05,
36.0,30823,15 years,2,Female,,N,2013-11-22,
27.0,25000,7 years,9,Male,,Yes,2014-12-05,New York
45.0,61830,21 years,9,Male,Engineering,N,2017-12-02,Boston
40.0,64572,20 years,3,F,HR,Y,2014-07-08,Seattle
38.0,50453,17 years,8,Female,Marketing,,2013-06-11,Seattle
39.0,39907,15 years,2,F,Marketing,Y,2023-05-14,New York
34.0,60954,9 years,3,F,Marketing,No,2020-10-18,New York
45.0,66312,19 years,7,Female,HR,No,2020-05-16,
18.0,25000,0 years,7,Male,,No,,Seattle
29.0,37440,11 years,8,M,Marketing,Y,2017-05-24,New York
31.0,46471,11 years,10,,Marketing,Y,2022-05-11,Austin
41.0,66322,20 years,6,Female,HR,Yes,2013-08-13,New York
37.0,32242,13 years,8,F,HR,Yes,2018-12-30,
34.0,35076,8 years,9,Male,Sales,,2017-09-28,Austin
37.0,53989,14 years,5,F,,,2014-09-15,Seattle
29.0,27244,8 years,4,M,Engineering,N,2012-09-26,Boston
23.0,60476,2 years,5,M,,Y,2021-12-14,Austin
28.0,61987,0 years,5,,Sales,No,2018-03-17,Seattle
32.0,45609,9 years,5,M,Engineering,No,2021-12-27,Austin
29.0,66412,10 years,9,Female,,Yes,2018-10-11,Seattle
34.0,31610,10 years,6,F,HR,No,2014-04-24,Austin
49.0,77726,29 years,4,Male,Marketing,Yes,2019-07-14,Boston
,56912,5 years,6,Female,Marketing,Yes,,Seattle
34.0,59788,13 years,9,Female,Marketing,Yes,2022-12-08,Boston
32.0,39429,11 years,6,Male,Sales,,2013-12-22,
39.0,25000,19 years,2,Female,Engineering,Yes,2019-08-11,
30.0,55140,7 years,9,M,Engineering,Yes,2019-03-21,Seattle
43.0,55269,21 years,1,,Sales,No,2021-04-20,New York
22.0,57357,0 years,3,Female,Sales,No,2012-03-27,New York
18.0,25000,,10,,Sales,Y,2011-09-23,Boston
27.0,25000,1 years,5,Male,,Yes,,New York
19.0,34064,0 years,6,F,HR,Yes,2017-06-07,Austin
21.0,54684,0 years,6,M,,No,2015-08-25,Austin
48.0,52441,26 years,4,F,Marketing,No,2017-01-03,Austin
28.0,37586,7 years,1,Female,,Yes,,
62.0,60904,36 years,10,,Sales,Y,2015-11-22,Austin
26.0,49207,2 years,3,Male,,Yes,2011-03-24,New York
45.0,66554,21 years,9,Female,,Yes,2015-08-11,
34.0,42106,16 years,5,F,Sales,Yes,,Boston
47.0,56657,24 years,8,F,HR,Y,2020-01-27,Seattle
34.0,44374,10 years,8,Female,Engineering,Y,2021-09-25,Seattle
28.0,25000,7 years,2,Female,Sales,Y,2017-10-10,New York
50.0,68770,17 years,9,F,Engineering,,2023-03-18,Boston
45.0,35686,23 years,9,,Marketing,Yes,2016-06-22,Seattle
29.0,54750,7 years,10,F,Engineering,Y,2013-10-20,Austin
28.0,54269,4 years,4,,HR,Y,2017-05-21,New York
51.0,72634,31 years,4,Male,Engineering,Y,,Seattle
48.0,70768,23 years,3,Female,,,2020-08-14,Boston
46.0,36344,30 years,3,Female,Sales,Yes,2016-12-10,Boston
31.0,36428,7 years,6,M,Engineering,Y,2021-09-25,
34.0,28674,11 years,8,,HR,,2015-10-29,Seattle
39.0,34024,15 years,4,,Engineering,Y,2018-08-09,
19.0,25000,1 years,9,Female,Engineering,No,2012-06-04,Austin
33.0,54410,11 years,2,M,Marketing,Yes,2020-10-28,Seattle
35.0,65111,10 years,1,,HR,Yes,2013-04-11,
32.0,44606,6 years,4,Female,,Y,2016-07-13,New York
19.0,25000,0 years,6,M,Sales,Y,2016-02-01,Boston
41.0,51048,16 years,3,,Sales,No,2022-11-08,Seattle
22.0,25000,1 years,4,Female,,Y,2016-08-09,Boston
34.0,43623,10 years,9,Male,,No,2013-01-24,Seattle
34.0,47249,8 years,7,Male,Engineering,Yes,2023-11-14,Austin
36.0,50934,14 years,4,Female,Sales,Yes,2020-10-20,New York
34.0,51878,11 years,10,F,,Yes,2015-03-02,Boston
18.0,29184,0 years,8,M,HR,Yes,2011-03-23,New York
48.0,33140,22 years,1,M,Engineering,,2015-05-06,
42.0,65538,11 years,10,Female,HR,Yes,2012-12-28,
31.0,35259,,7,,Sales,Yes,2021-09-26,Boston
28.0,25000,8 years,6,,HR,Y,2020-03-28,Boston
40.0,76200,19 years,4,F,Engineering,,2015-05-03,Seattle
20.0,25000,0 years,1,Male,Engineering,Yes,2020-03-31,New York
35.0,48831,12 years,8,,Marketing,Yes,2010-02-04,Boston
43.0,75560,21 years,6,Male,Engineering,Yes,2017-08-08,Boston
33.0,34769,,9,F,Engineering,Yes,2021-06-06,Austin
41.0,42262,26 years,1,F,,No,2013-09-24,
39.0,69142,9 years,3,M,Sales,Y,,Austin
37.0,77767,16 years,5,F,,Yes,,New York
36.0,44086,12 years,6,Female,Marketing,Yes,2018-08-09,Seattle
51.0,93267,24 years,3,F,HR,Yes,2018-10-16,
24.0,39422,,4,F,Sales,Yes,2022-07-07,New York
48.0,79177,26 years,9,F,,N,2016-12-01,Austin
29.0,46707,8 years,6,Male,,N,2022-08-16,Boston
44.0,42250,22 years,10,Male,Marketing,No,2019-05-28,Seattle
45.0,73100,21 years,4,Female,Sales,,2013-04-30,New York
35.0,33328,15 years,4,M,Engineering,N,,
22.0,30687,1 years,10,Male,,Y,2023-04-28,
43.0,54224,18 years,3,M,HR,Yes,2010-11-23,Seattle
40.0,68321,19 years,5,Female,Engineering,Yes,2015-06-04,New York
23.0,34825,1 years,3,Female,Engineering,Y,2021-06-22,
41.0,75948,16 years,5,M,Sales,,2019-09-01,Austin
31.0,44178,9 years,1,,Sales,Y,2018-05-31,New York
27.0,25000,7 years,6,Male,Marketing,Yes,2020-12-19,Austin
28.0,58332,6 years,5,Female,Sales,Y,2012-09-04,Boston
29.0,42767,9 years,5,F,,No,2021-09-04,
46.0,26762,25 years,6,Female,HR,Yes,2016-03-16,
18.0,25000,0 years,6,Male,Engineering,Yes,,Seattle
31.0,52769,10 years,7,Male,Marketing,,2011-02-25,Seattle
35.0,36339,10 years,8,Female,Sales,Yes,2022-12-07,New York
35.0,47288,12 years,1,M,Engineering,,2013-06-16,Boston
22.0,30847,0 years,5,Male,Marketing,Yes,2011-06-25,Seattle
18.0,36827,0 years,5,F,Marketing,Yes,2019-12-16,Boston
32.0,43433,12 years,10,M,Marketing,Yes,2019-12-12,Seattle
25.0,25161,1 years,8,Female,HR,,2020-03-03,Seattle
53.0,62852,,8,Male,Marketing,,2015-06-17,Boston
30.0,62404,9 years,8,M,Marketing,No,2019-08-14,
41.0,87680,20 years,7,Female,Engineering,Yes,2019-03-27,Austin
37.0,32468,19 years,1,M,,Y,2014-03-22,Seattle
18.0,39556,0 years,7,M,Marketing,Y,2021-03-14,Austin
31.0,58279,9 years,4,Male,HR,No,2011-06-07,
59.0,77618,38 years,6,Female,Engineering,No,2017-02-19,Seattle
28.0,76185,6 years,8,M,Sales,,2018-04-16,Boston
36.0,51636,15 years,3,M,,Yes,2019-09-16,Seattle
34.0,84961,16 years,4,M,Sales,Yes,2013-12-24,Austin
38.0,55446,17 years,3,Female,Marketing,Y,2012-01-17,New York
43.0,57586,15 years,10,Male,Engineering,,2017-01-10,New York
24.0,25000,0 years,6,Female,Engineering,N,2017-10-01,Boston
39.0,25000,23 years,9,,Marketing,,2012-10-09,
36.0,40950,3 years,7,Male,Sales,Y,2013-12-13,Seattle
48.0,49916,26 years,3,M,Engineering,,2010-03-15,Boston
44.0,63174,17 years,10,Female,HR,,2010-03-28,
57.0,60131,38 years,7,M,Marketing,Y,2015-10-07,Austin
39.0,31251,23 years,7,Male,,Yes,2011-05-05,New York
34.0,51596,12 years,7,Female,Engineering,Y,2017-10-19,Boston
18.0,52615,0 years,9,F,Engineering,N,,New York
42.0,40451,22 years,3,,HR,,2017-10-11,
41.0,29442,19 years,7,M,Engineering,Y,2017-06-12,Boston
37.0,68943,17 years,8,Female,,Yes,,
23.0,55166,0 years,3,,Marketing,No,2013-08-04,Boston
18.0,25612,0 years,5,Female,Sales,Yes,2017-06-23,Seattle
18.0,25000,0 years,3,Male,Sales,Yes,2022-02-25,Austin
23.0,25000,4 years,6,F,Engineering,Yes,2019-04-02,Austin
31.0,49634,9 years,7,F,Sales,Y,2021-10-22,Seattle
38.0,54339,12 years,3,,,,2022-04-04,
35.0,45875,9 years,4,Female,Marketing,Y,,Austin
46.0,68800,19 years,8,Female,Marketing,Y,2017-11-30,Boston
39.0,62519,19 years,7,,HR,Y,2020-08-21,New York
22.0,35822,0 years,3,Female,Marketing,,2019-04-13,Seattle
35.0,50022,14 years,6,Male,HR,No,2023-09-19,
38.0,30336,16 years,1,Female,Marketing,Yes,2022-08-13,Austin
30.0,58660,10 years,4,M,Engineering,Yes,2019-03-13,New York
18.0,38603,0 years,8,Female,Engineering,,2013-12-11,Boston
24.0,38448,0 years,10,Male,Sales,N,2017-05-24,Austin
,49680,0 years,1,Male,,No,2017-10-15,Boston
25.0,25000,0 years,10,M,Engineering,Y,,Seattle
18.0,25000,0 years,8,Male,HR,,2014-01-03,
43.0,40254,25 years,7,Female,,Y,2014-02-05,New York
21.0,27859,0 years,1,,Marketing,,,
26.0,42268,3 years,6,,Engineering,No,2017-10-30,Boston
41.0,45582,19 years,6,Female,HR,No,2023-11-10,New York
37.0,78209,,1,,HR,Yes,2023-01-26,Seattle
22.0,35535,1 years,3,,,Yes,2013-01-01,Seattle
18.0,25000,0 years,7,Male,HR,N,2014-07-14,
55.0,76777,34 years,7,F,Marketing,,2011-07-11,Austin
29.0,33107,6 years,7,,Engineering,No,2011-06-26,New York
20.0,61811,0 years,1,Female,Engineering,Y,,Austin
50.0,53830,24 years,5,M,,N,2016-02-15,Seattle
34.0,77765,11 years,10,Male,Marketing,N,2019-05-28,Seattle
39.0,74119,24 years,3,F,HR,No,,Seattle
25.0,30828,0 years,9,,HR,Yes,2019-04-06,Boston
31.0,25000,11 years,5,Female,HR,Yes,2014-01-02,
19.0,37799,0 years,3,F,Marketing,N,,Austin
25.0,50396,9 years,8,Male,HR,,2011-06-03,New York
18.0,46039,0 years,8,F,,No,2021-05-21,Seattle
25.0,46826,3 years,10,M,,Y,2010-11-05,
51.0,60790,31 years,2,Male,,,,New York
19.0,26781,0 years,6,Male,,Yes,2011-02-20,New York
58.0,68417,34 years,9,,Sales,,2018-07-02,Boston
54.0,51098,29 years,5,Male,,N,2016-06-17,Boston
27.0,41906,5 years,5,Female,Marketing,Yes,2015-09-09,Seattle
33.0,38982,10 years,4,Female,,Y,2018-05-11,Austin
44.0,60696,23 years,5,,Sales,Yes,2020-09-27,Boston
33.0,50210,16 years,9,Female,Sales,Yes,2011-05-30,
41.0,50094,17 years,5,Male,,Yes,2020-11-05,Boston
51.0,59721,30 years,7,Female,Sales,No,2014-02-18,Austin
38.0,49444,16 years,7,,,,2016-08-18,Boston
44.0,52360,26 years,6,Male,Marketing,Yes,,
31.0,50390,8 years,10,Female,Engineering,No,2014-12-14,Boston
22.0,26603,0 years,1,,Marketing,Y,2013-12-31,
38.0,62396,14 years,7,M,Engineering,Yes,2015-10-25,Seattle
51.0,48590,24 years,5,Male,,No,2015-01-11,New York
26.0,32866,6 years,3,M,,,2016-02-14,New York
36.0,53591,14 years,6,Female,Sales,Yes,2018-12-18,Boston
,31927,3 years,8,M,,No,2021-10-05,
40.0,35550,16 years,9,,Engineering,,2010-11-18,Austin
27.0,41307,6 years,4,,HR,Y,2013-06-05,New York
19.0,25000,0 years,6,Female,Marketing,Yes,2011-06-03,New York
39.0,67394,18 years,3,,Marketing,,2022-08-29,Boston
48.0,63805,27 years,7,Male,Engineering,,2013-07-13,
31.0,62516,9 years,9,Female,,No,2022-08-31,Seattle
32.0,26440,6 years,8,,HR,,2010-11-27,Austin
34.0,54467,11 years,2,Female,,Yes,2021-02-28,Seattle
40.0,42397,17 years,1,,HR,No,,Boston
22.0,44528,0 years,6,Male,Sales,Y,2011-08-20,New York
25.0,62290,3 years,2,M,Sales,Yes,2018-04-28,Austin
41.0,69711,17 years,8,F,Sales,Y,2012-03-08,Seattle
36.0,48281,13 years,1,Female,HR,Yes,2023-12-20,
27.0,56272,7 years,3,Male,Sales,Yes,2014-11-18,Seattle
28.0,49524,,6,Female,Engineering,Yes,2017-10-30,New York
36.0,61243,18 years,4,Male,Sales,Y,2014-01-12,New York
37.0,43014,10 years,2,Female,Marketing,Yes,2014-12-13,Boston
28.0,33554,0 years,10,,HR,No,2023-06-07,Seattle
25.0,38337,0 years,7,Female,,Y,2023-02-19,New York
38.0,54197,17 years,1,,Engineering,Yes,2016-07-02,New York
34.0,42967,14 years,2,Male,,N,2019-11-03,Seattle
38.0,25000,18 years,8,,Marketing,Yes,2010-02-22,New York
44.0,57512,27 years,3,,Sales,Yes,2021-04-24,
55.0,71596,,10,Female,Marketing,Yes,2020-08-13,Seattle
21.0,47032,,5,F,,,2018-02-01,Boston
34.0,44780,14 years,6,M,Marketing,N,2015-12-14,Boston
31.0,37230,8 years,2,,Marketing,Yes,2016-03-28,
43.0,60665,20 years,9,Female,Marketing,Y,2022-12-18,New York
50.0,66370,27 years,9,,Marketing,N,2018-02-11,New York
19.0,38443,0 years,8,F,Sales,Yes,2011-05-22,Austin
30.0,35092,7 years,5,Female,Marketing,No,2023-12-13,
18.0,53543,0 years,5,F,Engineering,,2011-03-17,New York
37.0,57521,15 years,4,Male,HR,,2018-10-12,New York
45.0,64240,22 years,7,,,,2019-03-24,Austin
19.0,25000,0 years,10,,,Y,2015-07-28,New York
33.0,25000,12 years,8,Female,Engineering,Yes,2013-05-16,New York
29.0,51998,3 years,10,Female,Sales,No,2017-08-10,Seattle
42.0,57891,21 years,10,,HR,Y,2016-12-30,New York
37.0,51665,16 years,7,,,Yes,2010-12-28,Seattle
20.0,34304,0 years,7,Male,,N,2011-06-07,Austin
41.0,51466,20 years,1,Female,Sales,Yes,2010-05-19,New York
33.0,46524,8 years,6,M,,Y,2011-08-29,Boston
40.0,45043,13 years,5,M,Engineering,,2016-05-19,New York
36.0,50680,14 years,2,Female,,,2016-02-06,
38.0,25000,13 years,9,Female,Sales,Yes,2015-12-28,Boston
,26505,5 years,4,F,HR,Yes,2012-03-13,Boston
22.0,31256,1 years,2,Male,Engineering,,2010-06-08,
45.0,40360,25 years,4,,Sales,No,2014-01-08,
49.0,74392,22 years,5,F,,N,2016-08-01,
38.0,47832,12 years,7,Female,Sales,Yes,2016-02-29,
33.0,49379,6 years,10,Female,Sales,Y,2018-11-13,Austin
33.0,49913,9 years,10,Female,Marketing,Yes,,New York
38.0,42002,16 years,6,Male,Marketing,,2020-12-16,Boston
40.0,75247,18 years,10,F,Marketing,Yes,2021-01-18,Boston
25.0,51012,0 years,5,,,Yes,2011-04-26,Boston
,57296,18 years,1,M,Engineering,Y,2023-10-02,New York
41.0,48280,20 years,7,Female,Sales,,2022-12-04,
46.0,89740,19 years,8,F,HR,No,2014-10-22,New York
30.0,51691,4 years,8,Male,Sales,Y,2019-05-17,New York
29.0,25000,,8,F,HR,No,2011-12-23,New York
34.0,44210,6 years,10,Male,Marketing,N,2023-03-09,Seattle
31.0,59062,12 years,8,,Engineering,Y,2016-02-12,Boston
42.0,43158,19 years,9,Male,Engineering,Yes,2015-11-07,New York
40.0,77613,14 years,9,F,Engineering,Y,2018-07-16,Boston
43.0,49875,21 years,2,M,Sales,Yes,2016-02-15,Seattle
38.0,41421,11 years,2,Female,HR,No,2020-11-13,Boston
29.0,29517,5 years,7,Female,Sales,Y,2010-05-05,
,25000,0 years,10,,,No,2011-12-17,Austin
45.0,47414,,8,F,Marketing,No,2012-12-16,Seattle
29.0,28994,4 years,10,,Marketing,No,2020-04-15,Seattle
18.0,37387,0 years,4,F,Marketing,,2021-01-21,New York
36.0,51925,9 years,10,Male,Sales,Y,2018-05-28,New York
35.0,25000,11 years,1,Female,Engineering,Y,2023-08-24,Boston
58.0,63008,,3,Female,Engineering,Yes,2010-06-11,New York
18.0,25000,0 years,8,Male,HR,Yes,,New York
28.0,50597,6 years,10,F,Marketing,No,2011-11-08,Seattle
31.0,25212,8 years,9,M,Marketing,Y,2018-06-02,Seattle
18.0,25000,0 years,5,M,Marketing,Yes,2012-10-21,New York
36.0,46611,8 years,4,F,HR,Y,,
29.0,40727,5 years,3,F,,Yes,2017-12-12,New York
34.0,32908,13 years,8,Male,Marketing,Yes,2020-08-29,New York
27.0,73034,0 years,10,F,Marketing,Y,2012-07-27,Seattle
36.0,52528,18 years,10,Male,Engineering,Yes,2021-01-13,Boston
55.0,50404,34 years,9,M,Engineering,Yes,2013-07-18,Austin
31.0,75452,9 years,10,Male,Sales,No,2010-04-19,
39.0,34783,,3,F,HR,Yes,2014-07-14,Boston
29.0,25000,8 years,8,,Engineering,No,2017-06-11,Boston
30.0,31858,11 years,3,Male,Engineering,No,2021-09-10,Boston
24.0,47106,0 years,5,Female,HR,Yes,2018-03-20,Austin
26.0,56126,1 years,9,Male,Marketing,,2021-11-12,Seattle
37.0,53496,13 years,4,,Marketing,Y,2014-08-09,New York
23.0,53906,4 years,2,Female,Engineering,N,2018-03-10,
29.0,37110,4 years,9,Female,Engineering,,2019-08-06,Seattle
39.0,56246,10 years,8,Female,Engineering,Y,2020-03-24,Seattle
41.0,25000,22 years,2,,Marketing,Yes,2018-06-22,Boston
25.0,66532,1 years,6,Female,Engineering,Y,,Boston
24.0,36564,1 years,1,F,Engineering,,2011-11-23,Austin
49.0,67017,25 years,5,,Engineering,No,2019-04-14,New York
49.0,69012,29 years,1,F,Sales,,2021-04-28,Seattle
40.0,77662,19 years,4,Male,HR,,2017-10-16,New York
29.0,32648,9 years,9,Male,Sales,Yes,2015-07-11,Boston
40.0,49373,17 years,9,Male,Sales,,2012-10-18,Seattle
38.0,38017,12 years,1,Female,Sales,Y,2010-11-03,Austin
27.0,30814,2 years,9,F,Sales,,2016-07-18,New York
18.0,32882,0 years,8,Male,Sales,,2016-08-25,Austin
20.0,25000,0 years,7,,,Yes,,New York
22.0,25000,0 years,1,Male,Engineering,Y,2014-05-26,
50.0,28910,27 years,8,Female,HR,,2010-07-22,Boston
44.0,44708,21 years,5,Male,Sales,,2020-07-06,
25.0,26565,5 years,4,Female,Sales,Yes,2015-03-18,Boston
48.0,54079,24 years,1,Female,Sales,Yes,2012-08-20,New York
44.0,32408,23 years,6,M,HR,Yes,2019-10-15,
45.0,49110,20 years,1,Female,Marketing,,2015-02-20,
31.0,40020,8 years,10,M,HR,Y,2021-06-28,Boston
26.0,36821,2 years,3,Male,Sales,No,2015-01-15,Boston
44.0,70865,22 years,8,M,HR,Y,2020-08-17,Seattle
25.0,31686,6 years,4,,HR,N,2011-10-05,Boston
18.0,35470,0 years,10,F,Sales,Yes,2020-04-20,Seattle
40.0,57509,21 years,1,,Sales,Yes,2019-08-18,Boston
34.0,71038,7 years,6,,Sales,N,2020-05-06,New York
26.0,35663,3 years,10,F,Engineering,Y,2015-09-09,Boston
40.0,48607,22 years,1,Male,Sales,Yes,2010-03-07,New York
18.0,41214,0 years,7,M,HR,N,2023-06-27,Seattle
32.0,36482,12 years,1,Female,Sales,Y,2014-10-24,Austin
30.0,38898,2 years,8,Female,Marketing,No,2012-11-16,New York
22.0,36410,0 years,1,Female,Marketing,Y,2022-12-22,Austin
40.0,69283,16 years,4,Female,HR,Yes,2018-05-15,Boston
45.0,43955,23 years,5,Female,Engineering,Y,2017-01-07,Boston
33.0,54443,10 years,2,Male,HR,Yes,2022-06-06,Seattle
39.0,85995,12 years,5,,Marketing,,2016-10-31,Austin
55.0,81185,34 years,5,Female,,Yes,2016-01-29,New York
31.0,37255,11 years,9,F,,,2012-04-08,Seattle
23.0,25000,3 years,7,M,Engineering,No,2012-01-18,New York
26.0,47314,6 years,10,F,Sales,,2015-07-24,Boston
35.0,37415,17 years,1,Female,,Y,2012-01-19,Seattle
25.0,36365,3 years,2,Male,Engineering,,2020-05-15,
30.0,55207,12 years,4,Male,Engineering,Yes,2011-12-15,
34.0,34779,14 years,4,Female,Marketing,No,2020-03-13,New York
18.0,30481,0 years,3,Female,Engineering,N,2015-02-07,
29.0,25000,9 years,8,,Marketing,Y,2021-05-09,Austin
41.0,76303,18 years,9,Female,,Yes,2019-11-17,Boston
18.0,48934,0 years,2,,Marketing,Y,2012-05-11,Austin
20.0,25749,0 years,6,Female,Marketing,N,2012-11-28,
37.0,67659,15 years,9,Male,,No,2020-03-08,
36.0,40359,16 years,2,Female,HR,,2021-10-16,Seattle
45.0,47882,20 years,10,,HR,N,,
38.0,85705,21 years,5,M,,Y,,New York
40.0,36770,15 years,2,M,HR,,2011-02-26,
37.0,48760,19 years,2,,Engineering,Y,2023-05-19,Seattle
44.0,49432,22 years,9,,HR,Yes,2015-01-12,Austin
28.0,84957,1 years,7,M,HR,No,2016-09-22,Seattle
36.0,25000,10 years,1,M,,No,2023-03-01,Austin
23.0,29439,1 years,4,F,Sales,No,2011-08-27,Seattle
25.0,35942,1 years,9,,Marketing,Yes,,Boston
40.0,61839,15 years,8,,Marketing,Yes,2023-12-24,Boston
29.0,76394,7 years,3,Female,HR,Yes,2023-08-15,Boston
32.0,25441,13 years,3,M,Engineering,Yes,2019-05-28,New York
46.0,68774,25 years,1,F,Marketing,Y,2018-08-28,Seattle
24.0,25000,6 years,3,Female,HR,,2018-05-17,Austin
31.0,65151,6 years,1,Female,Sales,Yes,2022-12-04,Austin
18.0,29329,0 years,7,,,No,,Austin
44.0,57351,18 years,2,Female,Marketing,,2014-04-13,New York
52.0,62478,28 years,4,F,Engineering,Yes,2021-05-19,Boston
28.0,25000,5 years,8,Female,Sales,Yes,2010-06-03,Boston
34.0,43436,11 years,4,Female,Marketing,Yes,2012-12-16,New York
26.0,41785,0 years,10,Female,,Y,2021-12-16,
48.0,29624,23 years,2,,Sales,Y,2011-11-26,
24.0,31023,3 years,9,M,Marketing,No,2017-08-18,New York
39.0,59929,11 years,6,Female,HR,Y,2014-10-28,Austin
41.0,44922,22 years,7,,Sales,Y,2013-06-04,Boston
29.0,44780,6 years,7,M,Marketing,Yes,2015-05-19,New York
37.0,42965,14 years,8,Female,Sales,Yes,2015-09-25,
25.0,32870,4 years,8,Female,HR,No,2010-11-17,Boston
18.0,58570,0 years,7,,Sales,No,2016-12-09,Seattle
36.0,60588,17 years,4,M,,Y,,Boston
18.0,42044,0 years,9,Female,Engineering,,2018-08-28,Boston
32.0,48640,11 years,1,M,Marketing,Yes,,Seattle
49.0,42565,26 years,1,F,HR,,2015-01-21,Boston
33.0,47791,6 years,2,,Sales,N,2020-07-13,New York
36.0,55811,3 years,7,M,Sales,Y,2011-04-08,New York
34.0,28099,11 years,8,Female,,Yes,2012-10-23,New York
26.0,31819,4 years,3,Female,HR,No,2012-01-10,
45.0,38850,20 years,9,Female,Engineering,No,2010-07-04,Austin
39.0,68242,17 years,10,Female,HR,Yes,2017-05-29,Boston
26.0,30475,3 years,3,F,HR,Y,2015-09-15,New York
39.0,79678,18 years,5,M,Sales,No,2019-11-05,Boston
34.0,46017,12 years,5,,Engineering,Y,2017-07-18,Seattle
42.0,33092,19 years,8,Male,Engineering,No,2017-09-18,Boston
29.0,55124,3 years,7,M,,Yes,2015-06-29,
18.0,25688,0 years,9,Male,Engineering,,2023-06-01,Boston
58.0,47631,30 years,4,M,Marketing,N,2016-04-20,Austin
46.0,69521,23 years,2,Male,Marketing,,2011-01-09,
38.0,35268,15 years,10,Male,HR,Yes,2018-12-01,New York
34.0,60849,11 years,5,Female,Engineering,No,2019-01-10,New York
33.0,57389,9 years,10,Male,Engineering,Yes,2015-02-13,Boston
33.0,47692,14 years,3,M,Engineering,Y,2023-01-28,New York
42.0,79080,19 years,6,Female,Sales,N,,New York
46.0,54996,21 years,7,Female,Sales,,2021-01-06,New York
32.0,46184,2 years,4,,,Y,2022-03-23,Austin
30.0,33048,9 years,6,Male,Engineering,Y,2020-07-24,Austin
43.0,62621,24 years,3,Female,Marketing,Y,2017-01-05,New York
31.0,32175,7 years,8,F,Sales,,2011-12-30,Boston
36.0,54793,15 years,5,F,Sales,Y,,New York
59.0,66398,37 years,3,Female,Sales,,2021-07-24,Seattle
32.0,47063,9 years,2,M,Marketing,No,2022-10-07,
27.0,25000,3 years,8,M,HR,Yes,2021-05-19,
31.0,60023,8 years,8,Female,HR,,2014-10-06,Boston
47.0,55389,26 years,9,F,Sales,Y,2012-05-01,New York
32.0,52198,14 years,4,,Sales,,2013-12-22,New York
55.0,70797,32 years,3,F,HR,N,2012-12-06,Seattle
32.0,50523,13 years,5,F,Marketing,,2010-03-21,Seattle
29.0,48243,6 years,4,F,,Yes,2011-09-07,Boston
26.0,64160,4 years,3,Male,HR,,2013-11-24,Boston
37.0,39366,17 years,3,F,HR,Yes,2014-01-26,New York
28.0,36347,6 years,1,F,HR,,2019-09-27,New York
31.0,26775,4 years,9,Male,Sales,Yes,2011-06-03,
38.0,48417,19 years,4,,Sales,Yes,2022-08-15,Seattle
45.0,56833,21 years,2,M,Marketing,N,2019-11-25,Austin
28.0,40920,2 years,3,Male,Engineering,,2018-04-08,Boston
36.0,77679,15 years,9,M,Engineering,,2015-03-31,Boston
34.0,45375,13 years,6,,HR,Y,2013-10-09,Seattle
,40573,23 years,8,M,Engineering,Yes,2021-12-10,New York
45.0,57770,,1,Male,Engineering,Yes,2016-04-05,Seattle
27.0,25000,0 years,1,,Engineering,Y,2011-03-24,New York
21.0,32552,0 years,7,,Sales,No,2018-01-10,Boston
43.0,58148,17 years,7,Female,Marketing,N,2023-09-23,New York
28.0,25000,4 years,3,,HR,No,2019-02-28,Seattle
29.0,41820,7 years,10,Male,Sales,Yes,2023-05-07,
49.0,45512,27 years,4,,Sales,Y,2011-02-27,
41.0,44742,15 years,2,F,HR,No,2019-10-25,Seattle
36.0,58106,14 years,5,Female,HR,Y,2018-03-01,New York
31.0,54195,3 years,6,Male,Sales,Yes,2019-12-17,Seattle
31.0,28478,9 years,4,Male,Sales,,,Boston
35.0,40648,15 years,7,,Marketing,Yes,2015-12-24,
34.0,51645,8 years,1,Female,,N,2013-02-20,Seattle
41.0,43629,21 years,8,Male,,N,,Austin
36.0,45414,8 years,4,Female,Marketing,,2019-05-24,
38.0,44438,18 years,2,,HR,Yes,2013-02-10,Seattle
30.0,31013,12 years,5,F,HR,Yes,2021-12-02,Austin
39.0,25000,14 years,5,F,Sales,Y,2017-11-18,Seattle
31.0,51069,10 years,3,,Sales,No,2010-09-23,
33.0,53037,6 years,4,F,HR,No,2022-11-15,Seattle
24.0,45488,5 years,10,M,Marketing,,2011-07-25,
41.0,57760,19 years,6,Female,Engineering,,2016-05-15,Boston
40.0,37033,22 years,6,Female,,Yes,2019-02-03,Austin
40.0,52504,21 years,6,Female,Marketing,Y,2020-03-03,Boston
50.0,61468,28 years,5,M,,Y,2014-12-28,Austin
21.0,37347,2 years,8,Male,Marketing,,,Seattle
34.0,36444,11 years,4,F,Engineering,Yes,,Seattle
40.0,30783,21 years,2,M,,Yes,,New York
28.0,25000,5 years,2,Female,Engineering,No,2022-03-27,New York
25.0,56250,2 years,7,F,Marketing,Yes,2019-01-26,Seattle
24.0,45379,0 years,1,Female,,Y,2019-07-05,
37.0,50434,14 years,10,,Marketing,,2016-08-13,New York
27.0,25000,1 years,5,M,HR,Yes,,
34.0,50544,8 years,5,Female,HR,Y,2012-04-20,Seattle
36.0,55624,12 years,3,Female,,Yes,2010-06-18,Austin
27.0,42476,2 years,5,M,HR,No,2017-03-09,Seattle
47.0,60486,25 years,9,,,N,,Austin
28.0,72567,1 years,3,,Engineering,N,2022-04-16,
28.0,36103,7 years,6,F,,,2010-09-25,New York
40.0,63055,14 years,3,,Marketing,,2018-03-12,New York
28.0,29709,3 years,4,Male,Sales,,2014-11-04,Austin
18.0,40565,0 years,5,M,Sales,Y,2020-08-24,Austin
28.0,57531,9 years,8,Male,Sales,N,2012-08-15,Boston
30.0,56217,8 years,9,Male,Sales,N,2013-06-12,Austin
38.0,55437,13 years,1,M,,,2017-04-03,Seattle
18.0,39186,0 years,5,,HR,Y,2010-10-01,
33.0,46695,7 years,3,M,,No,,New York
42.0,77143,21 years,4,Female,Engineering,,2018-07-20,Austin
28.0,36704,4 years,8,Male,Engineering,Yes,2022-12-24,Austin
33.0,67642,5 years,7,F,Marketing,Yes,2016-12-05,Boston
26.0,30049,2 years,9,Female,Marketing,,,Seattle
24.0,72174,5 years,1,F,,Y,2018-07-22,Seattle
20.0,57684,1 years,9,Male,HR,Y,,Seattle
34.0,33795,13 years,8,Male,Engineering,,2023-07-26,Austin
31.0,47487,8 years,3,Female,Sales,Y,2015-12-01,Seattle
37.0,56493,13 years,6,Female,Engineering,No,2020-04-16,Boston
41.0,39995,20 years,9,F,Marketing,Yes,2015-06-06,Boston
44.0,58910,25 years,5,Male,Engineering,,2020-11-24,Seattle
44.0,49382,19 years,9,,Sales,,2020-01-21,New York
50.0,78473,24 years,1,M,,No,2018-12-05,Austin
31.0,38340,10 years,10,Female,HR,Yes,2017-01-13,
32.0,36126,8 years,2,Female,Marketing,Y,2020-08-02,Seattle
38.0,58330,15 years,2,M,HR,,2013-12-05,Boston
24.0,39366,3 years,9,Male,Sales,N,2010-01-14,Boston
43.0,53870,24 years,1,,HR,Yes,2016-09-11,Austin
43.0,55077,20 years,2,,HR,No,2016-05-18,Austin
42.0,68147,22 years,2,M,Engineering,Y,2010-06-05,
44.0,58910,25 years,5,Male,Engineering,,2020-11-24,Seattle
36.0,44521,,8,,HR,Yes,2019-02-28,Seattle
18.0,32334,0 years,3,Female,Engineering,Yes,2020-11-14,Austin
49.0,48687,25 years,4,Male,,Y,2019-07-02,Austin
41.0,35278,19 years,2,M,HR,,2022-11-20,New York
31.0,59285,8 years,8,Female,Engineering,,2022-10-24,Boston
27.0,45261,3 years,7,M,Sales,Y,2019-10-20,Boston
26.0,25000,0 years,4,F,,,2019-10-02,Boston
43.0,26460,23 years,5,Female,Sales,No,,New York
57.0,57287,36 years,9,Female,Engineering,Yes,2021-01-05,Austin
42.0,64571,24 years,5,,Marketing,,,New York
43.0,64600,12 years,6,Male,,,2016-10-30,Boston
,68793,18 years,7,Female,HR,N,,Seattle
40.0,50682,21 years,5,Female,,,2023-11-03,Austin
32.0,45275,11 years,10,F,Engineering,Y,2021-01-30,
44.0,39680,21 years,5,Female,HR,No,2015-05-14,
30.0,42192,6 years,6,Male,,N,2018-11-28,Seattle
30.0,25000,9 years,5,Male,,,2017-10-23,Austin
41.0,34054,17 years,10,Male,Engineering,Yes,2016-06-14,Austin
30.0,56115,9 years,8,M,Marketing,Y,2020-11-02,New York
45.0,76082,,6,M,,Y,2011-07-07,
45.0,50935,24 years,8,Male,Marketing,No,2022-07-27,Boston
28.0,40470,11 years,2,Male,Engineering,Yes,2019-10-02,Seattle
23.0,37124,0 years,8,Male,,Y,2023-04-24,Seattle
42.0,52113,19 years,2,Female,Sales,,2020-01-03,Austin
29.0,56405,12 years,5,Female,,No,2016-09-26,
36.0,58052,16 years,7,,HR,,2019-09-24,Austin
51.0,62166,37 years,5,,Engineering,Y,2010-02-13,Austin
26.0,26674,5 years,9,Female,Marketing,Yes,2013-12-07,
21.0,55785,0 years,6,,,Yes,2020-06-05,Austin
48.0,47853,24 years,3,F,Sales,Yes,2014-07-16,
36.0,45865,11 years,7,Female,Engineering,Y,,Seattle
18.0,30157,0 years,7,F,Sales,,2014-11-25,Austin
18.0,30926,2 years,2,Male,Engineering,No,2013-03-31,New York
38.0,71033,15 years,10,Female,Marketing,No,2014-05-10,Austin
25.0,65620,1 years,10,Female,Engineering,Yes,2021-05-02,Boston
38.0,72528,18 years,6,Female,Sales,,2017-12-16,
46.0,32508,25 years,10,Female,,Yes,2015-11-28,
31.0,50373,,2,Female,Engineering,,2014-08-30,
34.0,26901,12 years,5,Female,Engineering,Yes,2017-03-13,Seattle
32.0,30812,7 years,8,Male,Marketing,Yes,2012-10-02,Boston
32.0,79768,12 years,1,Male,Sales,Y,2017-01-17,Boston
33.0,42770,13 years,9,,,N,2018-02-25,Seattle
36.0,80230,14 years,3,Male,Engineering,,2023-03-14,Seattle
31.0,25000,13 years,5,,,,2018-11-03,New York
36.0,74246,16 years,8,Male,Engineering,N,2018-11-14,
30.0,28637,8 years,1,Male,,Yes,2013-07-01,Boston
36.0,63476,13 years,6,Male,,Y,,Boston
29.0,25000,8 years,4,,Sales,Yes,2012-09-05,
45.0,52821,23 years,3,Male,Engineering,Y,2016-06-09,New York
33.0,25000,10 years,7,Female,HR,Y,2022-03-07,Austin
45.0,48815,24 years,2,Male,HR,Y,,Seattle
46.0,67142,20 years,10,Female,HR,Yes,,New York
35.0,25000,17 years,6,M,Engineering,No,2019-10-26,New York
47.0,78290,27 years,2,,HR,Yes,2011-06-20,Austin
32.0,39386,12 years,6,Female,HR,N,,Seattle
33.0,52650,11 years,5,,Marketing,,2012-09-16,Austin
18.0,35322,0 years,5,M,HR,No,2022-04-28,New York
32.0,46520,10 years,4,,HR,Yes,2023-08-02,Boston
53.0,65503,31 years,3,Female,Sales,No,2022-01-06,Seattle
40.0,69381,20 years,9,Male,Engineering,Yes,2019-03-26,Austin
41.0,63809,19 years,7,,HR,,2017-09-03,Boston
18.0,25970,0 years,7,,Sales,Y,2016-01-21,New York
29.0,49838,15 years,7,M,Engineering,No,2015-10-01,New York
30.0,62188,7 years,1,,Marketing,Yes,2015-01-17,New York
43.0,65008,17 years,8,,Marketing,Y,,Boston
33.0,65119,11 years,10,Female,Sales,,2012-01-05,Austin
25.0,37654,4 years,4,,Engineering,Y,,Austin
39.0,47104,23 years,4,M,Sales,No,2018-11-30,
32.0,25026,14 years,1,M,HR,Yes,2012-08-19,
30.0,40629,14 years,10,,Marketing,Yes,,Boston
26.0,54928,4 years,4,,Engineering,Yes,2023-07-23,Boston
26.0,34935,3 years,8,Female,,Yes,2016-03-22,Seattle
33.0,33703,,9,Male,Marketing,Yes,2018-08-12,Boston
36.0,34720,11 years,8,Male,,No,2010-06-16,Seattle
36.0,31703,9 years,9,Female,Engineering,Yes,2023-11-25,Austin
30.0,27567,8 years,3,Female,HR,Yes,2019-06-19,Seattle
47.0,52649,28 years,9,Male,Marketing,,2013-02-02,
38.0,62558,17 years,7,Male,Sales,,2022-02-15,Seattle
28.0,60735,8 years,8,Male,,No,2012-11-07,Austin
54.0,72492,35 years,2,Female,Marketing,Y,2011-11-26,
22.0,33035,1 years,2,Female,Marketing,Yes,2019-07-03,
46.0,67290,29 years,9,M,Engineering,N,2012-01-03,New York
31.0,45139,15 years,9,F,HR,Y,2010-01-01,Boston
43.0,71353,21 years,8,Female,Engineering,Y,2011-10-01,Austin
41.0,54250,19 years,1,Female,Marketing,Yes,2015-01-27,Austin
18.0,32084,0 years,7,Male,Sales,Yes,2019-10-11,Seattle
40.0,40410,14 years,2,Female,Engineering,Y,,Boston
42.0,55514,20 years,10,Female,Sales,Y,2015-05-08,New York
40.0,53224,20 years,1,,Engineering,,2017-02-06,Seattle
54.0,95737,29 years,4,M,,No,2019-08-20,
47.0,54454,31 years,3,M,Marketing,N,2014-05-20,New York
21.0,61758,3 years,8,,HR,Yes,2011-12-08,New York
18.0,25000,,8,M,Engineering,Yes,2016-11-07,Austin
45.0,61162,20 years,6,,HR,N,2016-03-07,
18.0,25000,0 years,10,Male,Engineering,,2012-11-09,Seattle
41.0,55205,17 years,2,F,,N,2020-03-17,New York
21.0,46766,3 years,7,Male,,N,2019-09-30,Austin
48.0,52903,26 years,4,Female,Sales,No,2018-08-10,Seattle
38.0,60888,19 years,2,Female,Marketing,Yes,2015-03-19,Seattle
27.0,29220,6 years,5,Male,Engineering,,2015-09-16,Boston
18.0,39301,0 years,7,M,Engineering,No,2019-02-19,
30.0,38636,8 years,7,Male,HR,Y,2011-11-24,Austin
38.0,55063,14 years,7,Male,Marketing,Y,2015-07-08,Austin
36.0,60489,15 years,1,Male,Engineering,,2022-11-21,Boston
18.0,25000,0 years,6,F,,Y,2015-03-30,New York
56.0,34272,39 years,4,Male,Marketing,Y,2012-02-04,New York
28.0,25000,2 years,4,,Marketing,,2014-09-26,New York
18.0,38137,0 years,6,Female,Sales,No,2012-01-08,Seattle
37.0,60205,17 years,8,Female,,Yes,2016-09-17,Boston
32.0,41897,12 years,10,F,Marketing,,,
34.0,39145,7 years,10,Male,Marketing,Yes,2017-08-30,Boston
29.0,32542,4 years,2,Female,,,2022-08-06,Boston
49.0,51094,28 years,8,,HR,,2016-09-10,
25.0,42131,4 years,7,Male,Engineering,N,2021-09-20,
37.0,45001,13 years,5,Male,,Yes,2019-10-12,New York
39.0,52951,14 years,8,M,,N,,New York
38.0,60090,14 years,3,Female,Marketing,N,2011-01-28,Seattle
41.0,72128,18 years,5,Male,HR,Yes,2015-02-25,Seattle
21.0,46314,2 years,2,Female,HR,N,,New York
39.0,25000,17 years,4,F,Sales,Yes,2015-11-15,Austin
36.0,38214,11 years,4,Male,HR,Y,2015-10-18,Austin
40.0,42326,20 years,9,Male,HR,No,2016-08-23,
42.0,47220,21 years,4,,HR,Yes,,Austin
46.0,27292,24 years,8,Female,,Yes,2013-12-15,
48.0,63499,21 years,7,,Sales,Yes,2022-08-11,Austin
28.0,30093,10 years,1,Female,Sales,Yes,2022-07-11,Austin
32.0,38189,7 years,1,Female,Marketing,,2016-02-17,Boston
38.0,25000,11 years,9,F,Sales,Yes,2014-10-22,
18.0,54074,0 years,2,F,,N,2019-09-26,Seattle
18.0,25000,0 years,8,,Sales,Y,2021-03-16,Boston
24.0,45149,3 years,7,M,Marketing,,2017-10-21,Boston
39.0,39348,14 years,8,F,Marketing,,2023-11-16,New York
39.0,79874,18 years,10,F,Sales,N,2023-03-02,
36.0,53512,14 years,3,Female,Marketing,N,,
50.0,34886,25 years,10,,Engineering,Yes,2019-06-02,Austin
36.0,56582,18 years,8,Male,Engineering,,2012-04-20,Boston
35.0,55877,16 years,2,F,Engineering,Y,2023-03-02,Austin
26.0,69309,7 years,1,F,,N,2017-07-08,Boston
43.0,55834,16 years,2,Male,Engineering,Yes,2016-06-28,New York
56.0,81965,31 years,6,Female,HR,Yes,2013-02-09,New York
18.0,42324,0 years,9,M,Engineering,Yes,2023-04-04,Seattle
30.0,44303,9 years,8,Female,Engineering,Y,2014-06-09,
23.0,57625,0 years,2,Female,Sales,Yes,2012-03-08,
56.0,70050,35 years,3,M,HR,Y,2017-10-11,
18.0,25000,0 years,1,F,HR,No,2011-01-27,Seattle
,31902,18 years,4,Female,Marketing,,2019-07-31,Austin
23.0,44193,3 years,9,Male,,N,2023-05-07,Seattle
34.0,46992,14 years,4,Female,HR,Yes,2019-01-28,Boston
26.0,33644,1 years,2,Male,Marketing,Yes,2018-02-07,
31.0,49351,4 years,6,Male,,Y,2012-12-01,Seattle
30.0,52897,12 years,8,Female,Marketing,No,2018-07-22,Seattle
53.0,67044,29 years,4,Female,HR,Y,2016-01-17,Seattle
42.0,94082,19 years,8,,HR,Yes,2018-04-05,Boston
43.0,82687,26 years,5,Male,Sales,No,2022-06-20,Austin
38.0,42196,12 years,7,Female,,Yes,2012-04-21,Seattle
61.0,96460,37 years,10,Male,Engineering,N,2021-09-04,Austin
18.0,41623,0 years,7,Male,Sales,Yes,2012-07-14,New York
41.0,37077,21 years,1,Female,,No,2013-08-27,Boston
33.0,46282,10 years,7,Female,Marketing,Y,2010-09-23,New York
47.0,48544,25 years,8,Male,HR,Y,,Austin
42.0,41247,24 years,2,Male,Marketing,,2019-10-29,New York
33.0,47530,10 years,7,,Marketing,No,2020-01-02,Seattle
34.0,50777,13 years,4,Female,HR,,2010-05-28,Seattle
21.0,26411,0 years,3,M,Engineering,N,2015-03-14,Austin
28.0,47628,0 years,8,Male,Engineering,Yes,2022-02-19,Austin
,54796,13 years,4,F,Marketing,Yes,2016-07-22,Austin
18.0,34443,0 years,2,Female,Sales,,2017-09-15,
19.0,51396,8 years,1,F,Marketing,No,2012-12-02,Seattle
50.0,61009,26 years,1,M,Engineering,,2011-04-19,Boston
26.0,61923,4 years,5,,Marketing,N,,Seattle
44.0,47206,19 years,10,F,Sales,,2014-08-14,Boston
34.0,60078,7 years,6,Female,HR,,2010-04-24,Seattle
41.0,43305,12 years,6,M,Sales,No,2019-12-01,Austin
38.0,43518,14 years,4,M,HR,No,2010-12-15,New York
41.0,69617,,2,F,Engineering,Yes,,
42.0,60022,23 years,3,M,Marketing,Yes,2011-03-11,
41.0,64762,16 years,6,Female,,Yes,2019-06-20,Boston
36.0,55403,12 years,6,F,Marketing,Yes,2019-03-16,
31.0,37877,8 years,5,M,,Y,2023-11-14,Boston
18.0,37451,0 years,5,,Engineering,Y,2013-09-21,Boston
30.0,37118,6 years,7,Male,,Yes,2011-01-04,Boston
24.0,50459,0 years,7,Female,Marketing,Y,2017-04-15,
40.0,42336,14 years,8,,Marketing,Yes,2010-03-26,Austin
42.0,57118,24 years,7,Male,Marketing,Y,,Austin
33.0,45045,15 years,2,Female,Marketing,No,2012-10-05,Seattle
41.0,54440,21 years,9,Male,HR,,2016-09-23,Seattle
39.0,79939,23 years,5,F,HR,Yes,2013-08-24,Austin
41.0,43759,12 years,5,Female,Sales,N,2020-12-29,
36.0,39423,10 years,2,F,Engineering,Y,,Boston
41.0,96359,19 years,9,Male,HR,Yes,,
38.0,36197,17 years,3,F,,,,Austin
38.0,52504,21 years,5,F,Marketing,No,2023-03-02,New York
44.0,62091,21 years,2,Male,,,2011-07-05,New York
43.0,42613,25 years,5,F,Sales,Y,2018-07-10,Austin
34.0,31460,17 years,9,M,Sales,N,2013-02-20,New York
30.0,62564,10 years,5,Female,Engineering,Yes,2020-07-28,Seattle
18.0,41062,0 years,7,Male,,No,2023-06-18,Austin
41.0,36770,18 years,9,Male,Marketing,,2022-08-11,Boston
33.0,30957,9 years,8,F,Marketing,,2019-06-04,New York
24.0,25000,0 years,6,F,Marketing,Y,2015-12-30,
18.0,43160,0 years,6,Male,Engineering,Yes,2021-02-14,New York
25.0,27550,0 years,8,Male,Marketing,Yes,2013-01-29,Boston
48.0,70616,27 years,6,,HR,No,2015-04-01,Seattle
18.0,25000,2 years,9,Male,,,2023-01-08,Austin
43.0,52340,28 years,6,Female,,No,2014-09-16,New York
29.0,49658,4 years,5,F,,Yes,2011-03-25,Austin
45.0,66409,26 years,10,Male,Sales,,2018-01-29,New York
50.0,35028,28 years,8,F,Sales,No,2021-04-10,Austin
32.0,51631,11 years,7,,Engineering,Yes,2022-12-21,Boston
24.0,38505,0 years,9,,,N,2011-01-23,Boston
30.0,37533,3 years,9,Female,Sales,Y,2021-08-01,New York
,46284,13 years,7,Female,Marketing,,2012-04-22,
31.0,36271,8 years,9,M,HR,,2016-02-11,Boston
21.0,25000,0 years,1,F,HR,,,
24.0,45964,4 years,10,,Engineering,Yes,2020-12-19,
29.0,30289,4 years,10,,Engineering,Yes,2022-05-30,
20.0,25000,0 years,9,Female,,,2020-09-13,New York
26.0,53190,,5,M,Marketing,No,2019-02-21,New York
37.0,37487,12 years,6,Male,,Y,,Seattle
33.0,57267,8 years,6,,Marketing,N,2019-04-23,Boston
18.0,45596,0 years,8,M,Sales,No,2015-05-25,Boston
37.0,25000,19 years,5,M,Engineering,Y,2019-11-06,Boston
32.0,34652,9 years,4,F,Marketing,Yes,2022-04-20,Austin
39.0,56043,15 years,3,Male,,Yes,2018-07-21,Austin
38.0,40546,17 years,9,Male,,Y,,
46.0,84188,19 years,8,Male,Engineering,Yes,2017-11-17,
30.0,56939,7 years,8,Male,,Yes,2011-09-04,Boston
45.0,57549,24 years,10,M,Engineering,No,2023-10-15,Seattle
32.0,27027,10 years,7,Male,Sales,N,2019-08-12,Boston
35.0,48171,8 years,6,Female,,Yes,2015-05-14,Boston
46.0,62744,21 years,5,M,Engineering,No,2016-01-29,Seattle
31.0,60875,4 years,10,Female,Engineering,N,2010-12-23,Seattle
39.0,41588,22 years,3,,,Y,2020-09-30,New York
,25000,24 years,10,Female,Sales,Yes,2022-11-09,Seattle
37.0,68376,15 years,8,M,Sales,,2019-05-30,Boston
29.0,25000,9 years,8,Male,HR,Yes,2021-12-04,Austin
42.0,45312,16 years,4,M,Marketing,Yes,2014-01-14,Austin
28.0,34168,9 years,3,Male,,Yes,2012-08-28,New York
37.0,51561,17 years,8,,,,2010-06-26,Austin
29.0,49648,9 years,2,,Marketing,No,2023-12-23,
35.0,25000,16 years,1,,HR,Yes,2020-05-31,
37.0,66658,14 years,9,F,HR,Y,2016-02-26,Austin
20.0,35972,0 years,8,,HR,,2013-12-04,Boston
36.0,44461,9 years,7,M,Engineering,,2020-08-26,Boston
28.0,25000,3 years,7,Female,HR,Yes,2019-07-08,
45.0,76007,16 years,7,,Engineering,,2012-03-08,New York
40.0,50166,17 years,9,,Marketing,,2018-09-15,Seattle
38.0,45953,15 years,1,,HR,No,2013-01-12,Boston
37.0,25000,14 years,9,F,,,2020-07-21,Austin
41.0,52248,18 years,1,Female,Marketing,Y,2019-07-02,Seattle
33.0,25000,9 years,1,Female,Sales,No,2017-02-27,Boston
35.0,34890,14 years,3,,Engineering,No,2016-06-07,Seattle
31.0,42724,7 years,10,Female,Engineering,Yes,2014-10-04,
20.0,52453,0 years,6,Male,Marketing,Y,2014-01-01,Austin
41.0,42397,23 years,7,Female,HR,Yes,,Austin
26.0,25000,2 years,7,Female,Engineering,,2019-07-31,
28.0,35368,6 years,8,Female,,Y,2016-07-07,
21.0,25000,0 years,1,,Marketing,Yes,2021-11-12,Seattle
38.0,62740,13 years,2,Female,,Yes,2023-08-04,Boston
58.0,79294,34 years,2,,HR,No,2018-04-08,Boston
29.0,31715,,9,Male,Marketing,Y,2014-08-16,
31.0,31139,6 years,10,M,Engineering,Y,2013-01-13,New York
34.0,25000,12 years,9,Female,Marketing,Y,2011-11-27,Seattle
39.0,36847,14 years,3,Male,Sales,,2012-06-22,
40.0,44935,15 years,8,F,Sales,No,2014-01-25,Austin
45.0,59018,22 years,7,,Engineering,Yes,2015-01-22,
38.0,79095,13 years,9,F,Engineering,,2010-10-17,Boston
47.0,70056,25 years,2,F,HR,N,2021-08-06,Boston
37.0,38257,11 years,8,F,Marketing,,2021-07-11,Boston
33.0,64912,11 years,8,F,,N,2022-01-27,New York
33.0,36689,12 years,8,Male,Marketing,,2017-04-03,
26.0,55593,4 years,1,Female,Sales,Y,2017-10-27,New York
39.0,55117,16 years,8,Male,Sales,Yes,2018-03-29,New York
43.0,70131,20 years,6,Male,,Yes,2016-04-17,
18.0,51338,0 years,3,F,HR,Yes,2010-07-05,
45.0,48842,24 years,4,Male,Engineering,Y,2010-08-17,New York
25.0,46577,0 years,9,F,Marketing,Y,2018-09-27,New York
30.0,46465,4 years,2,Male,,Yes,2018-12-16,New York
48.0,69438,31 years,3,,Sales,No,2010-06-08,Boston
32.0,52335,9 years,5,F,,Yes,2022-12-14,New York
20.0,25332,0 years,9,F,Marketing,No,2012-03-15,Austin
28.0,53619,3 years,1,Female,Marketing,No,2023-10-31,Seattle
27.0,29263,7 years,6,F,Engineering,Yes,2018-09-15,New York
28.0,35071,9 years,8,Female,HR,Yes,,
47.0,25000,25 years,2,,Sales,N,,Boston
38.0,52871,17 years,8,M,Sales,Yes,2016-11-17,Boston
64.0,76024,40 years,9,,HR,Yes,2013-04-09,
29.0,25000,6 years,4,,,Yes,2011-04-04,Boston
19.0,42754,0 years,2,Male,Sales,Yes,2016-04-10,Seattle
33.0,46036,9 years,10,Female,Marketing,N,2015-12-07,Seattle
40.0,39935,19 years,9,M,Sales,Yes,,Seattle
25.0,25000,1 years,2,,Engineering,,2012-03-22,Seattle
28.0,42608,4 years,7,,Marketing,Y,2019-04-22,Boston
42.0,59309,17 years,10,M,Engineering,Yes,2015-06-19,Seattle
28.0,61256,6 years,1,M,HR,Y,2020-05-07,Boston
24.0,25392,5 years,6,,,No,2017-05-11,Austin
34.0,47375,,6,F,Marketing,Y,2016-06-12,Seattle
37.0,26768,18 years,8,Female,,Yes,2012-10-29,New York
27.0,58427,0 years,5,Female,Marketing,,2016-12-15,
37.0,45748,17 years,10,,HR,Yes,2012-10-09,
23.0,33548,2 years,5,Female,,N,2010-10-31,Austin
32.0,41410,12 years,5,Female,HR,Y,2011-10-12,Boston
45.0,46058,19 years,10,Female,HR,No,2015-02-07,
33.0,28710,8 years,8,F,Sales,Yes,2018-07-03,
54.0,46310,30 years,9,Male,Marketing,Yes,,Austin
40.0,49290,13 years,5,Male,,,2022-04-09,Austin
23.0,30138,6 years,2,Male,Sales,,,Austin
30.0,44177,,3,,,Yes,2013-09-30,Boston
37.0,32652,5 years,10,,Marketing,,2014-08-17,Seattle
43.0,61495,24 years,7,Female,Sales,,2015-06-29,Seattle
28.0,47661,12 years,5,F,Sales,,2019-05-06,New York
22.0,46147,0 years,2,Male,HR,N,2011-12-04,Austin
31.0,75004,9 years,9,Female,Engineering,Y,2012-08-30,Seattle
35.0,25000,13 years,4,F,,,2023-08-03,Boston
35.0,40295,13 years,7,,Engineering,No,2012-04-20,
34.0,67249,8 years,8,F,,N,2020-03-26,Seattle
35.0,33166,8 years,7,Male,Engineering,,2014-11-27,Seattle
29.0,31575,5 years,3,Female,Marketing,,,Seattle
36.0,54021,16 years,6,M,Marketing,No,2013-10-02,New York
32.0,29619,5 years,7,,Marketing,Yes,2011-04-16,Austin
24.0,30989,2 years,7,M,Sales,No,2015-09-07,Seattle
30.0,34523,7 years,7,Female,Sales,Y,2017-09-10,
46.0,91120,26 years,5,F,,Y,2010-02-08,Boston
41.0,60966,18 years,8,,Marketing,Yes,2021-07-02,Boston
43.0,45170,23 years,4,,Sales,Yes,2013-06-05,Seattle
27.0,27701,3 years,5,F,Sales,Yes,2021-11-05,New York
37.0,32136,,2,F,HR,Y,2021-11-12,New York
26.0,30641,5 years,6,Female,Sales,Y,2018-03-09,
29.0,53657,1 years,4,Female,HR,Yes,2013-08-12,Austin
41.0,50812,13 years,6,M,Engineering,Yes,2023-10-30,
39.0,63732,,1,M,,No,2022-09-09,Seattle
36.0,55488,12 years,8,F,Engineering,,,Austin
32.0,39149,7 years,4,M,Sales,,2012-06-11,Seattle
57.0,62550,40 years,8,,Engineering,Y,2011-05-26,Seattle
35.0,27659,13 years,1,Male,Marketing,Yes,2018-09-26,Boston
35.0,25000,7 years,7,M,Marketing,Y,2017-08-23,New York
48.0,49594,28 years,10,,Engineering,No,2021-03-22,Austin
32.0,58658,11 years,5,Male,Engineering,,2017-11-26,Boston
27.0,31857,2 years,1,Female,,N,2022-07-25,New York
39.0,60376,14 years,9,Male,,,2018-01-20,Seattle
33.0,64475,10 years,9,Female,Engineering,No,2017-02-23,Austin
18.0,27107,0 years,4,Male,Marketing,No,2017-07-16,Austin
55.0,59172,34 years,4,M,Sales,Y,2012-09-30,Seattle
39.0,53905,19 years,4,,Sales,,2018-08-09,New York
18.0,32580,0 years,10,M,,Yes,2021-09-05,Seattle
47.0,57738,31 years,6,Male,HR,Yes,,New York
37.0,66477,,5,Female,Marketing,,2012-07-04,New York
29.0,30626,5 years,2,Male,,Yes,2023-12-06,
22.0,33899,1 years,6,Male,HR,Yes,2021-12-22,
42.0,54230,21 years,7,,HR,,2018-11-18,New York
33.0,51035,12 years,9,F,,Y,2016-09-02,Boston
38.0,52451,16 years,5,M,HR,Yes,2017-11-21,Austin
25.0,34848,3 years,5,,Engineering,No,2012-04-19,Austin
36.0,57348,10 years,7,Female,Engineering,,2016-06-14,Boston
36.0,69705,13 years,2,M,Marketing,Y,,Austin
18.0,25000,0 years,7,Male,Sales,No,2012-04-15,Seattle
46.0,46528,22 years,8,,,No,2012-02-20,Boston
44.0,45345,24 years,4,Male,Engineering,Y,2017-09-20,Seattle
21.0,33960,0 years,8,M,Sales,Yes,2012-08-06,
42.0,55147,23 years,5,Male,Marketing,Yes,2020-08-28,Seattle
31.0,45341,9 years,1,Male,HR,N,,New York
31.0,38858,11 years,4,Male,Marketing,,2021-04-23,
51.0,31139,30 years,6,Male,Marketing,Y,2012-12-18,Austin
26.0,25000,3 years,2,Female,Sales,Y,2019-06-10,Boston
42.0,65860,21 years,5,F,Engineering,Y,2015-04-03,Boston
43.0,33176,20 years,7,Male,,Y,2013-02-22,Boston
37.0,43107,15 years,3,M,Marketing,N,2010-03-09,New York
18.0,25000,0 years,10,F,Sales,Y,2010-06-28,New York
49.0,80282,28 years,8,Male,,Yes,2019-06-10,Boston
44.0,43113,24 years,3,Male,Engineering,Yes,2010-08-28,Seattle
46.0,66971,25 years,7,Male,,Yes,2014-08-14,New York
27.0,45058,6 years,2,F,HR,No,2010-01-17,
53.0,63654,27 years,6,F,Sales,Y,2016-10-26,Seattle
30.0,40343,5 years,1,M,HR,Y,2023-06-26,Boston
38.0,47703,15 years,4,F,HR,Y,2017-03-19,Austin
37.0,36241,17 years,7,Male,Engineering,N,2023-06-08,
34.0,40792,17 years,6,Female,Sales,No,2023-05-20,
31.0,45556,5 years,6,Female,Sales,N,2016-01-04,
25.0,67211,7 years,2,Female,Marketing,Y,2020-05-18,
30.0,52109,3 years,7,M,HR,,2017-12-22,Seattle
40.0,43125,18 years,10,,HR,Yes,,
47.0,33930,28 years,7,,,No,2013-06-19,New York
34.0,55203,8 years,1,Female,Marketing,Yes,,New York
,54212,8 years,6,Female,Engineering,Y,2017-01-05,Boston
,36063,0 years,6,Female,HR,,2012-10-13,New York
52.0,66617,30 years,1,F,Engineering,Yes,2020-03-10,Austin
35.0,75008,11 years,9,Female,Engineering,Yes,2020-10-24,
27.0,68750,5 years,4,M,Marketing,No,2016-03-08,
24.0,55625,0 years,2,M,Sales,Yes,,New York
48.0,90521,28 years,3,Female,Engineering,Yes,2012-01-29,Boston
54.0,85652,35 years,8,F,Engineering,Yes,,Austin
18.0,25000,0 years,9,Male,HR,N,2012-06-05,Boston
29.0,70126,5 years,9,,Marketing,Y,2013-11-23,
43.0,52958,17 years,2,Female,HR,Yes,2010-08-19,Boston
32.0,32484,10 years,5,,HR,No,2021-10-12,
29.0,62717,11 years,3,F,HR,Yes,2019-06-27,
35.0,35080,12 years,2,Female,Sales,,2010-01-30,New York
31.0,39581,13 years,3,Female,,Y,2017-07-24,New York
28.0,43203,7 years,10,,Sales,Y,2014-05-01,Austin
31.0,63170,10 years,8,Female,Marketing,Y,,Boston
35.0,59836,11 years,3,M,Marketing,No,2022-07-05,Seattle
43.0,58340,15 years,3,F,HR,Y,2019-08-05,
35.0,41651,15 years,5,M,Marketing,,2011-04-05,Seattle
41.0,51092,16 years,7,Male,Sales,Y,2012-05-06,Austin
29.0,36451,13 years,7,M,,N,2016-09-20,Seattle
30.0,45166,6 years,7,,Marketing,Yes,2012-04-29,Boston
21.0,25000,6 years,8,Male,Engineering,,2011-01-18,Seattle
34.0,37197,8 years,5,Female,HR,Y,2018-01-21,Seattle
56.0,54133,36 years,5,M,Marketing,No,2018-08-04,Austin
18.0,39926,0 years,9,,Sales,N,,Boston
48.0,58151,23 years,10,Male,,,2011-11-29,Austin
33.0,67669,15 years,10,M,HR,N,2018-06-13,Boston
35.0,54794,11 years,3,M,Sales,Y,2014-10-08,Seattle
33.0,26304,7 years,1,Female,Engineering,Yes,2019-09-01,
27.0,44817,7 years,1,Male,Sales,N,,
49.0,59499,25 years,2,M,Sales,No,2018-10-25,Seattle
49.0,57426,33 years,4,Male,HR,N,2019-06-17,Boston
30.0,34544,8 years,5,Male,HR,Yes,2011-07-16,Austin
36.0,39448,15 years,5,,Sales,No,,
24.0,25000,1 years,8,F,Sales,Yes,2023-05-08,Boston
,67244,40 years,10,Female,,,2022-11-13,New York
38.0,74140,11 years,3,Female,Marketing,Yes,2023-06-03,Boston
39.0,72398,10 years,7,Female,Engineering,Y,2017-08-09,New York
19.0,35229,0 years,8,Male,Marketing,No,2012-08-19,Austin
41.0,31180,16 years,7,M,HR,Yes,2020-05-03,
,46993,,7,Male,,Yes,2010-04-25,
24.0,25000,1 years,7,F,Sales,Yes,,New York
55.0,45981,30 years,8,M,Marketing,No,2011-12-19,New York
20.0,29259,4 years,7,Male,,Yes,2013-10-29,New York
50.0,72063,24 years,2,Female,,No,2013-04-18,Seattle
36.0,35949,,9,,HR,Yes,2019-09-10,New York
43.0,54943,23 years,4,M,HR,Y,2010-11-03,Boston
31.0,25000,7 years,6,Female,Engineering,N,2018-04-23,
47.0,50374,26 years,7,Female,,Yes,2017-09-13,Boston
31.0,63935,12 years,2,Male,Engineering,No,,Austin
46.0,65222,20 years,5,,HR,,2018-08-30,Austin
39.0,25000,15 years,8,,,Y,,Austin
22.0,28543,3 years,10,Female,Engineering,No,2012-05-26,Seattle
35.0,59951,16 years,6,Female,Marketing,Y,2019-02-18,New York
38.0,71912,15 years,8,Male,HR,N,2022-10-22,Boston
44.0,27184,26 years,9,Male,,,2015-05-01,Austin
36.0,32995,15 years,8,F,,Y,2022-01-11,Boston
34.0,44523,10 years,8,Male,Marketing,,2019-07-04,
,60486,11 years,7,F,HR,N,2014-04-22,Austin
31.0,72431,12 years,2,Male,Marketing,,2022-11-23,Austin
38.0,46336,14 years,10,M,Engineering,Y,2023-09-14,Boston
40.0,55743,14 years,7,Female,HR,,2022-10-05,Seattle
18.0,38323,0 years,2,Female,Engineering,Y,2012-11-01,
20.0,48573,0 years,3,M,Marketing,Yes,,Boston
29.0,63790,5 years,9,Female,Engineering,Y,2017-08-14,Austin
19.0,51191,1 years,10,F,Marketing,Y,2015-01-11,Boston
37.0,53406,9 years,5,,Sales,,2016-02-29,Seattle
18.0,25376,0 years,5,Female,Engineering,Yes,2021-09-07,Austin
48.0,70013,27 years,7,Male,Engineering,,2020-09-29,Seattle
43.0,29811,21 years,6,Female,Sales,Y,2015-07-28,New York
36.0,58556,9 years,6,,Engineering,No,2010-12-29,Boston
20.0,33033,0 years,8,,Sales,Yes,2014-01-20,Seattle
45.0,58245,21 years,10,Female,HR,Y,2017-08-23,Boston
51.0,48474,23 years,7,M,,,2016-08-19,
20.0,39186,0 years,10,Female,HR,,2010-10-31,Austin
44.0,82769,19 years,8,Male,Marketing,,2013-04-04,Seattle
44.0,67194,21 years,4,Female,HR,No,2021-11-06,Boston
40.0,36776,15 years,7,M,Marketing,Y,2020-06-09,Austin
32.0,48502,9 years,8,,HR,Yes,2022-10-01,
38.0,39959,17 years,1,M,HR,No,2010-05-31,Boston
38.0,53372,17 years,9,M,Sales,No,2020-12-21,
18.0,25000,0 years,2,Female,Engineering,Yes,,Boston
29.0,64481,9 years,9,F,,,2014-02-03,Austin
38.0,78526,15 years,2,Male,,,2016-05-19,Austin
,70360,16 years,8,Female,Engineering,Yes,2015-02-17,
33.0,30989,,9,Female,,,2010-02-24,Boston
40.0,55633,19 years,9,Female,HR,Yes,2015-05-07,New York
38.0,36153,14 years,4,Male,Marketing,N,2017-07-18,
23.0,35480,3 years,7,F,Sales,,2023-12-30,Boston
46.0,45680,25 years,9,Male,Engineering,Y,2021-05-28,New York
31.0,34575,8 years,6,,Sales,Yes,2023-05-24,Austin
18.0,25000,0 years,3,,Marketing,Yes,2020-06-09,Boston
36.0,41595,15 years,1,Female,,No,2020-06-09,Seattle
43.0,38708,20 years,8,Male,HR,,2021-01-31,New York
34.0,67222,13 years,9,M,Sales,N,,Boston
42.0,73634,21 years,1,F,HR,No,2011-03-26,Seattle
,25000,2 years,5,Male,Engineering,Yes,2014-05-06,Seattle
19.0,25000,0 years,5,Male,,,2015-05-18,Boston
43.0,51009,24 years,3,M,,No,2015-10-13,New York
51.0,37671,30 years,1,F,Marketing,Yes,2020-12-16,Seattle
18.0,33163,0 years,6,M,,,2022-10-03,Seattle
18.0,25000,0 years,8,F,,Y,2013-04-22,Austin
29.0,48100,5 years,5,F,HR,Y,2013-09-05,
30.0,25000,11 years,3,Female,Marketing,Yes,2017-06-27,Austin
31.0,55979,13 years,6,Male,Engineering,Yes,2012-02-19,Boston
44.0,25000,19 years,7,Female,Marketing,No,2021-09-02,
35.0,50020,13 years,10,Male,Engineering,Y,2019-02-17,
40.0,72908,15 years,6,F,Engineering,,2021-06-16,New York
42.0,64410,20 years,2,,Engineering,Y,2013-10-23,
36.0,54607,15 years,3,Male,Engineering,Y,2018-11-02,
25.0,28378,3 years,5,,Marketing,No,2015-12-09,Seattle
38.0,46285,20 years,3,Male,Marketing,Y,2021-05-29,Boston
26.0,30095,4 years,10,F,Marketing,Yes,2010-10-20,Seattle
18.0,55262,0 years,8,Female,Sales,No,2020-02-05,
29.0,29668,7 years,6,Female,,Y,2023-08-07,
43.0,28164,16 years,4,Female,Engineering,Yes,2011-09-27,Seattle
36.0,59043,18 years,9,,Marketing,Y,2014-07-19,New York
42.0,61847,13 years,7,,HR,Yes,,Boston
46.0,66339,20 years,10,M,Engineering,Yes,2013-04-24,Seattle
27.0,56942,1 years,1,,,Yes,2020-04-11,Boston
27.0,33686,7 years,5,M,Sales,No,2011-08-21,Austin
42.0,74031,18 years,2,Male,Engineering,,2017-08-31,Seattle
38.0,53005,19 years,10,Female,Sales,Yes,2010-05-14,Austin
24.0,25000,4 years,7,F,Engineering,Yes,2018-01-13,Austin
45.0,61279,23 years,6,F,Sales,No,2013-04-30,Austin
32.0,28292,11 years,3,Female,,Y,2013-01-11,
42.0,55032,17 years,7,Female,Sales,Y,2015-09-28,New York
25.0,48133,4 years,3,F,HR,,2019-12-04,Austin
55.0,71318,35 years,8,Female,Engineering,Y,2011-04-20,Austin
40.0,63287,15 years,7,F,Engineering,,2012-11-08,
32.0,36297,5 years,3,,Engineering,,2019-10-18,Austin
45.0,53644,26 years,1,F,,Y,,
41.0,56764,23 years,5,M,Marketing,No,2012-10-19,New York
39.0,64558,17 years,6,F,Sales,No,2021-02-06,
25.0,40673,5 years,2,,Sales,,2019-07-15,Seattle
32.0,51396,10 years,8,M,Marketing,Yes,2023-05-17,Seattle
56.0,90952,37 years,5,Male,Engineering,No,2010-11-26,Seattle
33.0,54838,12 years,8,Female,HR,N,2018-05-03,
18.0,52936,0 years,1,F,,No,2020-01-02,Austin
28.0,41119,6 years,5,Male,Engineering,Yes,2015-11-14,Boston
18.0,30476,0 years,5,Male,,N,2022-05-14,Austin
41.0,53718,16 years,8,F,Marketing,Yes,,
61.0,78728,37 years,10,Male,Sales,N,2012-08-19,Austin
28.0,25000,6 years,4,M,Sales,Yes,2013-11-24,
38.0,42172,12 years,6,Female,Marketing,Y,2022-10-26,Austin
48.0,71505,23 years,4,Male,Marketing,,2023-08-09,New York
59.0,93577,34 years,2,F,HR,,2023-10-18,Austin
22.0,40398,,4,F,,Yes,2013-04-12,Seattle
40.0,43919,23 years,3,Female,Engineering,Y,2011-09-09,Seattle
18.0,25000,0 years,8,,Marketing,No,2023-06-25,Seattle
29.0,33265,10 years,3,,,Y,2020-08-13,New York
42.0,74415,18 years,7,Male,Engineering,No,2019-05-22,
25.0,41294,0 years,10,Male,Marketing,,2017-02-05,Austin
29.0,26885,6 years,1,,Engineering,N,2015-03-07,Austin
37.0,32175,13 years,4,Male,Engineering,N,2021-02-26,Boston
34.0,56065,10 years,10,F,,Y,2011-10-08,Seattle
32.0,40529,7 years,5,Female,Engineering,Yes,2023-04-01,New York
22.0,32671,3 years,5,,Marketing,No,2010-06-22,
22.0,29588,0 years,6,Female,HR,No,2012-04-18,New York
40.0,53845,17 years,5,Female,Marketing,No,2015-02-15,
40.0,56526,13 years,10,F,Sales,N,2015-07-27,New York
42.0,41949,16 years,7,Male,Sales,Y,2021-02-23,Boston
41.0,53628,22 years,4,Female,HR,Yes,2018-08-08,Austin
29.0,56922,3 years,3,,Sales,,2017-09-28,Austin
25.0,39091,0 years,3,Male,Engineering,N,2014-03-09,Austin
42.0,43393,22 years,1,F,Marketing,No,2023-02-02,New York
28.0,37751,0 years,9,,Marketing,Yes,2011-10-30,Boston
35.0,53513,5 years,1,,HR,,2023-07-22,Austin
41.0,33518,23 years,6,M,Marketing,,2016-08-10,Seattle
28.0,25000,9 years,3,M,Engineering,Y,2014-10-02,New York
38.0,54637,15 years,6,M,HR,Yes,2021-08-05,Austin
33.0,42230,10 years,6,M,Engineering,No,2014-09-23,Seattle
43.0,48094,21 years,8,Male,HR,No,2010-01-27,Seattle
37.0,49877,12 years,2,M,Marketing,No,2017-04-20,
51.0,38717,31 years,9,Male,,,2013-05-20,
34.0,44841,11 years,9,Male,HR,,2017-01-29,New York
34.0,39523,11 years,8,F,Sales,,2014-09-09,Austin
37.0,61965,15 years,4,F,,,2012-09-21,
37.0,63670,16 years,9,Female,HR,No,2020-04-07,Seattle
31.0,44977,6 years,4,F,Engineering,Y,,
28.0,35758,3 years,7,Female,Marketing,No,2019-12-08,Austin
28.0,34998,8 years,10,Male,HR,No,2016-07-12,Boston
32.0,32985,11 years,2,F,Engineering,Yes,2012-12-18,Austin
35.0,28015,10 years,7,M,Marketing,No,2018-03-03,Boston
37.0,49944,17 years,6,M,Engineering,Yes,2013-04-15,Seattle
47.0,45635,27 years,5,,Engineering,Yes,2012-04-01,Boston
28.0,25000,9 years,3,F,Sales,N,,Austin
44.0,47526,25 years,10,,HR,Y,2022-10-05,
26.0,62071,0 years,7,F,,Yes,2022-11-30,Boston
24.0,25000,0 years,4,M,HR,,2010-12-26,Seattle
31.0,39813,8 years,7,Female,,,2016-08-05,Austin
37.0,45708,13 years,4,F,Engineering,,2013-08-16,Boston
39.0,44809,15 years,2,M,Engineering,N,2011-12-21,New York
39.0,41180,17 years,3,,Marketing,Y,2022-02-15,New York
40.0,49620,21 years,4,M,,,2011-10-06,Seattle
,56786,25 years,7,M,Sales,Y,2021-08-04,
52.0,25711,34 years,5,Female,Sales,Yes,2013-01-29,Austin
36.0,41505,13 years,1,F,Engineering,N,2010-06-21,
33.0,62962,13 years,8,,Engineering,,2012-03-11,Austin
21.0,34669,1 years,2,M,Marketing,No,2010-01-22,
33.0,72807,11 years,6,,Engineering,Y,2014-08-01,Boston
37.0,58795,17 years,8,Male,Sales,No,2020-05-29,Seattle
30.0,62032,6 years,7,Male,,No,2021-08-12,
18.0,33616,0 years,5,Male,HR,Yes,2016-08-19,New York
19.0,25000,0 years,9,M,,,2020-10-12,Austin
39.0,59044,17 years,7,Female,Sales,Y,2022-09-20,Seattle
43.0,40609,17 years,7,F,Sales,Y,2015-08-29,Seattle
38.0,49120,11 years,8,Male,Sales,Yes,2019-07-08,Seattle
24.0,43863,0 years,4,Female,Marketing,,2018-07-16,Seattle
27.0,39140,2 years,4,M,HR,Y,2017-12-09,Austin
23.0,25000,1 years,1,Female,,No,2021-09-08,New York
31.0,31022,13 years,9,Female,,,2017-01-28,New York
32.0,40118,6 years,5,Male,Marketing,,2014-03-03,Austin
29.0,74169,2 years,8,,Engineering,,2022-07-27,Seattle
41.0,71549,13 years,3,Female,Marketing,Yes,2015-05-01,Austin
,63817,16 years,8,M,HR,,2023-01-17,Seattle
50.0,50465,31 years,6,F,Engineering,Y,2018-08-24,Boston
38.0,35151,15 years,5,,,,2014-07-22,Austin
49.0,47804,30 years,6,Female,,Y,,New York
48.0,82654,26 years,6,F,,,2018-01-18,New York
43.0,53617,20 years,10,Female,HR,,2023-08-28,Seattle
41.0,69612,18 years,8,F,,Yes,2011-01-25,
29.0,40881,7 years,5,,Engineering,N,2020-01-28,Seattle
28.0,25000,9 years,10,,,Yes,2013-04-27,Austin
20.0,25000,7 years,4,,HR,No,2023-08-20,Seattle
33.0,60855,14 years,5,Male,Marketing,Y,,Austin
34.0,48826,,5,M,Engineering,Yes,2018-06-09,Seattle
41.0,77077,18 years,1,F,,Yes,2013-01-04,New York
41.0,35923,12 years,8,F,Sales,Y,2018-08-02,
53.0,70249,33 years,1,Female,Engineering,Y,2015-10-24,
25.0,37592,3 years,3,F,,Yes,,Austin
48.0,50493,26 years,6,F,HR,No,2020-07-25,Seattle
43.0,45799,15 years,9,M,Marketing,Y,2020-07-14,
29.0,32996,8 years,7,F,Engineering,Y,2015-04-24,New York
26.0,54238,,6,,,No,,Austin
40.0,56056,24 years,7,Female,HR,,2018-10-03,
34.0,52933,9 years,5,F,,Yes,2022-10-06,Austin
41.0,49800,18 years,10,F,Marketing,Yes,2023-12-27,Seattle
22.0,52124,0 years,8,Female,Sales,Yes,2010-12-26,Boston
19.0,25000,0 years,2,,,No,2013-02-05,Austin
24.0,25000,3 years,3,Female,HR,Yes,2018-12-02,New York
27.0,47052,8 years,4,Male,,Yes,2013-10-30,Boston
34.0,51823,12 years,10,,Engineering,,2015-04-14,Seattle
50.0,98728,26 years,3,M,Engineering,Yes,,Boston
42.0,39577,19 years,9,Female,HR,Y,2013-04-14,New York
38.0,55664,13 years,9,Male,HR,Yes,,
36.0,25000,12 years,4,Male,Engineering,No,2018-05-10,Seattle
41.0,74856,21 years,4,F,,Y,,New York
41.0,38294,21 years,9,M,Engineering,Yes,2021-10-07,Seattle
45.0,59458,24 years,10,F,,No,2020-03-28,
26.0,38800,0 years,4,Female,HR,No,2020-02-08,Boston
55.0,65053,34 years,5,Male,,Yes,,Boston
23.0,55879,0 years,9,Male,Marketing,N,2013-10-18,Austin
44.0,67979,17 years,6,M,HR,Yes,2022-04-01,Austin
28.0,26194,3 years,4,Female,Engineering,Y,2012-02-05,Seattle
49.0,63722,23 years,5,,,Y,,Austin
21.0,45323,0 years,8,Male,Engineering,No,2019-12-15,Boston
33.0,25228,13 years,2,Male,Sales,,2017-07-29,
21.0,30213,0 years,9,Male,HR,No,2014-11-06,
50.0,56899,27 years,8,Male,HR,Yes,2015-04-06,New York
45.0,39966,28 years,9,Female,Engineering,No,2018-07-31,Boston
45.0,76683,23 years,10,Female,Engineering,Yes,2010-09-22,Austin
36.0,29301,15 years,3,Male,,Y,2011-04-14,Austin
33.0,94285,7 years,10,F,HR,No,2012-02-22,New York
37.0,25000,17 years,1,Female,Sales,Y,2019-03-20,
54.0,90357,29 years,2,,Sales,Yes,2021-01-24,Seattle
28.0,51316,6 years,5,F,,Yes,2017-07-27,
18.0,27994,0 years,10,M,HR,,2015-11-26,Boston
48.0,71341,32 years,4,Female,HR,,2020-12-03,
35.0,35815,17 years,1,,,,2012-09-15,New York
30.0,25000,10 years,6,F,Sales,Y,2022-10-07,New York
29.0,47033,5 years,6,Female,,Yes,2023-04-27,
35.0,55881,14 years,9,Male,Sales,Yes,2022-09-08,
43.0,57806,20 years,7,Male,HR,,2021-02-16,New York
24.0,28677,1 years,5,Male,Marketing,Y,2014-07-31,New York
35.0,63365,15 years,9,M,Engineering,Yes,2015-08-16,Seattle
21.0,47337,0 years,8,Male,Engineering,No,2022-02-21,Austin
45.0,86749,24 years,3,,Marketing,No,2010-04-11,New York
31.0,55088,15 years,5,F,,Yes,2011-02-17,Seattle
36.0,29157,6 years,6,,,Yes,,Austin
40.0,38406,19 years,1,,Engineering,No,2023-11-26,New York
33.0,25000,6 years,4,Female,Engineering,Y,2010-01-06,Seattle
38.0,53298,15 years,8,Female,HR,N,2019-02-14,Boston
55.0,49282,31 years,9,F,,N,2018-12-25,Austin
18.0,25000,1 years,7,M,Sales,No,2021-10-19,
46.0,54636,24 years,9,Male,Sales,N,2011-02-06,Austin
35.0,59024,16 years,1,F,,Yes,2023-07-26,Boston
28.0,38930,6 years,2,Female,HR,No,2012-05-23,Boston
26.0,32161,1 years,2,Female,HR,Yes,2016-05-07,Seattle
,42492,22 years,3,Female,Sales,Yes,2015-03-25,Austin
28.0,29080,6 years,1,Female,Marketing,Yes,2013-08-10,Seattle
36.0,56972,14 years,5,,HR,,2018-05-25,New York
26.0,69309,7 years,1,F,,N,2017-07-08,Boston
35.0,44906,17 years,8,M,Marketing,Y,2010-12-30,
35.0,54618,10 years,1,,HR,Yes,2014-01-05,Austin
23.0,34152,0 years,6,,Sales,Y,2022-04-15,Austin
50.0,63120,26 years,3,Male,,Y,,Seattle
33.0,57308,12 years,5,Male,Marketing,Yes,2019-04-09,
46.0,75837,24 years,6,F,,Y,2012-05-08,Seattle
21.0,43559,0 years,8,Male,Sales,No,2018-07-18,Boston
22.0,25000,0 years,5,Male,,No,2014-04-30,Austin
25.0,34562,0 years,6,,HR,No,2022-02-05,New York
35.0,41438,15 years,1,Female,Engineering,Yes,2021-01-01,New York
35.0,40060,10 years,1,,Sales,Y,2016-03-04,New York
49.0,49294,30 years,8,,Engineering,,2013-04-07,Seattle
29.0,42385,6 years,2,,,Yes,,Boston
30.0,39447,7 years,2,M,,Y,2013-11-27,New York
30.0,33978,8 years,4,Male,HR,Yes,,
33.0,72085,10 years,1,Male,Engineering,Yes,2015-10-01,Austin
34.0,47728,14 years,2,,Marketing,Yes,,Seattle
22.0,52531,0 years,7,Male,,Yes,,Boston
28.0,25000,3 years,2,M,Sales,Yes,,
27.0,62538,5 years,4,F,Engineering,,,Boston
21.0,25000,0 years,1,M,HR,N,2018-08-14,Boston
31.0,38665,7 years,9,F,Engineering,Y,2017-07-22,Boston
39.0,55452,15 years,5,Female,Sales,Y,2012-01-02,New York
48.0,71308,21 years,4,Male,,,2019-10-07,Seattle
44.0,73803,19 years,8,Male,Sales,Y,,
28.0,55139,8 years,6,,Engineering,No,2016-06-14,Seattle
33.0,25000,8 years,8,,HR,N,2022-07-18,Seattle
37.0,36503,14 years,3,Male,,Yes,2021-05-04,Austin
31.0,49435,8 years,6,Male,Engineering,Y,2022-08-18,Seattle
30.0,25000,7 years,1,,HR,Yes,2023-01-29,Seattle
48.0,60926,29 years,3,Female,Marketing,Yes,2020-02-03,New York
41.0,64355,20 years,9,Female,Engineering,Y,2023-09-22,Austin
37.0,66021,14 years,2,Male,Marketing,Yes,2017-02-07,New York
34.0,59545,12 years,2,F,Marketing,Y,2018-07-22,Seattle
,36208,12 years,9,Female,,Yes,2018-07-30,Seattle
29.0,30194,2 years,1,Male,HR,Yes,2023-04-03,Austin
29.0,25000,5 years,2,,Sales,No,2013-05-02,
40.0,67883,17 years,2,Female,HR,Yes,2022-11-04,Seattle
50.0,65783,31 years,10,,Marketing,,2014-04-22,Austin
27.0,39110,0 years,9,Female,,Y,2010-05-02,Boston
48.0,76702,27 years,3,F,,No,2014-11-06,New York
,84016,23 years,6,Female,Engineering,Y,2012-01-28,Seattle
32.0,43331,3 years,8,Male,Engineering,No,2013-05-05,Seattle
40.0,62101,,6,Female,Sales,No,2010-05-03,Seattle
,25000,0 years,9,Female,HR,Yes,2014-12-11,New York
38.0,73161,15 years,1,,HR,,2011-08-14,Austin
26.0,44879,4 years,4,Male,,Yes,2016-04-25,
19.0,25000,0 years,9,Female,Sales,Yes,,New York
23.0,32172,1 years,1,Female,Sales,Y,,Seattle
61.0,74030,34 years,7,Male,Sales,Yes,2016-03-10,Austin
37.0,25000,14 years,9,Male,,,2021-05-23,New York
42.0,70133,14 years,2,Female,Engineering,N,2017-05-30,
40.0,25000,12 years,8,,,Yes,2011-01-05,Boston
28.0,45322,1 years,8,F,Sales,N,2011-06-14,Seattle
32.0,66485,3 years,8,Female,Engineering,,2022-08-03,Austin
18.0,27066,0 years,5,F,Engineering,Yes,2020-02-04,
18.0,37999,0 years,3,Male,Sales,Yes,2023-01-31,
46.0,42361,24 years,8,Male,,,2011-08-14,
31.0,28373,4 years,3,Male,,Y,2020-10-02,New York
37.0,43778,16 years,6,Female,Engineering,Yes,2021-08-28,Austin
22.0,25000,6 years,8,M,HR,N,2017-04-13,Seattle
38.0,70550,22 years,1,M,HR,Yes,2023-03-27,New York
33.0,37647,,6,Female,HR,N,2023-11-02,Austin
50.0,34891,28 years,5,,,Y,2022-02-23,Austin
28.0,81298,9 years,5,F,Engineering,No,2014-10-19,
38.0,34108,18 years,2,Male,Engineering,Yes,2017-04-24,Austin
49.0,40942,26 years,7,Male,Sales,,,
42.0,31223,22 years,2,Male,HR,,2022-12-04,Seattle
33.0,25000,13 years,9,,Marketing,,2023-12-04,Austin
19.0,25000,,5,Female,HR,Yes,2016-10-28,
39.0,25000,12 years,1,Male,HR,No,2016-10-16,Boston
35.0,30226,13 years,3,Female,Engineering,No,2012-07-26,Austin
42.0,27638,22 years,2,,Marketing,Y,2023-08-30,New York
47.0,47276,22 years,3,F,,Y,2013-12-29,Austin
29.0,50153,7 years,4,,Marketing,Yes,,Austin
38.0,41653,9 years,3,,,Yes,2011-10-05,Boston
54.0,72938,32 years,5,,HR,,,
21.0,25000,0 years,10,F,Marketing,Yes,2012-01-05,Austin
25.0,53888,5 years,3,Male,Engineering,Yes,2019-04-29,Austin
30.0,56058,4 years,1,,Sales,N,2010-06-02,Boston
57.0,68441,32 years,9,F,,Yes,2019-09-08,Seattle
56.0,68324,33 years,3,Male,Sales,Y,2010-02-18,
32.0,38916,10 years,5,,Engineering,Y,2012-08-15,Austin
30.0,39729,6 years,1,,,Yes,2013-12-06,Boston
24.0,30454,0 years,3,Male,Engineering,Y,2022-05-04,New York
38.0,45352,13 years,9,Male,HR,Yes,2016-11-11,Boston
18.0,36611,0 years,5,,Engineering,Yes,2019-01-09,New York
35.0,80033,20 years,3,,Engineering,Yes,,Austin
23.0,41918,0 years,3,F,HR,No,2010-01-06,New York
36.0,41726,16 years,10,Male,HR,Yes,2019-05-02,Austin
39.0,25000,16 years,6,M,Marketing,,2021-03-25,New York
34.0,30338,9 years,7,Female,Engineering,Y,2017-05-22,New York
26.0,47703,6 years,1,M,Sales,Y,2016-11-10,New York
29.0,25000,2 years,7,Female,Sales,No,2021-09-16,New York
25.0,46482,8 years,10,Female,HR,Y,2021-12-19,Austin
43.0,51578,21 years,6,M,Engineering,,2020-09-13,
47.0,38955,28 years,2,Female,Engineering,,2011-10-03,New York
41.0,67768,22 years,2,Female,Sales,Yes,2021-10-26,
27.0,25000,11 years,1,,Marketing,Yes,2012-12-19,Austin
41.0,69909,19 years,1,Female,HR,Yes,2018-11-04,
46.0,48893,24 years,10,,Marketing,Y,2017-11-11,Austin
33.0,53486,12 years,4,M,Engineering,Yes,,Austin
18.0,25000,0 years,5,M,,Y,2023-03-21,Seattle
47.0,25932,22 years,3,Male,Sales,Yes,2019-12-30,New York
34.0,52638,16 years,10,Male,Engineering,Y,2014-09-09,Boston
34.0,46443,16 years,6,,Sales,Yes,2022-08-19,New York
31.0,53349,11 years,5,Male,,Yes,2016-05-28,Boston
31.0,32655,11 years,7,Female,Engineering,N,2020-03-05,Boston
48.0,82484,18 years,4,Male,Sales,Yes,2012-01-04,Boston
23.0,32369,0 years,9,F,Marketing,,2016-04-15,Seattle
36.0,46802,16 years,4,Female,HR,Y,2012-07-20,Seattle
32.0,33860,9 years,8,Male,Sales,Y,2015-06-11,Seattle
25.0,56274,2 years,2,Male,Marketing,Yes,2022-01-11,Austin
42.0,52122,22 years,5,,HR,Y,2021-06-23,Seattle
36.0,32191,13 years,9,,,Y,2014-07-13,New York
32.0,76114,12 years,4,Female,Engineering,Yes,2010-09-13,
39.0,47683,10 years,1,Female,Marketing,Yes,2012-04-02,
28.0,52439,5 years,6,,HR,Y,2014-10-02,Boston
39.0,69426,14 years,7,Female,,Yes,2018-07-02,New York
53.0,86510,29 years,6,Male,,,2020-12-16,Austin
30.0,26690,2 years,7,F,,Yes,,
32.0,42828,5 years,4,Female,Marketing,Y,2011-01-20,Boston
37.0,53931,16 years,10,Female,,No,,Austin
22.0,25000,2 years,2,F,Sales,,2018-07-05,
49.0,35920,26 years,9,,HR,Y,2011-02-03,Austin
65.0,56773,40 years,5,Male,HR,Y,2014-03-12,Boston
37.0,36792,13 years,10,M,Engineering,N,2023-06-12,New York
33.0,50092,9 years,9,Female,Sales,,,Boston
21.0,41313,3 years,6,F,HR,Y,2014-09-13,Boston
45.0,46452,19 years,5,Female,Sales,No,2020-06-18,Seattle
32.0,37140,11 years,4,Female,Marketing,,2013-07-26,Boston
32.0,42913,7 years,7,,,No,2015-12-06,New York
45.0,53214,25 years,3,M,HR,Yes,2011-07-05,Austin
41.0,49952,21 years,3,F,Sales,Yes,2019-11-07,Seattle
60.0,68371,35 years,1,F,,N,2014-04-02,
35.0,40702,17 years,1,,Sales,N,2011-04-05,Boston
34.0,35117,,9,F,Engineering,,2019-11-28,Seattle
23.0,45091,0 years,7,,,Yes,2012-07-05,Austin
30.0,48791,13 years,2,Female,,Y,2023-11-02,Seattle
18.0,47449,0 years,2,F,HR,Yes,2017-05-05,Austin
55.0,60422,34 years,9,M,,Y,2014-04-06,
41.0,47798,18 years,8,Male,HR,Yes,2014-05-10,Boston
30.0,25000,7 years,10,F,HR,Y,2019-08-27,Austin
42.0,38230,21 years,10,Male,HR,N,2010-03-16,New York
32.0,25000,9 years,2,,,Y,2017-12-23,Austin
39.0,63679,12 years,7,F,Engineering,No,2010-08-27,Seattle
30.0,69314,7 years,7,F,Sales,Y,2018-04-08,
29.0,49742,5 years,4,Female,Marketing,,2011-05-06,Austin
18.0,54774,0 years,9,,Engineering,,2022-11-02,Austin
28.0,25376,5 years,1,Female,,Y,2010-05-04,Seattle
53.0,82560,32 years,2,M,Marketing,Y,2018-06-01,Austin
29.0,59617,9 years,1,Female,Engineering,Yes,,Austin
35.0,25000,15 years,5,Female,Marketing,Yes,2023-08-07,New York
32.0,25000,12 years,10,Male,HR,No,2021-04-16,Seattle
38.0,36129,,8,Female,Marketing,Yes,2022-05-17,Austin
44.0,75093,17 years,1,,,Y,2013-09-08,New York
34.0,50022,12 years,5,F,Marketing,Yes,2011-07-08,New York
42.0,26459,17 years,6,,HR,Yes,,Austin
18.0,38955,0 years,10,,Sales,Yes,2018-09-02,
32.0,59049,10 years,8,,,Yes,2013-12-26,Austin
39.0,58671,13 years,10,,,Y,2019-08-04,Austin
40.0,63145,20 years,7,,HR,Yes,2017-01-12,New York
26.0,46354,0 years,9,Female,Engineering,No,2017-01-05,New York
35.0,47537,11 years,9,M,,,2017-10-21,Austin
38.0,51597,20 years,10,M,Marketing,Yes,2011-10-28,Boston
26.0,72615,3 years,4,Male,Marketing,Yes,2010-04-23,New York
18.0,25530,0 years,9,F,Sales,Y,2017-07-14,New York
28.0,37575,6 years,2,M,Sales,,,Austin
35.0,37706,17 years,6,,Engineering,Yes,2012-05-20,Boston
27.0,41324,5 years,5,Female,HR,Yes,2013-09-30,Boston
27.0,27588,4 years,1,F,HR,,,Austin
36.0,39167,11 years,5,F,HR,No,2014-02-23,Austin
32.0,39651,13 years,2,,Engineering,No,2018-01-21,Seattle
48.0,53199,25 years,2,,,,2013-05-25,Austin
18.0,25000,0 years,7,Female,,,2022-03-13,New York
18.0,45093,0 years,8,Female,Marketing,No,2013-03-12,Seattle
43.0,62173,24 years,4,Male,,,2014-03-07,
27.0,54365,9 years,6,M,HR,Y,2012-02-14,
36.0,44243,18 years,6,,Marketing,No,2020-07-02,Boston
27.0,39124,1 years,5,Male,HR,No,2015-10-31,Boston
,25000,0 years,5,F,Engineering,,2022-05-05,Boston
40.0,56418,21 years,2,Male,Sales,Yes,2010-06-03,Boston
43.0,68921,18 years,3,F,,Y,2013-06-13,Austin
25.0,66911,2 years,4,Male,Engineering,No,2014-11-19,Austin
42.0,38879,21 years,1,F,,Y,2016-04-04,Seattle
39.0,76924,20 years,9,,Sales,,2023-05-15,Boston
41.0,28218,18 years,5,Female,HR,Yes,2018-05-22,Austin
23.0,31793,0 years,7,F,Sales,Y,2019-02-26,New York
57.0,71140,33 years,3,,Marketing,Y,2011-11-29,New York
34.0,64694,14 years,7,Female,,,,
49.0,38367,24 years,4,Female,Marketing,Yes,2015-01-08,
39.0,37483,17 years,6,M,Engineering,,2011-05-19,Austin
29.0,53135,8 years,10,F,HR,N,,Austin
39.0,50086,18 years,10,Female,Sales,,2012-12-05,
53.0,81920,29 years,6,M,Engineering,Y,2019-11-29,
49.0,51676,31 years,1,Male,Engineering,No,2016-09-04,
52.0,30700,29 years,10,Male,Sales,No,,Austin
36.0,60616,16 years,10,F,Sales,,,
18.0,43143,0 years,10,Female,Sales,No,2021-09-25,New York
18.0,25000,0 years,6,M,,,2018-04-14,Seattle
26.0,46887,7 years,4,Female,Sales,No,,Seattle
44.0,61822,22 years,4,M,HR,Y,2023-09-04,Austin
26.0,25000,3 years,8,M,Engineering,Yes,2015-01-25,Austin
32.0,50609,,3,Female,HR,N,,
18.0,25250,0 years,6,Male,Engineering,Y,2011-02-01,Seattle
,52291,0 years,1,Male,Marketing,,2023-05-14,Seattle
51.0,68857,32 years,2,Female,Engineering,N,2013-08-06,
19.0,32386,0 years,3,Male,Engineering,No,2017-12-09,New York
32.0,46037,12 years,9,,Sales,Yes,2019-09-03,New York
43.0,42642,20 years,6,M,Marketing,Y,2020-12-02,
18.0,25000,0 years,10,,HR,No,,Austin
45.0,29343,25 years,10,F,Engineering,No,2013-03-10,New York
36.0,46092,9 years,10,Male,Marketing,No,2022-10-13,Seattle
41.0,71152,20 years,10,Female,Sales,N,2017-10-02,Seattle
37.0,37975,16 years,2,,Engineering,,2012-03-22,Austin
30.0,71702,5 years,1,Female,Engineering,Y,2011-07-08,New York
,37600,8 years,9,,Marketing,Yes,2014-02-12,Boston
21.0,25000,0 years,8,M,Sales,Yes,2014-11-02,New York
39.0,67783,18 years,3,,Sales,Yes,2018-09-10,Austin
28.0,43163,6 years,3,,Engineering,N,2012-03-26,Austin
26.0,37773,5 years,4,,Engineering,Y,2015-03-01,Seattle
28.0,25000,5 years,3,Female,,Yes,2022-12-19,New York
32.0,35695,4 years,9,Female,HR,,2019-08-07,
42.0,67450,22 years,8,F,,No,2013-12-11,
42.0,57746,20 years,9,Female,,,,
50.0,74262,25 years,4,Female,Sales,Yes,2012-05-29,
20.0,50495,0 years,4,M,Engineering,N,2023-04-21,Boston
27.0,47178,1 years,2,,Sales,N,2011-04-26,Boston
36.0,55338,11 years,4,Male,Sales,No,2010-08-09,Boston
26.0,74809,3 years,1,,HR,No,2013-03-11,Seattle
49.0,82141,29 years,1,Male,,N,2018-06-17,New York
32.0,37582,9 years,2,Female,Marketing,,2014-03-20,Austin
38.0,45784,14 years,6,Female,Sales,,,
34.0,53598,10 years,10,M,,,2020-02-10,Seattle
28.0,33303,9 years,6,,Marketing,Yes,2018-02-05,New York
32.0,69951,8 years,3,,Engineering,,2018-07-15,Austin
28.0,43176,6 years,4,Female,Marketing,Yes,2020-09-07,Boston
31.0,43324,10 years,5,Male,Sales,Y,2022-01-25,New York
23.0,37024,0 years,4,M,HR,N,2020-08-25,
19.0,39173,0 years,1,Female,Marketing,Y,2022-12-06,
49.0,44368,28 years,2,F,Sales,No,2012-12-09,Austin
55.0,61703,35 years,10,Female,Engineering,,2020-04-23,Seattle
48.0,29624,23 years,2,,Sales,Y,2011-11-26,
39.0,57518,14 years,4,Male,,No,2020-09-18,
28.0,63375,10 years,7,Male,Marketing,No,2022-05-08,New York
38.0,37432,17 years,5,F,Sales,Y,2019-08-22,Boston
48.0,45750,30 years,6,M,Marketing,,2013-03-22,
43.0,61635,19 years,7,Female,Marketing,,2023-12-24,Boston
18.0,52624,0 years,1,,Marketing,Yes,2014-04-08,Boston
28.0,27443,10 years,7,F,Engineering,Yes,2022-10-17,New York
27.0,39066,6 years,4,F,Marketing,,2015-06-24,Seattle
39.0,75042,13 years,9,F,Engineering,Yes,2018-06-14,
44.0,39593,20 years,7,Male,Sales,No,2021-03-10,Seattle
18.0,25000,0 years,5,F,Marketing,Y,2010-07-10,Austin
29.0,44471,4 years,1,,Engineering,Yes,2011-12-05,
19.0,33128,,1,Male,Marketing,Yes,2020-10-17,Boston
49.0,72016,26 years,10,Female,HR,Y,2010-01-22,New York
19.0,32519,0 years,6,Male,Marketing,No,2015-03-09,Boston
25.0,39792,3 years,10,M,Engineering,Y,2016-02-18,Boston
18.0,34698,0 years,6,M,Engineering,,2020-09-05,Seattle
42.0,65194,20 years,3,F,,Y,2015-06-06,
38.0,63614,20 years,9,Male,HR,Yes,2018-07-06,Boston
59.0,60977,32 years,6,Male,Engineering,Yes,2022-04-10,Boston
36.0,25000,13 years,5,,,Y,,Austin
33.0,55603,13 years,8,M,Sales,Y,2017-03-12,New York
24.0,29191,2 years,10,Male,,Y,,New York
42.0,31350,17 years,6,Male,Sales,,2023-08-28,Austin
35.0,25000,12 years,5,Female,HR,,2012-04-09,New York
45.0,37576,20 years,4,Male,Engineering,No,2018-01-02,
52.0,65462,26 years,1,F,,Yes,2016-05-05,Boston
46.0,41308,22 years,10,,Sales,Yes,2023-09-02,New York
38.0,46253,14 years,9,F,Engineering,No,2014-06-25,Seattle
37.0,66019,15 years,2,Male,,,2018-02-13,New York
20.0,28237,0 years,9,Female,Sales,Y,2023-06-15,
52.0,67686,28 years,1,,HR,N,,New York
51.0,65844,28 years,5,Male,HR,Y,2015-07-31,New York
41.0,76374,22 years,10,M,Marketing,Yes,2016-05-06,
26.0,48753,0 years,5,M,Sales,Yes,2016-04-25,Boston
46.0,64078,28 years,4,Female,Engineering,Yes,2020-01-23,Austin
38.0,58900,12 years,3,,HR,Yes,2011-11-03,Seattle
48.0,55938,29 years,10,F,Marketing,No,2021-01-08,
44.0,55822,21 years,5,M,,N,2017-06-22,Austin
,42621,18 years,9,,Marketing,Y,2020-04-02,Seattle
43.0,70825,19 years,5,Female,,Y,2022-10-19,Seattle
46.0,65956,26 years,9,Female,Sales,No,2020-09-06,Austin
46.0,80643,22 years,2,M,Marketing,No,2016-09-23,New York
32.0,38010,11 years,4,Female,HR,Yes,2016-08-13,Boston
45.0,56959,26 years,5,Female,Marketing,No,2011-02-03,Seattle
34.0,60061,10 years,3,M,HR,Y,2012-03-29,Boston
43.0,55281,20 years,8,Female,Sales,Y,2021-09-11,
41.0,47725,21 years,6,F,Marketing,,2022-01-30,
18.0,25000,0 years,10,Female,Sales,N,2022-08-24,Boston
47.0,43337,25 years,5,F,Engineering,Y,2013-07-10,New York
32.0,52270,9 years,8,,HR,Y,2023-01-06,New York
26.0,25000,5 years,5,Female,,Yes,2023-08-26,Austin
52.0,61090,29 years,5,Female,HR,N,2020-10-25,Boston
27.0,27623,4 years,5,,Marketing,,2010-09-06,
43.0,28057,21 years,4,F,HR,,2016-07-19,Boston
37.0,50141,16 years,9,M,HR,Yes,2022-11-15,Boston
29.0,50757,12 years,10,F,HR,Yes,2014-02-15,
24.0,25000,2 years,10,M,Marketing,Y,,Boston
33.0,32814,11 years,3,F,Engineering,Yes,2010-12-25,Seattle
56.0,53233,34 years,10,,,Yes,2015-07-30,
32.0,25000,8 years,6,Female,HR,Y,2018-02-02,
39.0,43220,,7,F,HR,Yes,2022-12-26,Austin
25.0,30577,1 years,3,F,Engineering,Y,2018-10-27,
20.0,43832,0 years,3,F,HR,Yes,2015-07-16,Seattle
47.0,53384,26 years,5,M,Marketing,Yes,2023-12-03,
49.0,53692,31 years,1,Female,Engineering,Yes,2017-04-10,Seattle
28.0,31442,2 years,8,,Engineering,Yes,2012-08-05,Seattle
18.0,25000,0 years,5,,Engineering,,2014-08-26,New York
46.0,52956,20 years,1,F,Engineering,,2017-05-10,Boston
33.0,42884,9 years,6,M,HR,,2018-04-03,Seattle
41.0,35973,23 years,1,F,HR,No,2018-05-28,Seattle
51.0,66848,28 years,10,M,HR,,2023-05-24,Seattle
25.0,37815,2 years,5,,Marketing,Yes,2021-09-02,Boston
18.0,59319,0 years,7,Male,Marketing,,,New York
24.0,36028,0 years,1,,Marketing,Y,2011-07-06,
29.0,60875,4 years,3,F,Engineering,N,,New York
33.0,61896,7 years,1,,Engineering,,2013-01-09,New York
42.0,41811,22 years,3,,HR,Y,2015-10-30,Seattle
35.0,49209,9 years,4,M,Marketing,Yes,2016-07-21,Boston
32.0,36809,10 years,9,F,Marketing,Y,2020-05-14,Seattle
47.0,67251,21 years,5,Male,Sales,,2018-07-31,Seattle
,45210,2 years,4,M,Marketing,Y,2012-11-26,Austin
33.0,42963,16 years,5,Male,HR,N,2011-05-19,
24.0,26122,0 years,7,F,HR,Yes,2010-08-07,New York
48.0,70768,23 years,3,Female,,,2020-08-14,Boston
31.0,39148,7 years,7,Male,,Yes,2021-05-13,Boston
48.0,84478,,8,Female,Engineering,Yes,,New York
37.0,30480,12 years,8,Male,Marketing,Yes,2011-11-13,
32.0,49291,14 years,3,Female,,Y,2010-01-26,New York
25.0,55971,0 years,4,Male,Engineering,Yes,2014-07-05,Austin
31.0,25000,8 years,7,Female,HR,Y,2023-02-05,Seattle
48.0,67798,23 years,5,F,Sales,,2010-04-12,New York
38.0,38261,17 years,2,Female,Sales,,2019-07-28,Austin
43.0,60160,20 years,8,Male,,Yes,2018-03-12,New York
26.0,28953,1 years,10,M,Sales,Y,2011-03-12,
42.0,37292,23 years,4,F,Marketing,No,2015-12-16,Austin
29.0,37348,1 years,9,Female,Engineering,Y,2022-01-01,Boston
37.0,31912,16 years,2,Female,,Yes,2020-04-28,Austin
49.0,38367,24 years,4,Female,Marketing,Yes,2015-01-08,
39.0,46453,19 years,5,,Engineering,No,2021-06-22,Seattle
29.0,56645,2 years,9,F,Sales,Yes,2011-11-07,Austin
41.0,42634,16 years,4,,Sales,Y,2023-06-01,Seattle
29.0,46244,5 years,5,F,HR,Yes,2021-08-30,
44.0,57697,20 years,3,,,N,2023-05-20,Seattle
45.0,30102,21 years,4,F,Engineering,No,2012-11-23,Boston
43.0,56811,23 years,7,,,Yes,2020-03-03,Austin
40.0,48067,15 years,1,,Marketing,Yes,2021-01-14,New York
43.0,56631,15 years,7,,HR,,2022-08-15,Boston
44.0,57511,25 years,1,Male,Engineering,,2013-10-07,Boston
44.0,60275,18 years,5,,HR,,2018-02-18,Seattle
27.0,72851,2 years,5,,Marketing,Yes,2020-02-09,Austin
34.0,46730,19 years,6,F,Marketing,Y,2017-12-06,Boston
46.0,40225,21 years,10,Male,Marketing,Yes,2012-01-11,
35.0,58245,11 years,9,Male,Sales,,2012-03-07,New York
43.0,25000,20 years,2,F,Engineering,Yes,2019-01-30,New York
,50036,2 years,5,Male,HR,,2017-10-19,Austin
21.0,25000,0 years,9,Female,HR,Yes,2019-05-31,
18.0,25000,0 years,1,Female,Engineering,Yes,2010-12-04,New York
26.0,25000,,6,,HR,Yes,2014-04-05,Seattle
31.0,37604,12 years,4,F,HR,Yes,2017-02-28,
32.0,57474,11 years,1,M,Marketing,,2010-11-26,Boston
28.0,30241,5 years,7,Male,Marketing,Y,2021-04-10,Seattle
44.0,70559,20 years,7,Male,HR,Y,2019-12-09,Boston
48.0,44935,25 years,2,,Marketing,N,2023-11-24,
48.0,64968,25 years,5,Female,,,2017-02-04,Seattle
33.0,33369,9 years,1,F,Marketing,Yes,2018-09-06,Austin
36.0,45642,17 years,6,,,No,2022-01-28,Boston
46.0,71594,21 years,7,Female,Marketing,,2011-07-08,Austin
41.0,50037,18 years,3,F,Marketing,Y,2023-03-31,New York
26.0,39430,4 years,7,M,HR,Y,2014-07-06,New York
35.0,48725,12 years,2,,HR,Y,2011-05-04,Austin
27.0,56771,7 years,8,F,HR,Yes,2020-01-27,Boston
44.0,27184,26 years,9,Male,,,2015-05-01,Austin
40.0,48334,17 years,6,Female,Sales,Y,2018-12-04,Austin
33.0,42230,10 years,6,M,Engineering,No,2014-09-23,Seattle
28.0,77129,6 years,1,Male,Engineering,,2012-07-14,Austin
21.0,25000,0 years,10,,Engineering,,2012-03-03,Seattle
39.0,47154,22 years,1,M,Sales,Yes,2021-05-30,New York
43.0,59309,20 years,6,F,HR,N,2016-07-08,Boston
28.0,61672,,3,F,,Y,2012-10-14,Seattle
37.0,58640,15 years,3,Female,Engineering,Yes,2017-04-14,
36.0,45166,9 years,8,Male,Marketing,N,2015-07-01,
34.0,41845,10 years,1,Female,HR,No,2020-03-19,New York
19.0,33090,0 years,4,,Sales,Yes,2010-12-15,
29.0,25000,6 years,7,Female,Marketing,Yes,2010-09-20,Boston
36.0,46430,13 years,5,F,Marketing,No,2012-04-22,Boston
44.0,68314,18 years,9,Female,,,2010-02-05,New York
,40828,1 years,8,Female,Sales,No,2021-04-06,New York
31.0,59012,10 years,6,M,Sales,Yes,2013-06-16,Boston
33.0,55913,10 years,8,M,HR,No,2012-07-31,
,59693,15 years,6,M,Sales,Y,,Seattle
23.0,25000,0 years,1,Male,HR,Yes,,Austin
33.0,38252,10 years,9,Female,,No,2022-01-12,Austin
27.0,56961,2 years,6,Female,Sales,Y,2022-06-14,Austin
57.0,69395,33 years,1,Female,HR,No,2011-09-15,Austin
23.0,37879,0 years,6,F,HR,,2022-11-06,Boston
40.0,43938,16 years,8,F,Engineering,Y,2011-08-24,Seattle
46.0,53159,28 years,4,Male,,N,2011-05-07,
18.0,34807,0 years,5,Male,Marketing,Y,2014-07-23,Austin
24.0,53204,6 years,3,M,Engineering,Y,2018-03-08,New York
43.0,52641,18 years,9,F,Marketing,Y,2013-07-18,Seattle
26.0,58323,1 years,2,F,,Yes,,
25.0,42169,0 years,1,Male,Sales,Y,2017-03-19,Seattle
36.0,38304,10 years,9,F,HR,,2014-12-04,Seattle
37.0,38739,17 years,4,F,Marketing,Yes,2013-10-28,Boston
43.0,61865,21 years,5,Female,Sales,Yes,2019-07-13,Seattle
45.0,53115,,8,Male,Engineering,Y,2019-10-06,New York
19.0,30434,0 years,9,,Sales,Yes,2013-12-09,New York
40.0,47696,19 years,10,Male,HR,,2020-12-07,Austin
30.0,36563,12 years,7,Male,,,,
26.0,49695,5 years,7,Female,,N,2012-10-27,New York
47.0,58268,24 years,1,Female,HR,N,2012-05-30,
36.0,25000,16 years,3,Female,Engineering,Yes,2011-10-10,Austin
42.0,68797,22 years,5,Male,,,2013-11-21,Boston
40.0,41412,17 years,5,Male,,N,2022-11-01,Seattle
42.0,58213,16 years,10,F,Sales,N,2014-10-13,Seattle
40.0,53204,14 years,7,Male,Engineering,Yes,2021-04-12,New York
26.0,36891,0 years,6,Male,Marketing,,2010-10-01,
25.0,41495,1 years,7,Female,Engineering,,2023-10-22,Seattle
23.0,48493,3 years,2,F,HR,No,2011-04-11,
33.0,53451,12 years,1,Male,Sales,,2013-05-02,Boston
42.0,50881,17 years,5,Female,HR,Yes,2021-05-19,New York
33.0,79177,10 years,5,Male,Engineering,Yes,2011-11-02,Boston
24.0,32782,1 years,5,,Sales,Yes,2011-11-07,Boston
25.0,43718,0 years,3,F,,Yes,2018-08-19,Austin
37.0,47516,5 years,9,M,Engineering,Y,,
22.0,48132,3 years,2,,Marketing,Y,2017-08-15,New York
61.0,73104,39 years,10,Female,Marketing,Y,,Boston
24.0,34785,3 years,6,Male,,No,2012-11-16,Austin
50.0,48926,28 years,5,Female,Marketing,N,2011-03-04,
34.0,55415,16 years,4,Male,,No,2010-05-27,
27.0,39253,,2,F,Sales,Yes,2022-02-04,
27.0,39141,0 years,10,Female,,No,2017-08-20,New York
41.0,57990,16 years,9,F,Marketing,Yes,2022-11-17,
33.0,34014,13 years,5,,Sales,,,New York
50.0,68184,28 years,2,,Marketing,Y,2014-01-09,New York
21.0,40871,0 years,2,F,Marketing,No,2022-12-14,
46.0,48002,29 years,3,Male,,Y,2023-10-13,Seattle
18.0,25000,0 years,4,F,HR,Y,2018-10-04,
53.0,62240,28 years,2,Male,,No,,New York
39.0,45911,20 years,9,F,HR,,,Seattle
18.0,32284,0 years,1,M,Engineering,Yes,2022-06-24,New York
32.0,41153,7 years,1,,HR,Y,2020-02-16,New York
23.0,25000,5 years,7,Male,HR,Yes,2021-12-24,New York
53.0,74023,25 years,5,F,Engineering,,2017-05-20,Seattle
41.0,35472,16 years,5,M,Engineering,Yes,2023-02-10,
23.0,25000,2 years,6,M,Engineering,Yes,2011-05-22,New York
37.0,54286,14 years,3,,,Yes,2023-09-17,
27.0,62528,4 years,2,Female,Engineering,Y,2021-08-29,New York
27.0,44776,5 years,6,Female,,,2014-05-12,Seattle
42.0,77379,21 years,4,Female,Marketing,Y,2014-03-10,Seattle
38.0,44434,13 years,4,F,Engineering,,2010-05-13,
46.0,46175,22 years,2,F,,Yes,2017-11-20,New York
26.0,26022,3 years,3,Male,Engineering,Y,2022-07-30,Boston
45.0,55305,21 years,10,Male,,Yes,,Austin
31.0,51572,4 years,4,F,Marketing,Y,2023-03-25,
30.0,66525,10 years,6,Female,Sales,Y,2016-06-01,Austin
34.0,49244,12 years,3,F,HR,Y,2014-06-24,Boston
35.0,55378,10 years,3,F,,Yes,2023-07-25,Seattle
24.0,26107,2 years,7,,,Yes,2021-12-23,
18.0,26157,1 years,9,Female,Engineering,Yes,2015-05-05,Seattle
36.0,69755,14 years,3,Female,Engineering,No,2023-03-07,Austin
42.0,62319,22 years,4,Male,Engineering,No,2021-12-19,Austin
41.0,57383,17 years,5,Female,Marketing,Yes,2016-07-13,Seattle
35.0,58522,15 years,2,F,Engineering,Yes,2023-07-08,
34.0,62319,,4,,HR,Yes,2018-02-28,Seattle
35.0,34092,6 years,10,,Engineering,Yes,2022-04-03,Seattle
48.0,73215,28 years,5,,,Yes,2017-06-15,New York
41.0,55673,21 years,5,,HR,No,2023-08-25,Seattle
28.0,43472,9 years,10,,Marketing,Yes,2014-03-25,Boston
51.0,50714,31 years,5,Male,Sales,N,2022-12-14,Boston
52.0,83409,27 years,4,Male,,Yes,2022-07-17,
27.0,47178,1 years,2,,Sales,N,2011-04-26,Boston
28.0,25000,2 years,7,F,Marketing,,2020-05-19,New York
29.0,43161,1 years,5,F,Marketing,Yes,2018-03-27,Austin
50.0,51398,26 years,2,M,Engineering,Yes,2011-07-20,Boston
26.0,42714,9 years,5,Female,Sales,,2017-04-14,Austin
28.0,42301,1 years,5,Male,Marketing,Y,2016-04-10,
32.0,43903,12 years,6,,Sales,Yes,2015-02-22,New York
24.0,43228,1 years,1,Male,Engineering,Yes,2013-05-02,
37.0,52917,15 years,8,F,HR,Y,2019-08-23,New York
43.0,58912,22 years,10,F,HR,Y,2012-01-22,
37.0,64298,12 years,9,Male,Marketing,,2022-08-14,Boston
39.0,47203,15 years,10,Female,Sales,Y,2017-04-11,Austin
28.0,56992,3 years,8,,,Y,2016-07-17,Boston
30.0,43871,5 years,7,F,HR,Yes,2014-07-19,
35.0,45102,10 years,8,,,,2018-05-28,New York
36.0,65718,15 years,10,Male,Engineering,,2010-11-23,Boston
45.0,64058,22 years,10,,Marketing,Yes,2023-10-16,Boston
32.0,25727,4 years,4,,Engineering,Yes,2012-10-31,Seattle
37.0,54477,19 years,3,M,HR,No,2012-05-23,
40.0,39191,20 years,7,Male,HR,Yes,2010-06-15,
26.0,59306,6 years,6,Female,Marketing,Yes,2022-04-20,Seattle
39.0,33491,16 years,6,,Engineering,Y,2016-12-22,
39.0,79347,19 years,6,,Sales,,2014-09-03,Boston
31.0,33297,8 years,2,F,HR,N,2020-09-26,Boston
33.0,25000,6 years,3,Female,,Yes,2012-10-27,
49.0,76796,27 years,4,F,HR,,2011-05-11,
50.0,50688,27 years,4,F,HR,Yes,2019-03-23,New York
38.0,92020,15 years,5,M,Marketing,N,,Seattle
44.0,64972,23 years,5,Male,,Yes,2017-11-03,Seattle
40.0,45694,,3,Male,Engineering,Yes,2018-06-22,
29.0,55020,10 years,8,M,Engineering,Y,2020-07-26,New York
27.0,32683,6 years,4,Female,HR,Yes,2015-07-24,Seattle
38.0,37033,16 years,1,Female,,No,2022-05-30,Seattle
29.0,71579,5 years,9,F,HR,,2012-08-19,Austin
55.0,53326,30 years,10,F,HR,Y,2010-11-06,Austin
24.0,45369,7 years,1,Female,HR,Yes,2023-09-19,
38.0,62795,16 years,7,M,,Yes,2015-04-11,Seattle
22.0,47787,4 years,9,Female,,,2023-10-09,
33.0,50697,12 years,8,Male,Marketing,Y,2016-08-26,Austin
33.0,57267,8 years,6,,Marketing,N,2019-04-23,Boston
31.0,42095,12 years,8,M,Engineering,Yes,2020-04-04,Austin
40.0,47433,20 years,3,F,HR,No,,
41.0,65249,19 years,9,Female,,Y,2018-12-26,Boston
23.0,46809,6 years,4,Male,HR,N,2016-07-14,
40.0,27244,18 years,6,M,Sales,Yes,2018-02-05,Seattle
34.0,47265,4 years,6,F,,,2019-04-19,Boston
,37523,0 years,8,F,Sales,,2022-07-02,Seattle
31.0,57392,7 years,1,Female,,No,2013-09-01,Austin
29.0,47728,4 years,1,Male,HR,,2011-03-24,Boston
27.0,32347,7 years,8,,Marketing,Y,2019-12-13,Austin
43.0,84969,17 years,10,,HR,N,,New York
40.0,44209,17 years,5,F,HR,Y,2011-02-20,New York
24.0,32187,0 years,1,Male,HR,N,2022-12-04,
18.0,52117,0 years,1,Male,Sales,Y,,Boston
21.0,25000,0 years,1,M,Marketing,Y,2011-02-22,Austin
31.0,51226,10 years,9,Male,,,,Austin
32.0,60657,7 years,9,F,HR,Yes,2012-01-10,Seattle
32.0,38494,6 years,5,,Engineering,Y,2019-12-16,
26.0,43863,4 years,2,M,Marketing,Y,2011-01-08,Seattle
36.0,31559,12 years,4,Female,Sales,N,2015-08-27,Austin
38.0,44716,12 years,5,M,Marketing,Y,2016-12-15,Seattle
27.0,25323,8 years,10,,,Y,2017-10-24,Seattle
38.0,54665,23 years,9,Male,,Y,,Austin
46.0,62249,26 years,5,,Marketing,Y,2022-10-17,Seattle
25.0,25000,4 years,9,Male,HR,,2018-04-09,Seattle
28.0,33813,9 years,2,Female,Sales,,2020-01-24,Austin
41.0,40715,15 years,5,Female,Marketing,Y,2014-06-16,Seattle
47.0,66445,26 years,8,Female,,No,2012-12-08,New York
23.0,25000,1 years,2,Male,Marketing,Yes,2011-12-31,Austin
27.0,45047,0 years,2,Male,Marketing,No,2015-01-25,Boston
32.0,67346,7 years,9,F,Sales,Yes,2018-10-04,New York
23.0,33138,0 years,2,Male,HR,No,2014-09-24,Seattle
28.0,35828,7 years,3,Female,Sales,Y,2019-01-21,Seattle
22.0,34842,4 years,5,,HR,Y,2020-10-19,
43.0,70136,26 years,3,,Engineering,No,2013-12-29,Seattle
50.0,63046,32 years,8,Female,Marketing,Y,2010-08-08,Austin
38.0,39540,14 years,9,F,Engineering,Yes,2013-09-03,Austin
49.0,103594,25 years,4,Male,HR,,2012-11-25,Boston
37.0,66005,13 years,3,,Marketing,No,,New York
29.0,41700,0 years,4,,Sales,Y,2018-04-18,
39.0,45881,18 years,5,Female,,Yes,2012-09-21,New York
46.0,57775,19 years,4,Female,Marketing,Yes,2011-11-23,
27.0,62538,5 years,4,F,Engineering,,,Boston
40.0,75516,15 years,1,Male,Engineering,No,2022-04-20,Boston
55.0,103598,29 years,2,Male,Engineering,N,2020-11-22,Seattle
22.0,38346,0 years,5,,Engineering,No,2022-11-04,Boston
34.0,52809,16 years,6,,Marketing,Yes,2018-04-15,Boston
48.0,50821,28 years,9,F,Engineering,Yes,,Boston
60.0,79182,37 years,10,Male,Sales,Yes,,New York
41.0,39169,15 years,2,F,HR,Yes,2011-04-04,New York
28.0,57649,3 years,7,Male,Sales,Yes,2019-03-22,Seattle
41.0,56399,18 years,9,,Marketing,Yes,2011-09-14,
33.0,59270,12 years,5,M,Sales,Y,2014-01-05,
25.0,51288,5 years,2,Male,Marketing,Yes,2017-05-17,Boston
,46284,13 years,7,Female,Marketing,,2012-04-22,
21.0,28728,0 years,1,,Engineering,Yes,2020-08-12,New York
18.0,40112,0 years,6,Male,Marketing,,2014-10-09,Seattle
55.0,85806,33 years,1,,,Yes,2014-06-09,
27.0,28929,0 years,10,,Sales,Y,,New York
38.0,54173,12 years,1,Female,,N,2019-12-19,
39.0,45171,21 years,8,Male,Engineering,Yes,2017-03-28,New York
31.0,33368,9 years,1,Female,Engineering,Y,2013-12-06,Seattle
33.0,48224,13 years,6,Female,,Y,2013-02-13,Seattle
37.0,30167,15 years,6,Female,Sales,Y,2011-03-20,Boston
56.0,82821,36 years,6,M,Sales,,2012-09-14,Seattle
30.0,46099,10 years,2,Female,Sales,Yes,2017-09-25,
36.0,64219,15 years,7,M,Marketing,N,2013-04-28,Austin
41.0,25000,24 years,5,Female,Sales,No,2010-11-03,Austin
38.0,57913,18 years,2,M,,No,2022-05-30,Seattle
44.0,55598,21 years,6,Male,Sales,Yes,2012-03-10,New York
59.0,73263,35 years,1,M,,Yes,2019-09-02,New York
18.0,42071,,5,,Engineering,No,2016-12-31,Seattle
32.0,25000,11 years,10,M,,,2020-12-07,Seattle
36.0,57267,16 years,3,Female,Sales,Y,2022-02-05,Austin
51.0,56969,30 years,4,Male,Sales,Yes,2013-06-04,Seattle
40.0,66778,17 years,6,Female,Marketing,,2021-05-21,New York
38.0,59679,12 years,10,,,Y,,
48.0,48416,,1,Male,HR,Y,2015-02-01,Seattle
35.0,36536,13 years,1,M,,Y,2013-02-07,New York
51.0,67600,25 years,10,Female,Marketing,N,2021-11-29,Austin
25.0,45411,2 years,1,,Marketing,,2010-11-15,Seattle
37.0,56844,15 years,8,F,Sales,No,2016-07-12,Boston
28.0,48010,5 years,1,F,HR,Y,2021-09-05,Seattle
35.0,53745,11 years,5,Male,HR,Yes,2022-10-09,
30.0,82354,8 years,9,,Sales,No,2013-09-28,New York
29.0,42770,5 years,1,M,Sales,N,2010-12-01,Seattle
31.0,52737,16 years,7,M,Engineering,Yes,2011-08-07,Seattle
45.0,50499,18 years,9,F,,,2022-06-22,New York
34.0,33310,9 years,6,Male,Marketing,,2015-02-11,Seattle
37.0,67279,17 years,7,Female,Sales,Yes,2012-12-16,
48.0,45787,22 years,7,Male,,,,Seattle
31.0,49398,10 years,3,Female,Engineering,Y,,Boston
35.0,52305,16 years,4,Female,,No,2018-10-24,Austin
43.0,73374,22 years,8,Male,Marketing,Yes,,Austin
33.0,51152,9 years,8,F,Marketing,Y,,New York
34.0,75329,10 years,1,,,Y,2015-07-20,Seattle
19.0,25000,0 years,9,,Sales,No,2011-06-21,Seattle
34.0,28610,13 years,7,M,,Yes,2016-02-17,New York
32.0,48102,7 years,1,Female,Marketing,,2018-09-30,Austin
35.0,70090,10 years,9,Female,Marketing,,2012-02-28,New York
55.0,39466,32 years,1,M,HR,N,2017-11-05,Austin
40.0,40872,15 years,9,M,HR,Y,2016-06-17,Boston
23.0,35288,0 years,10,Male,HR,,,Austin
38.0,51869,14 years,9,Male,HR,N,2013-05-02,New York
34.0,27110,14 years,10,Female,,Y,2016-02-06,Seattle
41.0,42222,16 years,6,F,,N,2022-01-07,Boston
43.0,61758,18 years,6,Male,,N,2011-07-27,Boston
40.0,71222,18 years,7,,HR,Y,,Boston
36.0,65380,10 years,6,M,Marketing,,2022-12-16,Boston
45.0,41314,24 years,1,Male,Sales,N,2011-07-23,
35.0,66438,17 years,9,F,,Yes,2015-03-18,Austin
21.0,34412,3 years,10,Male,,,2014-05-29,New York
27.0,46653,4 years,9,Female,HR,No,2011-09-15,Austin
40.0,82049,12 years,9,F,Marketing,Yes,2020-10-14,Austin
35.0,40782,11 years,10,Female,Sales,,2020-11-26,
65.0,59319,40 years,5,Male,Marketing,,2014-08-21,Austin
37.0,73804,14 years,8,,Sales,Yes,2017-08-19,Seattle
25.0,57946,4 years,2,Female,Engineering,Yes,2018-02-11,Boston
35.0,59350,13 years,8,Female,Sales,,2017-08-09,New York
26.0,25000,1 years,5,Female,,No,,
33.0,52625,7 years,9,Male,Sales,Yes,2017-02-01,Boston
47.0,71331,19 years,8,M,Sales,,2015-03-15,New York
36.0,54943,19 years,9,Male,Sales,Yes,2010-04-08,Boston
50.0,79889,25 years,10,M,Engineering,N,2023-08-01,Seattle
34.0,39916,12 years,3,,Marketing,,2018-03-23,New York
26.0,59200,11 years,8,Female,,Y,2019-06-20,
38.0,25000,22 years,8,Female,,Y,2010-03-02,Austin
48.0,54589,26 years,10,Male,Sales,Y,2015-11-28,Seattle
38.0,66387,13 years,9,,Sales,No,2012-07-19,Boston
45.0,30102,21 years,4,F,Engineering,No,2012-11-23,Boston
55.0,73964,32 years,10,Male,,No,2013-10-24,Austin
47.0,66098,27 years,7,F,Engineering,No,2023-02-02,
35.0,70067,10 years,2,Female,Marketing,Yes,,Boston
35.0,47654,12 years,5,,HR,Y,2023-03-17,
41.0,53936,19 years,9,Female,Marketing,Y,2021-07-29,New York
26.0,25000,4 years,2,F,HR,Yes,2018-05-16,
19.0,25000,,7,Female,HR,Yes,2012-02-22,Seattle
48.0,68494,27 years,10,Male,HR,No,2018-07-23,New York
44.0,25500,23 years,5,,Marketing,,2023-04-17,
36.0,61212,17 years,7,F,Marketing,No,2011-07-06,Austin
29.0,33223,,2,Male,Engineering,Y,2016-05-06,Austin
31.0,84039,12 years,10,Female,Engineering,Yes,,
32.0,48928,5 years,9,M,,Yes,2016-09-14,Seattle
29.0,28457,5 years,8,Female,HR,Yes,2022-04-30,Boston
51.0,99381,32 years,1,Male,Engineering,,2021-12-15,Boston
28.0,58687,5 years,8,Male,Sales,,2015-01-18,Seattle
33.0,54591,16 years,8,Male,,Yes,2014-07-13,
32.0,32793,,4,M,HR,No,2016-07-14,Austin
45.0,71411,19 years,8,,,N,2021-09-25,
32.0,25000,11 years,6,Male,Sales,,2016-12-23,Austin
30.0,46547,12 years,4,Male,Marketing,No,2014-02-22,Austin
39.0,48957,17 years,1,,,Yes,2020-10-24,Boston
39.0,46630,20 years,4,Male,,Yes,2012-09-26,Seattle
34.0,31581,9 years,9,Male,Engineering,,2016-10-15,
35.0,60963,11 years,9,F,Engineering,Yes,2010-04-05,Seattle
36.0,53909,19 years,6,F,,,2013-05-31,Boston
40.0,62737,17 years,6,Female,HR,Yes,2017-12-15,
33.0,34543,11 years,9,,Sales,Y,2010-09-27,Boston
21.0,33369,0 years,2,F,Marketing,Yes,2019-11-15,Boston
31.0,44338,10 years,6,M,Sales,Yes,2010-08-23,New York
33.0,37723,15 years,6,M,Engineering,Y,2010-02-14,Austin
42.0,51037,21 years,7,F,Sales,Y,2013-10-14,
30.0,43195,12 years,9,,Sales,Y,2020-02-09,Austin
53.0,68190,34 years,7,,,N,,Austin
29.0,28142,3 years,9,Female,Marketing,Y,2015-04-27,Boston
20.0,51425,0 years,3,Female,Engineering,No,2015-12-07,Seattle
30.0,61583,6 years,6,Male,Sales,Yes,2020-07-08,New York
31.0,48041,,7,,HR,,2021-03-13,New York
36.0,60335,15 years,10,Female,Engineering,Y,2017-01-20,New York
42.0,54487,22 years,10,,,Yes,2020-02-04,
40.0,26983,16 years,5,,Engineering,,2011-03-24,Seattle
25.0,73988,3 years,2,Male,,Y,2010-12-09,Boston
36.0,48318,12 years,7,M,,No,2019-03-26,New York
35.0,53040,14 years,3,Male,Marketing,Y,2022-09-02,
28.0,38915,5 years,6,F,HR,Y,2013-12-19,Austin
18.0,32095,0 years,1,M,Sales,Y,2023-06-17,Austin
37.0,64938,20 years,4,Male,HR,Y,2010-10-30,Boston
39.0,64617,23 years,4,M,Marketing,No,2023-02-16,New York
49.0,90606,26 years,7,M,HR,,,Boston
27.0,46185,4 years,5,Male,Sales,No,2019-01-09,
38.0,53159,13 years,9,Male,Sales,,,Seattle
28.0,63111,6 years,6,F,Marketing,Y,2017-08-19,Seattle
39.0,61514,15 years,4,Female,Sales,Yes,2013-08-22,
30.0,56312,12 years,8,M,Sales,Y,2020-03-15,
33.0,38950,9 years,7,M,Engineering,Yes,2018-12-23,Austin
31.0,48247,8 years,5,F,,Y,2012-05-26,New York
28.0,25000,6 years,8,,Marketing,Y,2020-10-16,Seattle
58.0,82486,,4,Male,,No,2011-04-08,New York
22.0,39869,0 years,3,Male,Engineering,N,,Boston
38.0,51668,13 years,1,Female,Engineering,Yes,2012-11-22,
18.0,27756,0 years,8,Female,,Y,2019-04-19,Austin
41.0,45456,16 years,6,M,Marketing,Yes,2016-04-01,Seattle
49.0,41734,28 years,1,Female,Marketing,Yes,2017-05-05,Seattle
37.0,50300,17 years,9,Female,HR,,2021-10-12,Boston
45.0,25000,19 years,2,Male,,No,2012-07-05,
38.0,45250,20 years,6,Female,Engineering,,2023-12-24,New York
46.0,89951,17 years,10,M,Engineering,Yes,2023-05-16,Boston
18.0,33250,0 years,9,Male,,No,2013-04-23,Austin
45.0,53042,22 years,6,,Engineering,Y,,Seattle
36.0,74164,12 years,5,Female,,Yes,2023-07-27,Seattle
29.0,36969,5 years,10,F,,Yes,2016-06-19,Austin
40.0,58440,16 years,4,Male,Sales,Yes,2011-06-04,Boston
45.0,79151,19 years,1,Female,Sales,Y,2017-05-22,
30.0,25000,6 years,6,F,Marketing,Yes,2013-02-16,Seattle
47.0,75969,23 years,5,Male,,No,2019-12-04,Boston
49.0,82887,28 years,8,M,Marketing,Y,2014-01-06,Seattle
36.0,50091,13 years,5,,,Yes,2023-10-13,New York
24.0,45572,1 years,1,Male,HR,Y,2013-11-22,New York
41.0,25000,15 years,4,F,Engineering,Y,2013-03-20,Austin
36.0,45266,15 years,5,F,,Yes,2017-07-31,
28.0,40847,6 years,6,M,HR,No,2018-04-02,Austin
31.0,55470,3 years,5,M,,Yes,,Austin
22.0,43779,3 years,1,M,,No,2013-08-13,
40.0,35033,24 years,3,Female,,N,2023-03-31,Austin
41.0,61937,22 years,9,Male,,No,2016-08-09,Boston
33.0,37481,15 years,4,Female,Sales,Y,2010-02-16,Boston
35.0,49878,15 years,2,Male,,,,Austin
40.0,38592,13 years,4,F,,No,2021-07-13,Boston
28.0,43203,7 years,10,,Sales,Y,2014-05-01,Austin
20.0,25000,0 years,10,Female,Marketing,No,2015-10-01,New York
36.0,55167,16 years,4,Male,Sales,N,2016-11-16,Boston
25.0,25000,3 years,10,F,Engineering,Y,2012-12-06,
25.0,26402,4 years,5,M,Sales,Yes,2017-05-30,
22.0,52605,0 years,8,Female,HR,Yes,2019-06-27,
41.0,41318,19 years,8,,Engineering,Yes,2017-09-11,Austin
28.0,26201,4 years,5,M,Engineering,,2013-05-07,
38.0,51650,12 years,9,M,Marketing,No,2013-01-22,Seattle
46.0,80153,20 years,10,Male,,Y,,Boston
40.0,35807,15 years,3,F,Sales,Yes,2012-08-26,Austin
18.0,43437,0 years,9,Male,Engineering,Y,2015-01-01,
39.0,37433,13 years,7,Male,Engineering,Y,2015-01-25,
40.0,41545,16 years,5,M,Sales,Y,2015-07-26,Boston
24.0,41436,2 years,1,Male,Engineering,Y,2018-03-10,New York
35.0,49458,8 years,8,F,Marketing,,2012-08-08,New York
29.0,47947,8 years,1,Female,,Yes,2021-04-28,New York
22.0,25000,0 years,2,F,Engineering,Yes,2022-01-22,Boston
26.0,61443,0 years,4,F,HR,Yes,2021-03-18,Boston
27.0,31859,4 years,2,F,Marketing,Y,,Seattle
43.0,37559,,4,Male,HR,N,2015-01-15,
33.0,42536,11 years,5,Female,Marketing,Y,2017-01-31,Boston
34.0,54774,12 years,9,Male,Marketing,,2011-05-04,Boston
25.0,41197,3 years,8,F,Sales,Y,2023-03-28,Seattle
51.0,65549,29 years,1,Male,Engineering,Yes,2010-12-23,Austin
35.0,38079,13 years,4,Male,Marketing,No,2023-08-10,New York
38.0,39859,15 years,4,Female,,Yes,,Austin
37.0,58907,12 years,3,Female,Marketing,,2012-08-26,Boston
47.0,69010,24 years,10,Male,Marketing,,,New York
43.0,67778,22 years,5,Male,Sales,Yes,2011-12-03,New York
23.0,49090,1 years,9,,Sales,Y,2011-07-28,Boston
40.0,30236,18 years,5,M,HR,Y,2010-03-04,Seattle
38.0,45634,15 years,7,F,Engineering,,2010-02-03,
26.0,59525,11 years,9,Male,Engineering,Y,2010-09-18,Boston
35.0,36629,8 years,8,Female,Engineering,,2022-10-15,Boston
46.0,78736,26 years,1,F,HR,Yes,,Austin
36.0,51774,14 years,6,,,,2013-08-08,
35.0,25000,13 years,5,Female,Marketing,Yes,2021-06-02,New York
39.0,56044,17 years,5,F,Engineering,Y,2019-04-27,Austin
33.0,50049,7 years,9,Female,Marketing,Y,2017-06-14,
19.0,35015,0 years,7,Female,Marketing,Yes,2012-03-31,
41.0,54562,16 years,2,Female,,Y,,Boston
37.0,54568,16 years,3,,Sales,Yes,2017-04-02,Boston
31.0,44314,9 years,2,,HR,,2014-05-25,Boston
31.0,37162,15 years,4,,Engineering,Yes,2017-07-14,Boston
26.0,52370,10 years,2,,HR,Yes,,New York
36.0,54436,11 years,5,,Engineering,,2017-03-24,Austin
21.0,50452,4 years,4,F,HR,Yes,2018-02-20,Austin
23.0,27131,0 years,1,Female,Marketing,,2019-04-18,
27.0,37809,2 years,1,Female,Marketing,Yes,2020-01-20,
31.0,34376,6 years,5,Male,,Yes,2023-11-14,Boston
26.0,25000,3 years,6,Male,Marketing,Yes,2021-06-30,Seattle
28.0,51755,6 years,3,Female,Engineering,,2021-06-19,Austin
36.0,47775,13 years,5,F,,Yes,2015-01-23,Boston
30.0,25000,13 years,6,F,Engineering,No,2017-02-12,
19.0,25000,0 years,2,M,Marketing,Yes,2014-08-11,Seattle
35.0,45458,13 years,9,Female,Sales,Y,2018-10-25,Boston
48.0,52144,28 years,8,F,Sales,Yes,2012-12-15,New York
37.0,26842,13 years,6,,HR,,2013-09-14,Seattle
35.0,52763,7 years,1,M,Engineering,N,2020-04-06,Boston
36.0,45752,18 years,10,,Sales,N,2022-10-25,
55.0,55412,33 years,9,Male,Engineering,Y,2010-06-28,
32.0,51533,11 years,9,M,Engineering,,2012-06-19,Boston
35.0,38169,13 years,10,,Marketing,No,2018-09-17,Seattle
40.0,52076,23 years,5,Male,Sales,Yes,2010-06-14,Austin
37.0,57260,11 years,10,,Sales,Y,2022-07-16,New York
44.0,46149,21 years,1,Male,Marketing,Yes,2020-01-11,Austin
35.0,51496,15 years,1,Male,HR,Y,2022-05-25,Boston
48.0,46220,27 years,6,Female,,No,2017-06-23,Boston
37.0,25000,14 years,7,Male,HR,No,,Boston
28.0,27155,6 years,8,Female,HR,Yes,2017-01-30,
18.0,27974,0 years,1,F,Engineering,Yes,2020-11-06,Austin
,31077,4 years,1,Female,,Yes,2020-09-08,New York
50.0,88367,31 years,6,M,HR,Yes,2015-10-10,New York
26.0,25000,4 years,2,Female,Engineering,Yes,2011-03-20,New York
44.0,52104,25 years,4,F,Engineering,No,2010-07-13,New York
19.0,58461,0 years,10,Male,HR,Yes,2017-04-26,
31.0,42082,4 years,7,Male,Sales,,2016-08-28,Seattle
40.0,57644,13 years,7,Male,Marketing,,,Boston
33.0,38666,13 years,4,Female,HR,Yes,2012-05-22,
38.0,25000,21 years,9,M,,Yes,2018-02-15,
37.0,51944,13 years,1,,,Y,,
27.0,39124,1 years,5,Male,HR,No,2015-10-31,Boston
33.0,70106,11 years,2,Female,Engineering,,2023-02-11,Seattle
21.0,25000,0 years,2,F,Marketing,Yes,2013-05-27,New York
29.0,42280,16 years,8,Female,Engineering,Yes,2011-03-01,Seattle
40.0,47632,20 years,6,Male,Marketing,Yes,2023-01-27,Austin
42.0,65194,20 years,3,F,,Y,2015-06-06,
22.0,25000,0 years,4,,Engineering,Yes,2017-04-18,
21.0,50361,0 years,5,F,Sales,,2019-04-20,New York
39.0,64254,20 years,4,Female,Sales,,2018-09-18,Austin
38.0,48460,15 years,6,Female,HR,,2016-06-28,
18.0,32515,0 years,10,Male,Sales,Yes,2017-06-09,Boston
34.0,65913,10 years,3,Male,Marketing,,,Boston
37.0,37446,12 years,5,M,HR,Yes,2010-12-13,Seattle
,39657,3 years,7,Female,Sales,Y,2021-08-31,New York
25.0,31380,1 years,8,Female,Marketing,Yes,2020-10-27,
39.0,41551,20 years,2,Female,Sales,,2020-06-03,Austin
19.0,37074,0 years,1,M,Marketing,Yes,2021-07-24,New York
46.0,64015,23 years,10,Male,Engineering,No,2016-05-21,
45.0,58932,18 years,4,Female,HR,N,2019-02-12,Seattle
34.0,52685,16 years,7,Female,HR,Y,2018-01-11,Austin
29.0,26335,,6,M,,Y,2015-06-04,New York
23.0,48111,0 years,3,Male,Sales,Yes,2023-03-06,Boston
33.0,35825,12 years,8,,Sales,Yes,2011-06-05,New York
31.0,25000,7 years,5,F,Sales,N,2020-02-17,New York
44.0,61900,21 years,1,M,HR,,2023-09-16,Austin
22.0,52256,2 years,8,Male,,Y,2019-09-11,Austin
27.0,38731,2 years,3,Female,Engineering,,2020-07-22,
46.0,65081,,5,M,Engineering,Y,2010-06-26,Seattle
25.0,37521,3 years,8,M,,,2014-05-29,Austin
22.0,34899,0 years,1,F,HR,Y,2018-12-26,Boston
48.0,74269,27 years,1,Female,Marketing,Y,2018-05-21,New York
32.0,48643,14 years,10,,Sales,No,2012-06-29,Austin
41.0,46712,16 years,1,F,HR,Yes,2016-08-19,Austin
24.0,36266,4 years,6,Male,HR,No,2021-07-01,Boston
,37784,8 years,5,,Sales,,2022-10-29,Seattle
34.0,46547,13 years,4,Female,Sales,Y,2011-04-03,
27.0,59536,5 years,9,Female,Sales,No,2019-10-28,Seattle
45.0,55296,26 years,1,Male,Engineering,Yes,2015-11-04,Austin
27.0,28197,6 years,3,M,,N,2012-08-13,Seattle
28.0,32008,9 years,10,M,Marketing,N,2017-05-01,Austin
40.0,52730,15 years,8,Female,,Y,2013-07-02,New York
33.0,57299,15 years,3,,HR,Y,2022-05-21,Seattle
27.0,25000,6 years,4,F,HR,Y,2017-08-05,Seattle
18.0,42278,0 years,4,M,Sales,Yes,2020-12-14,Austin
31.0,42229,12 years,6,Female,HR,,2014-04-11,Austin
30.0,25000,4 years,6,Female,HR,Yes,,Seattle
38.0,48217,14 years,7,F,Marketing,Yes,2013-03-09,Boston
22.0,44552,1 years,10,Female,,Y,2018-01-31,Boston
27.0,45515,3 years,9,Female,Marketing,N,2011-12-07,
32.0,40956,9 years,6,Male,Sales,No,2017-01-11,New York
30.0,67957,8 years,4,F,,Y,,
46.0,39587,24 years,8,Female,Engineering,Y,2023-07-11,
37.0,46497,8 years,1,,HR,,2021-02-26,Seattle
39.0,25000,17 years,4,M,Marketing,No,2021-10-14,
29.0,25000,7 years,4,Male,HR,N,2015-06-04,Austin
37.0,40932,15 years,1,M,Marketing,,2010-11-26,Seattle
18.0,59234,0 years,6,M,Engineering,Y,2010-04-26,Austin
30.0,28512,9 years,2,Male,Sales,No,2018-12-07,Boston
35.0,75224,12 years,4,Female,,No,,Seattle
33.0,41730,9 years,2,Male,,No,2012-12-11,
37.0,67493,16 years,3,Male,HR,N,2018-09-01,New York
27.0,25000,5 years,9,Female,,N,2010-03-16,Seattle
36.0,48424,17 years,6,F,,Y,2017-12-06,Boston
34.0,47973,14 years,6,M,,Yes,,New York
25.0,25000,4 years,4,M,,Y,2021-04-06,
20.0,59882,0 years,1,,Sales,,2020-02-27,Boston
51.0,38576,26 years,10,,,Y,2011-08-22,Boston
28.0,33798,8 years,1,Male,Sales,No,2021-02-16,Seattle
43.0,64744,22 years,9,Male,HR,N,2011-10-23,Boston
52.0,78001,26 years,6,M,Engineering,Y,2015-06-13,Boston
48.0,68832,27 years,10,Male,Engineering,,2014-08-25,Austin
48.0,69782,27 years,7,M,,No,2023-08-28,Boston
32.0,29747,7 years,9,Female,,,2016-05-23,New York
46.0,84920,27 years,9,F,HR,Yes,2010-12-24,Boston
26.0,34305,1 years,6,Female,Marketing,Yes,2010-11-28,Boston
33.0,63336,12 years,9,Female,,Yes,2019-04-08,Austin
26.0,51904,5 years,9,F,,Yes,2021-03-25,New York
27.0,25000,10 years,10,Male,HR,No,2021-02-06,
38.0,43002,16 years,10,F,,Yes,2012-10-19,
32.0,57775,11 years,2,M,Engineering,,2012-01-09,Austin
24.0,45379,0 years,1,Female,,Y,2019-07-05,
51.0,46767,28 years,5,F,Marketing,Yes,2015-01-19,Austin
28.0,47855,7 years,2,M,Sales,,2013-07-29,New York
27.0,43255,2 years,5,M,Marketing,Y,2014-01-21,Boston
39.0,76645,17 years,8,Male,Engineering,Yes,2018-08-12,Austin
51.0,72372,26 years,6,Male,,Yes,2016-06-08,Boston
30.0,48511,10 years,7,F,Sales,Yes,2021-05-21,
39.0,25046,11 years,10,Female,Engineering,N,2011-12-04,
32.0,37244,9 years,2,F,Sales,N,2011-12-20,Seattle
46.0,48248,19 years,8,,,Y,2016-02-03,New York
18.0,25000,0 years,6,F,Engineering,No,,
20.0,38247,0 years,9,,HR,,2020-03-06,Seattle
35.0,25000,15 years,3,Female,Engineering,No,2016-07-10,Austin
34.0,60147,13 years,5,Male,HR,,2021-11-11,Austin
30.0,28878,5 years,9,Male,HR,No,2013-02-23,Seattle
46.0,82121,22 years,7,M,HR,Yes,2023-05-11,Seattle
28.0,25000,4 years,8,Male,,Yes,2010-11-07,New York
48.0,51764,24 years,4,Male,,Y,2021-10-11,Austin
26.0,43350,4 years,4,,Marketing,Yes,2019-01-27,
38.0,29085,16 years,3,Male,Engineering,Y,2012-10-18,Seattle
34.0,46258,13 years,10,Female,Sales,,2020-11-20,Austin
38.0,51273,18 years,10,F,Marketing,,2019-08-05,
23.0,39476,2 years,10,Male,Sales,No,2020-05-01,New York
32.0,60636,14 years,4,Male,HR,No,2013-03-25,
40.0,72301,17 years,10,M,,Yes,2013-06-17,Seattle
32.0,32595,10 years,10,Male,Sales,Yes,2011-05-14,Seattle
,71149,14 years,7,Male,Marketing,Yes,2017-09-15,Seattle
39.0,59929,11 years,6,Female,HR,Y,2014-10-28,Austin
46.0,53270,23 years,10,F,,Y,,
53.0,44463,32 years,2,,HR,N,2018-12-05,Austin
32.0,32476,13 years,9,Male,HR,Yes,2011-09-02,Boston
33.0,25000,7 years,5,Male,Sales,Y,,New York
25.0,25000,4 years,10,Female,Sales,Y,2012-11-01,New York
48.0,72901,25 years,3,Female,HR,Y,2018-10-24,Boston
20.0,25000,0 years,6,F,,,,Boston
30.0,25000,5 years,7,M,HR,Yes,2023-10-30,Boston
46.0,44790,26 years,8,F,Engineering,Y,2016-02-01,Seattle
44.0,33281,27 years,9,Male,Sales,,2011-07-24,Austin
20.0,36641,0 years,3,Male,,,2016-10-18,
18.0,25000,0 years,2,,HR,Y,2010-01-14,Austin
22.0,42133,0 years,2,M,,Y,2014-05-30,
34.0,34395,14 years,4,Female,Marketing,Y,2012-08-07,Seattle
23.0,34873,0 years,9,M,Sales,No,2015-08-07,
39.0,51645,16 years,9,Female,Marketing,No,2015-09-01,Austin
43.0,63787,21 years,8,,,Yes,2020-03-19,Austin
34.0,50128,12 years,6,Female,HR,No,2020-10-09,Boston
28.0,53050,4 years,7,Female,Sales,,2014-05-18,New York
47.0,53757,19 years,1,Female,HR,,,Boston
23.0,33013,0 years,2,,HR,Yes,2014-10-01,Seattle
30.0,28487,10 years,3,,Sales,Yes,2011-02-08,Seattle
25.0,25000,1 years,6,,HR,Yes,2023-12-29,Boston
30.0,25000,7 years,10,Male,Marketing,Yes,2014-04-24,Seattle
44.0,58006,23 years,4,Male,,Yes,2014-07-24,
45.0,67734,19 years,4,Male,Marketing,Y,2019-05-31,Seattle
27.0,28280,3 years,3,F,Marketing,N,2010-08-26,Seattle
37.0,44895,16 years,7,F,Engineering,Y,2021-06-13,Seattle
33.0,28700,9 years,8,Male,Marketing,No,2011-05-30,New York
36.0,48078,15 years,6,,,Yes,2021-11-28,Austin
36.0,51996,17 years,1,F,Sales,Yes,2018-01-29,Seattle
40.0,64859,15 years,5,F,,Y,2018-07-23,New York
42.0,68225,21 years,5,Female,,Yes,,Seattle
22.0,26293,,4,F,,Yes,2016-01-25,Seattle
20.0,26621,0 years,4,F,HR,,2020-12-26,Austin
45.0,82110,21 years,3,M,Engineering,,2023-07-31,Seattle
38.0,36456,13 years,1,Male,,Y,2017-08-03,
34.0,25000,9 years,6,F,HR,N,,Boston
39.0,53694,15 years,6,Female,,No,,Seattle
26.0,56104,5 years,3,Male,Engineering,No,,Austin
49.0,42748,26 years,8,M,Sales,No,2021-01-30,Austin
52.0,47682,34 years,9,Male,Sales,Yes,2015-07-21,Boston
39.0,73218,21 years,4,M,Marketing,Yes,2011-10-31,New York
43.0,50188,19 years,7,Female,Engineering,Yes,2011-12-17,Seattle
31.0,51123,9 years,5,Male,Sales,No,2019-01-13,Austin
39.0,61257,13 years,10,M,HR,Y,,Boston
23.0,30322,2 years,4,F,HR,Y,2011-01-02,Austin
43.0,61329,23 years,5,,Engineering,,2013-07-17,Boston
38.0,52459,17 years,6,F,HR,,2010-01-07,
25.0,33189,0 years,8,F,HR,Yes,2016-06-07,Seattle
37.0,66607,9 years,4,F,Sales,Yes,2021-08-20,Austin
31.0,67055,9 years,2,Male,HR,No,2015-07-27,Austin
18.0,33681,0 years,8,F,Engineering,No,2011-07-09,Austin
21.0,37729,0 years,10,Female,Sales,Y,2010-08-17,Austin
49.0,48722,33 years,2,Female,Engineering,Yes,2015-12-07,New York
,62258,14 years,5,Male,Sales,N,2016-07-02,New York
30.0,39182,7 years,7,Male,Marketing,Yes,2015-12-13,
24.0,27577,2 years,5,Male,,Y,2015-05-28,Seattle
26.0,25000,2 years,10,M,Marketing,Yes,2014-12-01,Seattle
35.0,46079,18 years,2,Male,Marketing,Y,2013-01-31,Austin
26.0,38583,0 years,10,Female,Sales,Y,,
47.0,47912,22 years,4,Male,Engineering,,2015-10-20,Boston
42.0,32956,18 years,5,Male,HR,N,2020-02-11,New York
45.0,75070,23 years,1,Male,Engineering,No,2017-03-27,Austin
33.0,52648,11 years,8,Male,Sales,Yes,2010-10-01,Austin
36.0,58856,10 years,8,Male,,,2022-04-05,Boston
42.0,56072,19 years,2,Male,HR,Y,2023-11-13,New York
,59527,23 years,3,Female,Sales,Yes,2010-11-19,
42.0,64337,24 years,6,Male,HR,N,2016-02-21,New York
31.0,69300,13 years,10,M,Engineering,Y,2012-12-05,Boston
38.0,73049,17 years,1,F,Sales,,2022-02-16,Austin
21.0,25545,,3,F,HR,Yes,2019-01-26,Austin
18.0,33529,0 years,2,Male,Engineering,No,,
26.0,25368,5 years,3,M,Sales,,2015-02-20,New York
37.0,82304,19 years,9,Male,Engineering,Y,2014-08-11,
33.0,31241,11 years,3,Male,HR,Y,2016-02-19,New York
35.0,56683,11 years,6,Female,,N,2017-04-17,New York
42.0,33553,21 years,10,F,Marketing,Y,2013-12-09,New York
37.0,53267,19 years,1,M,Engineering,N,2019-11-30,Austin
19.0,55105,0 years,4,Male,Marketing,Y,2015-10-09,
18.0,32319,0 years,6,,Marketing,N,2022-08-27,Austin
40.0,43236,20 years,2,Male,Engineering,N,,New York
36.0,33092,13 years,6,,Marketing,N,2014-06-01,
18.0,47467,0 years,4,M,Sales,No,2017-02-13,
51.0,74909,30 years,4,F,Marketing,Yes,2015-08-26,Austin
39.0,56204,16 years,7,Male,HR,No,2017-06-10,Boston
31.0,44120,8 years,5,Male,Engineering,N,2021-01-27,Boston
25.0,25000,2 years,10,,,No,2013-03-12,New York
37.0,53374,10 years,6,M,HR,Yes,2011-07-28,New York
41.0,47709,19 years,4,Male,Marketing,No,2021-01-07,Seattle
33.0,31032,13 years,7,Female,HR,Y,2022-06-24,Boston
40.0,72948,19 years,1,Female,,Yes,2012-05-24,New York
30.0,39273,5 years,1,Female,Marketing,Yes,2019-12-10,Seattle
37.0,47877,17 years,8,M,,,2014-08-14,Seattle
52.0,55156,,10,F,,Y,2019-10-09,
41.0,42088,19 years,3,Male,Sales,Yes,2014-06-05,Austin
45.0,68492,25 years,5,Male,Sales,Yes,2020-09-11,
28.0,25000,2 years,2,Female,,Yes,2012-08-27,
18.0,25000,0 years,7,,Sales,No,2022-07-23,
53.0,70613,34 years,2,Male,,Y,2010-11-19,Seattle
36.0,71868,11 years,4,F,,Y,2017-01-29,
45.0,48859,19 years,10,,Marketing,Yes,2011-01-08,New York
43.0,51292,26 years,4,Male,Sales,Y,2021-05-29,Austin
43.0,56712,25 years,9,M,Marketing,Yes,2023-06-30,Seattle
37.0,50815,14 years,7,,,No,2018-03-22,New York
52.0,35581,25 years,3,,,Y,2012-03-13,Austin
40.0,69860,21 years,2,,HR,No,2023-10-07,Austin
31.0,54078,8 years,1,M,,Y,2020-02-20,Austin
38.0,58692,14 years,10,Female,HR,Yes,2020-04-15,
40.0,34767,18 years,4,M,Marketing,,2016-09-13,Austin
33.0,44550,8 years,5,F,HR,Y,2023-09-13,Austin
34.0,44192,,10,Male,HR,No,2014-09-20,Boston
41.0,60957,17 years,10,,Sales,Yes,2016-03-14,New York
39.0,79347,19 years,6,,Sales,,2014-09-03,Boston
36.0,52044,14 years,5,,Engineering,N,2022-03-12,Boston
36.0,81422,15 years,2,Male,HR,,2022-06-03,Seattle
38.0,47612,16 years,7,,Marketing,Y,2015-08-14,Austin
46.0,68415,23 years,6,Male,Marketing,No,2016-09-16,
22.0,43134,0 years,2,F,,No,2015-06-19,New York
,37174,0 years,8,,,,2011-04-01,New York
35.0,52466,,2,,HR,,,Austin
37.0,37477,14 years,5,M,,Yes,2019-08-30,Seattle
50.0,72582,23 years,1,Female,HR,Yes,2023-02-21,
19.0,29729,0 years,4,Female,Engineering,Yes,2020-11-17,
41.0,39380,26 years,1,F,HR,Yes,2022-12-21,Seattle
42.0,54188,23 years,6,Male,Engineering,Yes,2020-05-05,New York
38.0,53723,12 years,8,M,Marketing,No,2022-09-30,Austin
44.0,56597,19 years,6,Male,Sales,Yes,2018-02-07,
40.0,71459,15 years,5,Female,,Yes,2021-01-03,
48.0,68304,21 years,1,,Sales,N,2016-05-06,
31.0,43957,9 years,9,Male,Marketing,No,2012-03-26,Austin
22.0,32670,0 years,9,M,Marketing,Yes,2014-07-30,New York
20.0,25000,0 years,8,Male,,,2022-10-03,Austin
57.0,76980,33 years,4,Female,Engineering,Yes,2012-03-24,Seattle
23.0,38603,,4,Male,HR,Yes,2017-08-13,Austin
55.0,65704,29 years,4,Female,Marketing,Y,2016-12-08,New York
30.0,36467,12 years,2,M,,Yes,2017-07-07,Austin
34.0,38675,12 years,1,F,,Yes,2010-01-15,Seattle
25.0,33626,4 years,2,M,Sales,Y,2023-05-22,Boston
27.0,25000,1 years,5,F,Sales,N,,Boston
37.0,53388,14 years,7,,Sales,,2021-06-14,Austin
50.0,54283,26 years,10,Male,Marketing,N,2010-05-25,Austin
29.0,28121,5 years,9,Female,Engineering,Yes,2020-08-22,Austin
38.0,38421,14 years,8,Male,,,2014-12-16,Austin
48.0,62545,24 years,9,M,Marketing,No,2020-04-22,Austin
21.0,47145,2 years,7,Female,,No,2017-07-20,New York
33.0,53916,11 years,3,Female,Sales,N,2020-06-23,Boston
31.0,57265,8 years,6,F,Engineering,Yes,2017-03-06,Austin
34.0,30579,7 years,5,Female,Marketing,Yes,2021-09-25,
30.0,25000,9 years,4,Male,Sales,Y,2018-04-12,
34.0,47026,15 years,1,Female,Engineering,,2023-10-26,New York
47.0,67693,25 years,7,Male,,Yes,2016-01-04,New York
30.0,59114,8 years,8,F,Sales,Yes,2010-08-22,Boston
34.0,54878,12 years,8,F,Sales,Y,,Austin
37.0,52671,14 years,9,Male,Marketing,,2015-03-12,
34.0,46537,17 years,2,Male,HR,,2014-11-25,
24.0,30692,0 years,2,Female,Marketing,Y,2018-02-18,New York
34.0,48999,14 years,2,,Sales,No,2022-02-15,Boston
37.0,61309,13 years,10,Female,,,2017-10-06,New York
44.0,38701,23 years,9,Female,Marketing,Yes,2017-11-16,Boston
18.0,25098,0 years,1,Male,HR,,2020-05-07,Austin
28.0,40633,1 years,8,Female,Engineering,,2011-06-23,
46.0,63557,23 years,6,Female,HR,,2023-11-15,Boston
26.0,48817,7 years,9,Female,Sales,Y,2023-09-09,Boston
27.0,54840,2 years,5,Male,,,2015-01-28,Seattle
41.0,53392,17 years,9,M,,Yes,2012-03-05,Austin
30.0,48138,10 years,9,Male,,N,2013-08-06,
49.0,67858,25 years,4,M,,No,2018-07-24,Boston
30.0,33290,3 years,8,Male,,Yes,2012-02-16,Austin
43.0,59139,24 years,9,Female,Engineering,Y,2013-10-31,New York
36.0,62768,14 years,7,M,Sales,N,2017-08-24,Boston
24.0,39512,0 years,10,F,HR,No,2021-09-19,Seattle
18.0,25491,0 years,4,M,HR,,2019-04-27,Seattle
26.0,28691,0 years,9,,Engineering,,2012-08-15,Seattle
32.0,31949,13 years,1,Female,Marketing,No,2010-07-24,Boston
33.0,45267,15 years,10,Female,,Yes,2012-11-24,New York
40.0,33650,12 years,5,F,Sales,Yes,2019-03-02,Austin
42.0,58002,19 years,2,,Engineering,Y,2022-02-10,
52.0,76134,28 years,3,M,,Y,2015-03-04,New York
32.0,72895,10 years,7,F,Engineering,Y,2020-05-21,Austin
31.0,36462,11 years,1,Male,HR,Yes,2014-01-15,Boston
31.0,25000,9 years,1,M,,Y,2015-03-10,
28.0,26828,7 years,1,Female,Sales,Y,2011-02-16,Austin
33.0,41298,7 years,8,,,N,2010-02-20,Seattle
53.0,44910,28 years,7,Male,Marketing,Yes,2011-07-28,Austin
24.0,29701,1 years,2,Female,,Yes,2016-10-03,Austin
29.0,25000,4 years,7,,Marketing,,,Seattle
25.0,50782,6 years,2,Female,Sales,,2017-06-08,Seattle
18.0,37766,0 years,6,,Engineering,Yes,2014-07-03,Austin
33.0,64261,10 years,9,Male,Engineering,N,2013-07-14,
42.0,54617,22 years,4,Male,Sales,Y,2019-11-20,Boston
36.0,25000,14 years,7,M,HR,Yes,2020-07-22,Boston
45.0,45775,22 years,8,F,Engineering,Yes,2016-03-26,
32.0,63956,11 years,6,F,Engineering,Y,2020-08-29,New York
43.0,37392,18 years,6,Female,Sales,No,2016-05-18,Seattle
43.0,60279,21 years,8,F,Sales,Y,2018-03-31,
33.0,36977,11 years,1,,Sales,No,2022-04-13,Austin
42.0,54780,17 years,1,Male,Sales,Yes,2020-01-23,New York
30.0,27106,5 years,1,Male,Engineering,Y,2020-09-26,New York
28.0,32701,,1,Female,HR,,2022-03-12,
37.0,53515,21 years,3,,Marketing,,2010-10-23,
18.0,25000,0 years,6,M,HR,Yes,2021-07-06,Boston
39.0,46872,9 years,3,,Sales,No,,Seattle
29.0,37356,4 years,9,Female,,N,2013-01-23,New York
29.0,36404,9 years,8,Female,Engineering,Y,2010-04-27,Austin
39.0,37598,16 years,10,M,Engineering,Y,2012-06-26,Seattle
39.0,25106,10 years,9,M,Marketing,,2021-05-07,New York
41.0,41267,22 years,5,Male,,Yes,,Seattle
18.0,25000,0 years,1,M,Engineering,Yes,2013-05-05,Boston
41.0,64921,21 years,2,,,,2021-07-13,
36.0,40183,13 years,10,Female,,No,,Austin
18.0,25000,0 years,1,Male,Sales,,2023-07-13,New York
48.0,28527,27 years,6,,HR,Y,2016-11-24,Austin
41.0,25000,15 years,2,Female,Sales,,2022-05-26,Boston
,83453,20 years,7,F,HR,,2014-04-15,Seattle
32.0,51769,13 years,10,,HR,No,,
41.0,25000,22 years,5,M,Marketing,No,2019-07-15,New York
38.0,54933,16 years,8,M,Engineering,,2011-04-12,Boston
32.0,25000,13 years,5,Female,Sales,N,2013-06-17,Seattle
18.0,30947,0 years,4,Female,Engineering,No,2018-01-15,Seattle
35.0,34264,14 years,1,,Marketing,Yes,2014-05-15,Boston
27.0,25000,3 years,4,M,Marketing,Yes,2015-06-15,Austin
35.0,44287,15 years,2,M,Marketing,No,2015-12-31,Austin
29.0,25000,7 years,10,,,Yes,2021-07-30,New York
28.0,30241,5 years,7,Male,Marketing,Y,2021-04-10,Seattle
48.0,101788,24 years,8,,Marketing,Yes,2010-02-12,Austin
22.0,39817,2 years,4,,,Yes,2022-10-10,Austin
37.0,46765,13 years,1,F,Sales,,2016-01-16,Seattle
18.0,25000,0 years,9,,Marketing,Y,2021-06-13,Austin
40.0,48629,14 years,2,Male,,No,2022-07-15,Boston
,50438,7 years,7,Male,Sales,,2017-07-27,Boston
36.0,36468,13 years,2,Female,,Yes,,Seattle
45.0,64097,22 years,4,,HR,Yes,2018-06-29,Boston
42.0,78817,18 years,3,Female,,Y,2023-10-24,Boston
45.0,64369,30 years,9,M,Sales,,2022-08-24,Boston
32.0,65322,9 years,4,Female,Sales,Yes,2011-11-03,New York
42.0,43502,19 years,8,Female,HR,No,,Seattle
37.0,38445,15 years,7,Male,Engineering,No,2023-10-26,Boston
55.0,96202,33 years,9,M,HR,Yes,2012-11-10,
41.0,30994,13 years,9,F,HR,,2020-01-28,
41.0,63623,24 years,4,M,Sales,,2014-04-19,
33.0,40649,10 years,7,M,Engineering,No,2013-09-10,Seattle
32.0,54310,15 years,6,Female,,N,2013-10-11,Austin
32.0,37124,10 years,10,Male,Sales,Y,2023-11-15,New York
36.0,55149,17 years,2,M,Engineering,No,2011-09-06,Boston
41.0,57630,16 years,5,,HR,Y,2023-06-11,Austin
20.0,25000,2 years,9,Male,Sales,,2010-10-13,New York
63.0,86373,38 years,6,,,Yes,2020-03-01,
25.0,35047,3 years,2,Male,,No,2010-07-16,Boston
26.0,44837,8 years,2,Female,Engineering,No,2017-03-13,Seattle
31.0,64442,8 years,2,F,Marketing,,2021-07-23,New York
40.0,74739,18 years,10,Female,,,2011-01-16,Seattle
52.0,74537,28 years,5,F,HR,Y,2011-07-25,New York
27.0,42262,5 years,1,F,Engineering,Yes,2022-05-20,
26.0,25000,2 years,3,Female,,,,Austin
41.0,36388,16 years,5,Female,Marketing,,2023-08-29,New York
39.0,45796,10 years,6,,,Yes,2015-03-15,Boston
25.0,26402,4 years,5,M,Sales,Yes,2017-05-30,
51.0,42276,26 years,2,,,,2020-11-12,Seattle
29.0,51204,8 years,10,M,Sales,No,2023-10-01,New York
21.0,25000,0 years,8,Female,Engineering,Y,2014-04-24,Austin
36.0,56606,11 years,4,M,Sales,Yes,2018-01-25,
40.0,46557,22 years,8,Female,HR,,2013-06-06,Boston
26.0,25000,,3,F,Marketing,Yes,2023-07-14,Seattle
26.0,29567,4 years,8,Female,Marketing,Yes,2011-10-24,
43.0,74025,15 years,6,Female,,Yes,2022-02-07,
40.0,61432,24 years,10,Female,Marketing,Y,2012-12-07,
43.0,63525,18 years,6,Female,Engineering,Y,2022-10-22,New York
34.0,44778,13 years,2,F,Sales,,2015-07-05,Austin
22.0,25000,0 years,6,Male,Engineering,Y,2022-07-08,
51.0,79518,23 years,3,F,HR,Yes,2013-07-09,Boston
41.0,45954,17 years,3,M,,Yes,2012-10-31,Austin
51.0,60255,34 years,1,Male,Marketing,Yes,2018-06-03,Seattle
33.0,25000,12 years,9,,Marketing,No,2012-04-23,Austin
45.0,40156,25 years,10,M,Sales,No,2023-05-18,
53.0,81844,28 years,5,Female,HR,No,2022-11-25,Seattle
34.0,35991,14 years,1,Female,HR,,2016-11-08,Seattle
50.0,69855,29 years,5,Male,Marketing,Yes,2018-01-02,
27.0,39556,3 years,2,Female,Engineering,Y,2021-12-23,New York
35.0,38509,13 years,5,Male,Sales,Yes,2021-08-21,Seattle
30.0,30612,5 years,5,Female,Sales,Yes,2019-07-01,Austin
39.0,36516,14 years,5,Male,Engineering,Yes,2011-07-03,New York
20.0,25000,0 years,4,F,,Y,2015-10-26,New York
27.0,41854,1 years,3,Male,HR,Yes,,Austin
49.0,52125,29 years,2,,,Yes,2014-08-13,Austin
39.0,51819,20 years,9,F,Sales,No,2019-08-13,Seattle
45.0,58186,24 years,1,M,Sales,,2011-06-06,Boston
42.0,65538,11 years,10,Female,HR,Yes,2012-12-28,
23.0,54032,2 years,9,Male,,Yes,2016-06-29,Austin
27.0,49442,5 years,6,Male,,Y,2010-01-09,
,48289,18 years,5,F,HR,Y,2012-06-27,New York
39.0,65851,13 years,1,F,HR,No,2013-06-02,Seattle
43.0,38048,16 years,7,Female,,Yes,2011-09-30,Austin
27.0,42001,3 years,6,F,HR,Y,2011-03-23,Seattle
,42635,,9,Female,HR,,2014-11-08,New York
40.0,62405,14 years,3,Female,,Yes,2012-01-10,Seattle
21.0,51187,1 years,7,Male,Marketing,,2012-01-22,
39.0,62859,15 years,2,M,,,2022-09-22,New York
31.0,62584,10 years,4,Male,,,2016-09-01,Boston
,43614,0 years,8,F,Marketing,,2018-07-14,Austin
49.0,68309,25 years,10,Male,HR,Yes,2019-09-04,Austin
32.0,32032,10 years,7,Female,Marketing,Yes,2011-11-04,Boston
24.0,25000,0 years,5,F,,No,2022-12-20,New York
43.0,64968,20 years,4,Male,Marketing,Yes,2021-09-04,Seattle
34.0,52823,17 years,8,,Engineering,No,2010-11-17,Seattle
28.0,44004,4 years,10,Male,,No,2013-12-09,New York
35.0,33005,16 years,9,Female,HR,Yes,2021-07-11,New York
30.0,72811,11 years,8,Female,,No,2023-03-15,Boston
39.0,37639,16 years,5,M,,Y,2017-01-18,New York
43.0,44963,20 years,3,Male,Engineering,Y,2012-12-23,Boston
38.0,41178,15 years,3,,,Y,2014-04-21,Austin
41.0,31142,21 years,4,,,Yes,2015-07-20,Austin
18.0,25000,0 years,9,Female,Engineering,Y,2023-03-10,Seattle
39.0,46744,17 years,1,,Marketing,Yes,2018-08-04,Austin
44.0,79365,26 years,5,Female,Engineering,Y,2010-04-06,New York
22.0,54675,0 years,5,M,Sales,N,2014-07-13,Boston
46.0,39941,22 years,1,Female,,N,2012-06-17,Boston
28.0,58424,4 years,7,M,Sales,N,2019-10-13,Austin
,37740,,6,Female,Sales,Yes,2020-09-21,Seattle
18.0,27055,0 years,6,F,Marketing,Yes,,New York
18.0,27703,0 years,4,Male,Engineering,Y,2019-10-30,Seattle
32.0,44454,11 years,2,,,N,2019-12-27,
36.0,37161,17 years,8,Female,HR,N,2012-01-02,
21.0,38240,5 years,6,F,Engineering,,2015-01-23,Boston
19.0,45916,0 years,7,M,Marketing,,2011-03-03,Austin
40.0,36914,21 years,8,F,,Yes,2017-09-09,
38.0,68782,18 years,3,,Marketing,N,,New York
39.0,70273,18 years,5,F,HR,Y,2021-02-04,New York
51.0,66709,25 years,6,,Sales,Yes,2023-01-06,
33.0,57702,6 years,5,M,Sales,Yes,2012-02-28,
23.0,32693,0 years,2,,Sales,Yes,2020-02-25,Austin
30.0,63572,7 years,1,Male,Engineering,Yes,2016-01-11,Seattle
29.0,40201,7 years,1,,Marketing,No,2010-04-18,Austin
33.0,40066,4 years,6,,Engineering,Y,2017-05-14,Boston
36.0,46491,13 years,2,M,Marketing,N,2015-11-21,
28.0,33570,5 years,2,M,HR,Y,2019-04-06,New York
45.0,74443,26 years,5,F,Engineering,Yes,,Austin
29.0,45906,7 years,4,M,Engineering,,2011-10-02,Austin
20.0,35564,0 years,10,M,,Yes,2013-04-22,New York
51.0,55168,31 years,8,Male,HR,Yes,2021-09-10,
34.0,29670,13 years,7,,,Y,,Seattle
23.0,27797,0 years,6,Female,,N,2023-09-04,Seattle
43.0,68075,21 years,3,Male,,N,2011-06-09,Austin
44.0,63483,30 years,3,F,Sales,Yes,2021-09-24,
31.0,53204,12 years,3,F,Sales,N,2012-08-22,
57.0,56454,35 years,3,Male,Sales,Y,2020-01-21,New York
45.0,33399,21 years,4,M,Engineering,,2016-04-30,New York
37.0,25000,13 years,9,M,,,2013-01-26,
32.0,37869,10 years,7,Female,Engineering,No,2019-09-18,New York
31.0,32031,9 years,1,,Engineering,No,2012-06-30,Boston
36.0,102042,15 years,9,M,Engineering,,2011-07-13,Boston
,46007,8 years,10,,HR,,,
54.0,61903,33 years,9,Female,,Y,2018-02-04,
39.0,63272,19 years,7,M,Engineering,,2015-04-13,Boston
30.0,42128,4 years,6,,,No,2022-02-28,New York
28.0,52383,5 years,7,,Sales,Y,2014-03-17,New York
43.0,71546,16 years,6,,,Yes,2023-02-17,Seattle
44.0,86714,16 years,2,,Marketing,,2020-06-03,
45.0,47194,17 years,2,M,Engineering,Yes,2012-05-10,Seattle
41.0,28533,21 years,1,Female,Sales,,2011-02-15,Austin
31.0,35075,6 years,6,M,Sales,,2020-09-02,Seattle
45.0,77141,25 years,6,,HR,No,,Seattle
29.0,53218,8 years,5,Male,Marketing,Yes,2021-09-10,New York
26.0,53166,1 years,4,,Sales,,2010-11-12,Boston
37.0,26088,10 years,7,Female,Engineering,Yes,2018-05-22,New York
38.0,61935,17 years,8,Male,Engineering,N,2012-02-20,Boston
42.0,67189,13 years,6,Male,,Yes,2014-06-20,
33.0,25000,10 years,10,Female,,Y,2013-10-10,
42.0,71622,20 years,7,,,Yes,2017-08-13,New York
46.0,69512,,7,Female,Sales,Y,2015-01-22,
30.0,59770,13 years,7,,Sales,Y,2016-08-05,
19.0,25000,0 years,1,Male,Sales,Y,2019-08-30,Seattle
29.0,25000,7 years,7,Female,HR,No,2021-04-12,Seattle
34.0,44063,,5,Female,Sales,No,2012-05-21,Austin
19.0,31312,0 years,2,Male,Engineering,No,2020-09-09,
18.0,37302,0 years,9,Female,Marketing,Yes,2023-04-16,
47.0,68548,26 years,3,F,Sales,Yes,2020-07-01,New York
46.0,39275,24 years,3,,Sales,,2023-07-14,Boston
22.0,25000,0 years,7,,Sales,Y,2022-03-02,New York
36.0,47747,14 years,3,Male,Sales,Y,,Seattle
34.0,37197,8 years,5,Female,HR,Y,2018-01-21,Seattle
41.0,59887,24 years,4,Male,Sales,,2023-01-24,Austin
49.0,55653,23 years,5,F,Engineering,Yes,2017-11-08,
,48258,9 years,5,Female,Sales,Yes,2010-12-03,New York
47.0,67350,21 years,2,Female,Sales,Yes,,
37.0,49486,15 years,10,F,Engineering,Yes,,Austin
28.0,56928,9 years,7,,HR,Yes,2015-12-11,Austin
30.0,31132,9 years,8,Female,HR,Y,2011-02-19,Boston
41.0,61094,18 years,5,M,Engineering,N,2016-01-19,Seattle
18.0,28380,0 years,10,Male,HR,No,2022-12-24,New York
39.0,58100,20 years,10,,Marketing,,2010-11-23,Austin
38.0,64769,14 years,9,F,Sales,Y,2021-07-08,Austin
43.0,36808,21 years,2,,Sales,No,2017-09-23,
23.0,25000,0 years,5,M,,Y,2017-04-04,Austin
,77548,21 years,9,Female,,Yes,2010-05-06,Seattle
39.0,59978,14 years,3,Female,HR,Y,2018-06-01,Seattle
35.0,42034,11 years,6,Male,Engineering,No,2019-08-09,Boston
36.0,41534,17 years,2,Male,Engineering,Y,2023-12-20,Seattle
50.0,65443,26 years,2,F,,No,2023-03-15,Austin
46.0,47789,25 years,4,M,Marketing,Y,2018-10-06,
39.0,25000,16 years,7,F,Engineering,Yes,2014-12-27,
56.0,67461,31 years,10,Female,HR,Y,2010-10-05,
26.0,25000,6 years,1,,HR,Yes,2015-08-24,Boston
37.0,35842,15 years,2,F,HR,Yes,2019-01-28,
30.0,52261,2 years,10,Female,HR,Yes,2019-12-09,Boston
18.0,25000,0 years,9,,Engineering,Y,,Seattle
35.0,33734,13 years,1,F,Engineering,Yes,2016-02-12,Boston
31.0,41905,7 years,5,M,HR,Y,2011-09-10,Seattle
30.0,38491,6 years,1,Male,,Yes,2010-02-12,Seattle
46.0,60557,19 years,9,Female,,N,2015-05-14,Seattle
23.0,30049,1 years,1,Male,Sales,No,2018-07-23,New York
34.0,50903,14 years,4,,Engineering,,2017-11-23,Austin
44.0,33189,18 years,7,,Sales,No,2020-10-11,
26.0,34631,4 years,2,Male,Engineering,Y,2018-07-22,Seattle
20.0,25000,0 years,2,M,Sales,No,2017-04-15,New York
33.0,36162,10 years,8,F,Marketing,Yes,,
31.0,28573,4 years,10,Male,HR,Yes,2012-12-18,New York
,38172,6 years,4,M,,Yes,2017-03-11,New York
39.0,64254,20 years,4,Female,Sales,,2018-09-18,Austin
28.0,25000,1 years,7,M,Sales,No,,New York
30.0,62522,5 years,9,Male,,No,2018-05-14,New York
22.0,39218,0 years,2,Male,Sales,,2023-04-11,New York
38.0,63520,15 years,10,F,HR,Yes,2023-06-16,Seattle
25.0,47038,9 years,1,M,Sales,N,2016-05-30,Seattle
22.0,47868,0 years,9,Male,Engineering,Y,2020-09-03,New York
57.0,91879,33 years,2,Female,,Yes,,Austin
35.0,63841,19 years,1,Male,,,2018-03-01,New York
30.0,55207,12 years,4,Male,Engineering,Yes,2011-12-15,
37.0,52170,13 years,8,Female,Sales,N,2018-09-16,Seattle
31.0,59563,7 years,9,Female,,No,2018-06-22,Boston
42.0,60560,21 years,3,,,Y,2023-02-26,Austin
28.0,53095,7 years,5,,Engineering,No,2017-06-25,Austin
45.0,43708,21 years,5,F,Sales,Yes,2016-11-28,
40.0,52176,18 years,8,M,Marketing,Yes,2017-02-24,Boston
56.0,89285,33 years,7,Female,Engineering,,2019-08-05,
41.0,84172,20 years,2,M,Engineering,,2020-08-28,
22.0,25000,0 years,5,,,No,,Austin
44.0,83941,16 years,5,,,No,2023-07-11,
39.0,38928,15 years,2,,,,2018-05-13,Boston
47.0,69028,26 years,5,M,Engineering,,2010-08-30,New York
20.0,25000,0 years,10,F,Marketing,Yes,2015-11-14,Boston
25.0,46583,0 years,8,Male,HR,Yes,,Austin
38.0,64923,16 years,9,F,Engineering,Yes,2015-12-03,Boston
32.0,63763,11 years,8,,Engineering,Yes,2014-08-13,Austin
39.0,44239,13 years,1,M,Marketing,Y,2021-01-11,Seattle
38.0,64769,14 years,9,F,Sales,Y,2021-07-08,Austin
31.0,58872,7 years,6,M,Marketing,Y,,Seattle
37.0,46775,13 years,3,,,,2011-12-04,Seattle
18.0,25000,0 years,7,M,Engineering,,2012-12-01,New York
39.0,56636,17 years,5,Male,Engineering,No,2012-02-03,
34.0,52320,11 years,1,Male,Engineering,Yes,2019-06-27,New York
27.0,56074,0 years,6,Male,Marketing,,2017-07-30,New York
37.0,63556,13 years,7,,HR,Yes,2010-08-11,New York
28.0,25000,7 years,3,Female,HR,No,2011-09-25,
50.0,73032,33 years,8,M,,No,,Boston
31.0,30163,7 years,8,Female,,N,2022-02-02,Austin
34.0,67011,15 years,5,M,Marketing,Yes,,Austin
34.0,48659,14 years,10,Female,Sales,Y,2019-12-16,Seattle
44.0,71230,,7,F,Marketing,Y,2017-01-28,Boston
28.0,25000,8 years,2,Male,HR,N,2013-05-17,New York
36.0,32107,14 years,7,,Marketing,Y,2023-03-18,Boston
56.0,65115,36 years,10,F,,Yes,2023-05-01,Austin
36.0,60481,13 years,2,,,Yes,2016-12-21,Seattle
31.0,34256,9 years,7,Male,Engineering,,2011-02-04,
41.0,79341,14 years,3,Female,,N,2020-03-16,New York
37.0,71141,13 years,2,,Marketing,,2021-06-13,New York
26.0,37097,8 years,7,,Marketing,,2012-11-17,
28.0,27788,7 years,4,Female,Sales,Y,2013-11-21,Seattle
21.0,25000,0 years,5,Male,HR,N,2014-07-11,Boston
27.0,39706,6 years,1,Female,Sales,Y,2014-06-27,Seattle
33.0,68440,11 years,1,Female,Marketing,N,2023-10-08,Austin
51.0,57466,30 years,9,F,Marketing,,2022-12-07,Boston
45.0,47720,19 years,1,Male,,Y,2019-08-12,Boston
31.0,41041,8 years,6,M,HR,Yes,2019-03-30,New York
48.0,51739,27 years,7,,,,2019-09-09,Boston
39.0,52961,17 years,3,Female,HR,Y,2019-10-30,Austin
34.0,31508,,8,M,Sales,N,2019-03-29,
32.0,69882,5 years,8,F,Sales,Yes,,Boston
35.0,42809,9 years,8,,Marketing,Yes,2014-09-25,Seattle
37.0,25000,11 years,2,M,HR,Y,2010-01-05,
33.0,65009,10 years,7,,,N,2010-07-24,Austin
42.0,43393,22 years,1,F,Marketing,No,2023-02-02,New York
35.0,43984,15 years,6,F,Engineering,Y,2016-09-21,Boston
35.0,25000,16 years,8,Male,Sales,Yes,2019-04-04,
41.0,40512,22 years,7,Female,Sales,,2022-02-04,Boston
43.0,51929,19 years,10,F,Engineering,Y,2016-02-10,Seattle
33.0,30044,,6,,,Yes,2020-10-31,New York
18.0,40318,0 years,2,Female,HR,,2012-06-07,Austin
21.0,32510,4 years,1,,Engineering,Y,2023-10-27,Seattle
18.0,46934,,9,Female,,Yes,2010-03-19,
18.0,25000,0 years,2,Female,Engineering,Yes,,Boston
27.0,52396,0 years,3,Male,,Y,2014-08-12,Boston
32.0,39588,7 years,7,Female,Sales,,2019-04-27,Austin
30.0,58364,4 years,1,Female,,,2022-01-09,Seattle
21.0,39127,0 years,8,Female,Marketing,Y,2015-01-12,Seattle
35.0,52490,14 years,4,,Engineering,Yes,2011-12-02,Seattle
34.0,54802,10 years,8,,HR,Y,2020-04-16,New York
34.0,47324,,1,Female,Marketing,Y,2010-07-08,New York
35.0,68450,16 years,3,M,Sales,No,,Austin
53.0,59725,28 years,9,Male,Engineering,No,2020-08-15,Austin
56.0,64767,36 years,2,Female,HR,Y,2020-08-17,New York
38.0,46073,14 years,1,M,,,,Seattle
36.0,29858,14 years,7,M,Engineering,,,
33.0,46482,14 years,9,Male,Sales,,2023-06-19,New York
40.0,71356,21 years,9,F,HR,No,2014-11-02,
40.0,43459,17 years,8,M,HR,No,2020-12-25,Boston
34.0,83624,11 years,8,Male,Marketing,,2011-02-06,Seattle
46.0,56107,24 years,2,Male,Engineering,Y,2022-03-02,Austin
32.0,25000,10 years,5,Female,Engineering,Yes,2015-01-14,Boston
33.0,37283,10 years,6,Male,Engineering,Yes,2019-10-06,Seattle
34.0,37756,12 years,8,Female,Marketing,Y,2019-05-08,Seattle
39.0,44149,19 years,1,F,HR,Yes,2014-09-25,Boston
42.0,51858,15 years,9,Female,,No,2019-02-17,New York
29.0,37679,13 years,5,Male,Engineering,No,2020-01-02,Boston
29.0,28623,13 years,1,Female,Marketing,N,2021-03-22,New York
35.0,45024,16 years,10,F,Engineering,Y,2017-05-16,Austin
25.0,25000,1 years,3,Female,,Y,2022-04-13,Austin
27.0,55684,5 years,5,Female,Engineering,,,Boston
35.0,67077,17 years,3,M,Marketing,Yes,2014-03-22,New York
34.0,25000,3 years,1,Male,HR,Y,2011-10-25,Seattle
45.0,72134,23 years,6,Male,,,2018-10-01,New York
46.0,35819,24 years,7,Female,Sales,N,2012-08-29,Seattle
53.0,82839,33 years,9,F,Marketing,Yes,2010-01-12,New York
28.0,28811,3 years,5,,Sales,,2022-06-28,Austin
37.0,31281,17 years,6,F,,Y,2016-02-28,New York
46.0,47936,23 years,3,M,,,2020-01-27,
30.0,25000,9 years,2,,,Y,2021-01-27,Austin
28.0,31759,7 years,6,M,Marketing,Yes,2010-03-18,Boston
18.0,54519,0 years,3,F,Sales,Y,2020-10-31,Seattle
21.0,29263,0 years,9,F,HR,Y,2011-12-20,
30.0,52023,11 years,7,Male,Sales,Y,2010-06-27,New York
36.0,56653,9 years,6,Male,HR,Y,2011-08-18,Seattle
33.0,29522,7 years,3,Female,Engineering,,2023-03-04,Austin
46.0,55857,23 years,2,F,HR,,2010-10-31,New York
27.0,50417,6 years,1,Male,,Yes,2020-04-04,Seattle
30.0,54026,12 years,2,Female,HR,,2012-03-24,Seattle
23.0,45787,2 years,8,M,,Yes,2021-01-20,Boston
25.0,25000,3 years,1,Female,,,2010-08-28,New York
25.0,50079,0 years,1,Male,Engineering,Yes,2018-07-21,Boston
50.0,69496,30 years,4,F,Sales,,2018-08-08,
26.0,25000,3 years,8,,HR,Yes,2020-06-21,Seattle
40.0,54633,13 years,7,Male,,Y,2017-03-26,New York
50.0,68181,28 years,7,M,HR,Y,2013-11-02,Austin
39.0,40294,16 years,2,Male,,Yes,2020-09-06,Boston
44.0,36454,25 years,4,M,,Yes,2010-10-13,Seattle
44.0,62259,20 years,3,Male,,,2016-05-07,Austin
38.0,52885,17 years,3,F,HR,Yes,2022-11-20,Boston
19.0,25000,0 years,6,Female,Marketing,No,2011-05-11,Seattle
30.0,40343,5 years,1,M,HR,Y,2023-06-26,Boston
41.0,40225,14 years,9,F,,Y,2013-09-14,Austin
36.0,56972,14 years,5,,HR,,2018-05-25,New York
37.0,53248,13 years,4,Female,HR,,2019-02-01,Boston
37.0,65045,17 years,1,Female,Marketing,Y,2011-11-01,Boston
43.0,65407,,2,,Marketing,No,2013-03-29,Seattle
29.0,28994,3 years,6,Female,,Y,2022-05-30,Austin
28.0,43648,7 years,2,,,,2010-07-17,
25.0,54127,0 years,6,Female,Marketing,Yes,2021-09-26,Boston
,51903,21 years,1,Female,,Y,2015-09-21,Austin
31.0,25000,11 years,4,Male,Sales,,2014-04-04,New York
20.0,32216,1 years,6,,Engineering,Yes,2017-08-10,Boston
30.0,70116,11 years,2,M,HR,Y,2022-10-25,
18.0,32123,0 years,2,Female,Engineering,Y,2017-01-10,Boston
32.0,25000,11 years,3,,Sales,,2019-02-07,Seattle
29.0,49873,6 years,3,M,Sales,,,
35.0,63357,10 years,4,Female,Engineering,Y,2010-10-03,New York
41.0,56752,19 years,7,Female,Engineering,N,2010-11-20,Seattle
24.0,42843,3 years,1,M,HR,Yes,2023-10-26,New York
24.0,25000,4 years,5,M,HR,N,2017-05-08,Austin
49.0,55475,27 years,5,,Marketing,,2021-05-01,Seattle
26.0,70473,6 years,7,Male,HR,,,Austin
19.0,25000,0 years,1,M,Marketing,Yes,2013-06-20,New York
46.0,38534,21 years,10,Female,HR,Yes,2018-09-19,New York
33.0,41503,8 years,7,Male,HR,Yes,2018-10-27,Austin
51.0,72505,30 years,5,Male,Sales,Yes,,Austin
42.0,32649,22 years,8,M,,Yes,2017-09-17,Boston
46.0,52408,25 years,5,,Engineering,Y,2017-01-21,Boston
48.0,56009,24 years,2,Male,HR,,2017-05-14,Austin
26.0,46431,0 years,6,F,Marketing,N,2014-11-15,Seattle
58.0,99209,40 years,4,,Marketing,N,2011-03-03,New York
,45302,7 years,1,Female,,Yes,2022-12-09,Seattle
48.0,30486,25 years,3,M,Marketing,Yes,2015-03-27,
24.0,39444,2 years,9,,Sales,N,,Seattle
39.0,55687,,9,Female,Marketing,Yes,2019-05-15,
32.0,25000,9 years,1,Male,Engineering,,2020-03-24,New York
18.0,36826,0 years,6,Male,Marketing,No,2013-11-19,Boston
32.0,58088,16 years,3,Female,Engineering,No,2010-04-04,
19.0,35952,0 years,7,Male,Marketing,No,2020-04-18,Seattle
50.0,49613,33 years,4,,,Y,2023-11-06,Seattle
34.0,37451,9 years,4,Male,HR,Yes,2014-01-06,Austin
18.0,25000,0 years,3,M,Sales,Yes,2019-01-14,Austin
29.0,53313,2 years,8,,,Yes,2023-09-09,Austin
30.0,55007,12 years,1,F,HR,Yes,2022-07-28,New York
36.0,94448,11 years,10,,HR,Yes,2022-08-25,
32.0,39361,8 years,6,Female,,N,2023-05-23,Seattle
24.0,48750,1 years,6,Male,Sales,,2013-09-27,New York
36.0,48067,12 years,5,,Sales,N,2017-06-27,
32.0,76579,9 years,10,Female,Sales,Yes,2022-01-07,New York
47.0,50055,22 years,2,M,HR,Yes,2013-06-06,
18.0,32402,0 years,8,F,Engineering,Y,2018-10-23,New York
25.0,25000,6 years,5,M,Engineering,,2021-07-18,Austin
44.0,73121,19 years,8,F,HR,Y,2012-03-19,Boston
48.0,64814,32 years,10,,Engineering,No,2012-03-04,Austin
18.0,25000,0 years,10,,HR,Y,2015-02-07,Austin
18.0,25000,0 years,9,M,,Y,2013-02-28,Boston
18.0,42724,0 years,1,F,Sales,N,2010-06-19,Seattle
43.0,73828,19 years,9,Female,,Yes,2022-12-20,
53.0,62550,35 years,2,F,Sales,N,2013-10-03,Austin
47.0,70354,25 years,6,M,Sales,N,2020-05-09,
41.0,40934,20 years,3,Female,,N,2023-03-07,Austin
27.0,55182,6 years,7,F,Marketing,Yes,2016-01-15,New York
46.0,62046,23 years,1,F,Sales,,2019-04-06,
39.0,50420,16 years,7,Male,Marketing,Y,2015-10-14,New York
37.0,65028,19 years,2,Male,Marketing,Yes,2017-08-01,Boston
38.0,38116,,1,Female,Engineering,Yes,2016-10-15,Austin
38.0,64089,19 years,7,F,HR,,2011-03-22,New York
29.0,38379,3 years,8,Female,Marketing,,2021-03-14,New York
39.0,46047,21 years,5,Female,Engineering,No,2022-12-11,New York
20.0,28664,0 years,7,M,HR,Yes,2020-12-22,Seattle
35.0,66480,19 years,6,F,HR,Y,2015-11-16,
37.0,47718,16 years,3,M,HR,,2022-12-23,Austin
23.0,35633,2 years,9,M,Marketing,No,2022-02-20,Seattle
46.0,55407,21 years,8,M,Engineering,Yes,2017-01-03,Boston
18.0,25000,0 years,10,,HR,N,2021-09-14,New York
41.0,25000,21 years,8,Female,Engineering,Y,2020-12-17,Austin
34.0,53517,10 years,4,M,Marketing,Y,2021-10-22,Boston
30.0,25000,0 years,1,Female,Engineering,Y,2021-09-11,
45.0,50533,17 years,5,Male,HR,Yes,2011-04-27,Boston
18.0,26749,0 years,5,Male,HR,Yes,2018-08-16,Boston
,35276,9 years,3,F,Engineering,Y,2023-12-19,New York
43.0,44920,19 years,10,Male,Engineering,No,2015-04-19,Austin
25.0,28162,8 years,8,Female,Engineering,Yes,2023-05-16,Austin
40.0,63765,18 years,9,,Marketing,No,,New York
31.0,45403,9 years,2,,Engineering,Y,2016-01-24,Seattle
54.0,72963,33 years,3,Female,Sales,Y,2020-06-07,New York
36.0,36716,13 years,10,,,Yes,2010-07-02,Seattle
29.0,45208,8 years,5,Male,Engineering,Yes,2017-12-26,Seattle
37.0,37016,11 years,7,Male,Engineering,,2013-08-27,New York
,43597,9 years,9,,Marketing,,2018-04-27,
39.0,57949,18 years,8,Male,,,2020-11-16,Boston
21.0,45438,2 years,1,Male,Marketing,Yes,2019-10-14,New York
40.0,53000,13 years,6,Female,,,2011-01-14,Seattle
34.0,82618,12 years,10,Female,Engineering,N,2014-07-26,Boston
18.0,25000,0 years,3,F,,No,2021-03-11,Boston
,80395,17 years,7,Male,,No,2013-01-31,Austin
51.0,106954,28 years,5,Male,,Y,2019-04-08,Boston
36.0,66683,16 years,7,M,HR,,2012-04-07,New York
25.0,25430,3 years,8,,Engineering,No,2017-05-13,Austin
39.0,37639,16 years,5,M,,Y,2017-01-18,New York
28.0,53334,8 years,8,Female,,N,,
31.0,49129,3 years,3,,Sales,,2011-10-23,Seattle
27.0,65142,4 years,3,Female,,N,,
24.0,29176,4 years,1,,Engineering,Yes,2010-11-15,Austin
39.0,70672,14 years,7,F,Marketing,No,2018-04-01,Seattle
34.0,69892,1 years,8,Female,Sales,N,2015-02-13,Boston
37.0,54505,13 years,1,Female,Engineering,Y,2020-08-18,New York
28.0,25000,5 years,9,F,Marketing,Yes,2023-09-07,Seattle
24.0,36468,0 years,1,Male,Sales,Y,2017-12-21,
51.0,64974,25 years,5,M,Marketing,Yes,2013-03-22,Seattle
27.0,56764,2 years,2,,HR,Y,2015-06-12,New York
33.0,77254,14 years,9,Male,,Yes,2015-07-07,New York
34.0,25000,14 years,2,M,Marketing,No,2019-08-21,Austin
30.0,36281,6 years,7,Female,,,2016-09-18,New York
39.0,59539,20 years,10,Female,Sales,Y,2010-10-27,Boston
38.0,40362,17 years,7,Male,Sales,Y,2022-10-16,Boston
40.0,69100,11 years,9,,HR,Yes,2016-09-27,
48.0,43699,26 years,5,,,Yes,2018-12-09,
23.0,57248,2 years,10,F,,Yes,2011-11-16,Austin
58.0,91861,34 years,6,F,Marketing,Yes,2015-12-31,Austin
53.0,67106,31 years,10,Male,,No,,New York
38.0,54645,12 years,4,Female,Sales,N,2011-09-19,New York
25.0,43006,1 years,3,Male,HR,,2011-08-26,Boston
18.0,25000,0 years,3,M,Marketing,N,2019-08-06,Seattle
27.0,25000,11 years,3,M,,Y,2012-03-25,Austin
18.0,57863,0 years,1,,Sales,Yes,,Boston
41.0,60224,21 years,3,,Marketing,,2015-12-28,Austin
31.0,45009,14 years,3,M,Sales,Yes,2011-10-31,
39.0,31622,18 years,9,Male,,,2016-10-12,Austin
52.0,60062,27 years,1,F,,Y,,Boston
37.0,46645,12 years,6,F,,Y,2015-10-24,Boston
26.0,25000,4 years,5,,Sales,Yes,2014-09-23,Seattle
45.0,54278,26 years,10,,Engineering,,2021-01-04,New York
28.0,25000,9 years,3,F,Sales,N,,Austin
18.0,41096,0 years,9,,Engineering,No,2011-06-13,Boston
38.0,62740,13 years,2,Female,,Yes,2023-08-04,Boston
36.0,74127,14 years,7,Male,Marketing,N,2017-05-03,New York
52.0,56867,24 years,2,,Sales,Y,2017-08-16,
19.0,35065,0 years,9,,HR,Yes,2010-12-23,Seattle
34.0,26181,6 years,10,Male,,No,2014-09-27,Seattle
43.0,61991,20 years,10,F,HR,Yes,2014-01-13,
42.0,40741,11 years,8,Male,Marketing,N,2011-10-09,Seattle
30.0,57609,8 years,3,Male,HR,,2020-02-24,
,66772,24 years,2,Female,HR,,2020-05-31,Boston
31.0,57348,8 years,6,M,Marketing,Yes,2016-04-26,Seattle
18.0,25778,0 years,9,Male,Marketing,Yes,2012-11-10,Austin
38.0,82504,16 years,9,F,Marketing,No,2023-07-23,Austin
44.0,40066,23 years,6,Male,Marketing,Y,2013-10-13,Seattle
40.0,52288,20 years,2,M,Marketing,No,2016-11-07,Austin
30.0,44829,4 years,10,Female,Marketing,Yes,2023-02-27,Austin
26.0,34396,0 years,5,F,Sales,Y,2014-08-21,New York
25.0,56607,0 years,1,Male,,,2023-11-24,Seattle
34.0,26307,10 years,1,Male,Sales,Y,2021-05-17,
38.0,32324,17 years,10,,HR,No,2016-03-26,Seattle
26.0,25000,3 years,7,Female,Engineering,Yes,2016-08-14,Seattle
33.0,65501,11 years,1,M,,No,2013-10-11,Boston
35.0,38144,12 years,3,Male,Marketing,No,2017-11-20,Seattle
38.0,40822,15 years,3,Female,Engineering,Y,2011-07-01,
23.0,28509,0 years,4,,HR,No,2016-10-04,Seattle
35.0,54939,14 years,8,Male,Engineering,Y,,New York
49.0,48939,32 years,8,Female,HR,N,,Boston
19.0,39590,0 years,1,Female,,No,2012-03-22,New York
34.0,44150,11 years,3,F,Sales,Y,2018-08-26,
50.0,50460,21 years,5,Male,Sales,,2010-10-10,
30.0,47169,6 years,8,M,Sales,Y,2017-07-29,Austin
39.0,60436,16 years,5,Female,HR,No,2013-01-28,Seattle
35.0,54365,13 years,10,Female,Engineering,Yes,,Boston
26.0,31497,5 years,2,M,HR,,,Boston
18.0,30947,0 years,7,Male,Engineering,N,2011-12-10,Seattle
29.0,35895,10 years,2,F,Engineering,,2021-12-26,Boston
36.0,46499,12 years,3,,HR,Yes,2010-01-25,Boston
36.0,65235,13 years,1,F,HR,,2012-03-26,New York
28.0,32168,9 years,4,Female,Engineering,Y,2020-09-04,Boston
27.0,31083,8 years,3,Female,Sales,Yes,2010-09-13,New York
52.0,65462,26 years,1,F,,Yes,2016-05-05,Boston
32.0,31078,12 years,6,Female,Marketing,Yes,2019-07-31,Austin
27.0,35057,4 years,7,,,,2018-08-01,Seattle
43.0,73238,20 years,9,F,Sales,,2018-01-22,New York
44.0,52146,20 years,10,M,Marketing,Yes,2019-06-01,New York
43.0,25000,21 years,4,,HR,Yes,2010-06-10,New York
36.0,60237,13 years,10,M,Engineering,Yes,2021-03-02,New York
41.0,46423,14 years,10,Female,Engineering,Yes,2014-11-28,New York
18.0,43516,0 years,9,Male,Sales,,2022-08-18,Austin
31.0,53089,11 years,2,F,HR,N,2014-11-02,New York
41.0,84275,23 years,4,F,Sales,Y,2020-01-03,Boston
51.0,38701,29 years,3,Male,Marketing,Y,2013-11-05,New York
27.0,36789,5 years,4,M,Marketing,Yes,2012-06-27,New York
47.0,30807,23 years,1,Male,HR,,2013-05-20,New York
21.0,33987,2 years,5,Male,HR,Y,2013-08-11,Boston
22.0,51067,1 years,7,F,Marketing,Yes,2022-06-15,New York
36.0,46817,,1,Female,HR,Yes,2018-05-22,
59.0,91164,37 years,7,,,No,,Seattle
43.0,71297,20 years,6,Male,,N,2022-02-08,Seattle
29.0,34593,6 years,9,Male,HR,Y,2021-08-16,Seattle
26.0,53190,,5,M,Marketing,No,2019-02-21,New York
18.0,31612,0 years,8,F,,Yes,2021-03-06,New York
36.0,53300,11 years,7,M,Marketing,Y,2018-02-24,Boston
18.0,35223,0 years,6,Male,Sales,Yes,,New York
21.0,59437,0 years,6,M,,Y,2017-05-11,Seattle
35.0,49122,,2,Male,Sales,Y,2023-04-29,Austin
37.0,41668,14 years,9,Male,HR,No,2021-10-14,
47.0,29190,25 years,9,,Sales,,2015-08-11,Austin
18.0,29835,0 years,7,F,HR,Yes,2015-07-23,
34.0,25000,12 years,6,Female,Engineering,Yes,2015-02-28,New York
28.0,36626,7 years,8,,Marketing,,2023-05-31,
39.0,38520,20 years,8,F,Engineering,Yes,2015-10-04,Seattle
55.0,79431,34 years,5,Male,Marketing,,2013-05-24,
48.0,35205,23 years,7,Female,,Y,2021-02-09,
31.0,52628,5 years,9,,Marketing,,2023-09-09,Boston
49.0,60062,31 years,9,Male,,Y,,
39.0,55181,23 years,3,F,Engineering,No,2023-02-23,Seattle
44.0,55213,22 years,7,Female,Sales,,,Boston
35.0,45878,17 years,5,,Engineering,Yes,,
37.0,47371,20 years,2,Male,Marketing,Yes,2014-12-25,New York
31.0,57085,5 years,5,Female,Engineering,Yes,2015-07-14,
33.0,28430,13 years,1,M,HR,Yes,2014-07-31,Boston
31.0,47380,7 years,7,M,,Yes,2014-11-15,New York
18.0,25000,0 years,9,Male,,No,2019-02-15,Boston
29.0,56396,9 years,5,,Engineering,No,2017-02-05,Boston
26.0,43993,0 years,8,M,,Y,2018-11-13,Austin
38.0,44875,16 years,10,,HR,Yes,2011-11-12,
33.0,25000,6 years,4,Female,Engineering,Y,2012-11-16,New York
45.0,59505,24 years,8,Male,Sales,,2023-05-22,Boston
31.0,32725,16 years,1,Male,HR,,,Seattle
41.0,57345,18 years,9,F,Marketing,Yes,2022-12-01,Austin
35.0,48586,12 years,7,,Marketing,Yes,2015-12-26,
55.0,63380,32 years,9,Male,Engineering,N,2023-04-11,Boston
30.0,27333,10 years,6,Male,Sales,,2023-01-08,New York
46.0,49835,23 years,1,M,Marketing,N,2019-11-28,New York
23.0,25000,1 years,3,Male,HR,N,2020-09-04,New York
23.0,36428,0 years,2,Female,Engineering,,2013-08-23,
41.0,61294,17 years,4,Female,HR,No,2023-11-01,
18.0,25000,0 years,6,Male,Engineering,Yes,2021-03-04,Boston
49.0,26427,27 years,6,F,,No,,Boston
26.0,25000,0 years,4,,,Yes,,
29.0,30511,7 years,9,,,N,2011-01-06,Seattle
38.0,44187,12 years,3,Female,HR,Yes,,Austin
18.0,25000,0 years,7,,Sales,N,2013-06-29,Boston
33.0,35642,11 years,8,F,Sales,Yes,,New York
45.0,42840,21 years,7,M,Engineering,N,,Boston
50.0,50417,24 years,2,M,HR,No,2023-09-13,
32.0,25000,13 years,9,F,,Yes,2018-05-18,Austin
18.0,37491,0 years,2,Male,Sales,Y,2017-09-17,Seattle
59.0,70169,39 years,8,,Engineering,No,2014-03-29,New York
33.0,56848,12 years,1,M,Marketing,Y,2023-03-28,Seattle
27.0,53801,4 years,5,Female,,Yes,2019-06-16,
25.0,25000,5 years,3,,,N,2011-05-27,Seattle
42.0,35611,18 years,7,Female,,Y,2021-05-31,Seattle
30.0,54332,6 years,4,Female,HR,Yes,2020-09-02,Austin
41.0,52792,22 years,6,Female,Marketing,Yes,2016-01-30,Seattle
51.0,72637,25 years,6,Male,Engineering,,,Seattle
47.0,55251,21 years,5,,Sales,Yes,2021-07-07,Boston
35.0,54719,16 years,1,M,Marketing,Yes,,New York
25.0,25000,2 years,8,Female,Engineering,,2014-11-09,Boston
36.0,49560,14 years,6,M,HR,,2014-07-14,
22.0,47993,1 years,5,F,Engineering,N,2015-12-13,
44.0,76647,24 years,3,Male,HR,Yes,2013-05-08,New York
41.0,68257,22 years,4,Male,,Y,2018-05-24,
19.0,42814,0 years,5,Male,Engineering,Y,2021-06-30,Austin
36.0,92697,12 years,2,,,Yes,2012-05-17,Austin
49.0,34419,22 years,1,F,Sales,Yes,,
24.0,37068,2 years,5,Male,Sales,Y,2022-02-17,Seattle
30.0,49898,12 years,3,Male,,Yes,2016-03-10,
60.0,93884,35 years,9,F,HR,No,2019-08-05,
25.0,46503,1 years,2,Male,Sales,Y,2016-06-16,Boston
26.0,63243,3 years,7,F,Sales,No,2015-05-15,Austin
45.0,48040,26 years,5,Female,Engineering,Y,,Boston
56.0,57221,36 years,6,M,Sales,Yes,2017-09-19,Austin
32.0,37388,11 years,4,,Engineering,Y,2023-08-31,
21.0,25000,,8,F,Marketing,,2017-01-04,New York
41.0,57555,23 years,6,Female,,Y,,Austin
44.0,82222,24 years,5,F,HR,N,2021-04-23,Seattle
53.0,80562,28 years,4,Female,Sales,Y,2010-07-27,Seattle
42.0,49260,19 years,1,Female,HR,Yes,2021-11-24,New York
36.0,59988,10 years,4,F,,No,2021-03-16,New York
30.0,25000,12 years,7,Female,Engineering,Yes,2020-05-26,Austin
30.0,25000,12 years,1,,Marketing,Y,2021-04-04,
54.0,61679,28 years,3,Male,Marketing,Yes,2014-11-25,Seattle
18.0,40307,0 years,8,Male,Marketing,Y,2020-11-27,New York
42.0,44006,16 years,5,,,Y,2014-10-12,
30.0,55020,8 years,5,M,HR,N,2022-12-22,New York
50.0,82153,27 years,3,,,,2014-03-24,Boston
37.0,63932,22 years,10,,,,2017-03-25,Boston
29.0,44184,6 years,1,Male,HR,,2013-04-14,Boston
38.0,66387,13 years,9,,Sales,No,2012-07-19,Boston
26.0,44511,2 years,7,F,,Y,2015-08-18,Boston
33.0,54174,,6,Male,Marketing,Yes,2012-04-07,Boston
35.0,56314,5 years,5,M,Engineering,Y,2017-09-08,Boston
35.0,41479,7 years,9,,Marketing,Yes,2021-06-09,Austin
43.0,87659,24 years,9,Female,Sales,No,2014-11-01,Seattle
47.0,79301,22 years,3,F,Marketing,No,2021-12-09,Boston
42.0,64738,20 years,7,M,,Y,2012-09-14,Seattle
48.0,63709,28 years,10,,Marketing,N,2020-10-27,Austin
32.0,65481,7 years,3,M,Engineering,Y,,New York
29.0,30119,6 years,3,M,Marketing,No,2014-04-19,Boston
24.0,34013,5 years,10,Male,Engineering,N,2014-06-27,Seattle
25.0,54743,3 years,5,M,Marketing,Y,2018-05-02,Seattle
22.0,25000,0 years,5,,Marketing,,2017-06-09,New York
29.0,32200,8 years,6,Male,Engineering,N,2022-04-18,
18.0,32277,0 years,4,Female,HR,Y,2010-02-22,
29.0,78209,,3,F,Marketing,Y,2010-09-12,Seattle
42.0,57419,16 years,9,F,Sales,Y,2014-03-19,New York
36.0,37111,15 years,7,Female,Sales,,2023-11-03,New York
29.0,51132,9 years,5,Male,Sales,Y,2011-12-11,New York
29.0,25000,9 years,1,M,Engineering,Y,2010-06-05,Seattle
56.0,60912,28 years,4,Male,Marketing,N,2010-10-02,Boston
43.0,73532,21 years,6,Female,Marketing,Yes,2015-07-07,
45.0,70865,25 years,10,Male,Marketing,Y,2011-04-15,Boston
35.0,58950,,9,F,HR,Yes,,
23.0,46931,0 years,4,Female,Engineering,Y,2013-06-16,Boston
49.0,47476,22 years,1,Female,,N,2021-01-09,
41.0,42114,20 years,1,Female,,N,2012-04-21,Austin
31.0,25000,3 years,5,,,Yes,,
47.0,45731,25 years,5,,,,2022-10-28,
27.0,35493,8 years,6,Male,,No,2018-02-11,Seattle
33.0,56813,19 years,5,Male,HR,,2017-11-16,Boston
25.0,33700,4 years,3,,Engineering,No,2022-04-23,Boston
26.0,28238,7 years,9,Female,HR,Y,2023-10-21,
34.0,51266,16 years,10,Male,HR,Yes,2015-08-15,New York
43.0,25000,18 years,1,,Engineering,No,2013-05-18,Austin
43.0,55819,18 years,8,F,,Yes,2011-07-01,New York
26.0,40484,6 years,9,F,,Y,2015-12-13,Austin
37.0,62529,14 years,9,F,Engineering,Yes,2021-11-03,New York
18.0,37841,0 years,9,F,Engineering,N,2015-03-23,New York
40.0,70051,20 years,9,M,Sales,,2023-09-10,Austin
34.0,47230,12 years,3,F,Engineering,,,New York
18.0,25000,0 years,3,Female,HR,,2018-01-17,New York
29.0,37084,9 years,1,F,Engineering,Y,2015-10-18,New York
42.0,25000,24 years,6,Female,Engineering,,2013-02-07,New York
36.0,45611,16 years,9,Female,,Yes,2013-01-03,Austin
18.0,38407,0 years,9,F,Sales,Y,,New York
38.0,37065,18 years,1,Female,Engineering,No,2019-09-19,New York
48.0,71249,26 years,3,Female,HR,No,2010-10-13,Austin
33.0,66804,11 years,10,,HR,Yes,2018-11-05,New York
47.0,50198,26 years,2,Male,,No,2017-03-16,
37.0,67493,16 years,3,Male,HR,N,2018-09-01,New York
50.0,65717,22 years,4,,Engineering,No,2017-06-05,Austin
39.0,61770,16 years,5,,HR,No,2014-11-23,New York
33.0,25000,8 years,8,Male,Marketing,Yes,2019-10-13,Seattle
24.0,30711,4 years,3,Male,HR,,,
18.0,25888,0 years,4,Male,Marketing,Y,2010-04-16,
34.0,39199,,3,F,HR,N,2020-02-18,New York
38.0,25000,15 years,4,Male,Engineering,Yes,2016-08-26,Boston
,32070,7 years,4,M,HR,Yes,2021-09-08,Austin
37.0,62601,13 years,3,Female,Engineering,Yes,2022-12-10,
55.0,96071,33 years,9,,Sales,Y,2022-03-08,Seattle
50.0,47392,31 years,5,,,Y,2023-04-04,Boston
,61192,14 years,5,M,,Y,2011-04-28,
36.0,56894,11 years,2,F,HR,,2023-03-10,Seattle
24.0,25000,1 years,5,Female,,,2010-10-31,Seattle
40.0,48070,13 years,10,F,Sales,,2016-10-16,New York
18.0,50783,0 years,7,Male,Sales,,2016-11-25,
34.0,25000,14 years,7,Male,,Yes,2022-03-08,Seattle
23.0,33775,0 years,10,M,HR,Y,2019-02-09,Boston
21.0,44421,0 years,8,,Sales,Y,,Seattle
18.0,32284,0 years,1,M,Engineering,Yes,2022-06-24,New York
46.0,30988,30 years,6,F,Marketing,Yes,2019-03-11,
19.0,25000,0 years,2,M,Engineering,Yes,2019-12-31,Boston
28.0,43836,11 years,10,F,Sales,Yes,2011-08-08,Austin
29.0,30983,2 years,3,Male,Engineering,,2020-05-30,New York
46.0,74679,24 years,1,,Engineering,Y,2015-06-21,
42.0,67188,,10,M,Engineering,No,2018-10-20,Boston
62.0,114927,34 years,3,Female,Marketing,Y,2021-04-03,Boston
43.0,47408,,7,Male,,Yes,2020-06-03,New York
35.0,58200,9 years,1,M,Sales,Yes,2016-09-19,
21.0,28031,0 years,2,,Marketing,,2014-01-26,New York
45.0,48756,24 years,6,F,Sales,No,2011-01-05,Boston
37.0,42784,13 years,2,,Engineering,Yes,2022-12-02,Boston
50.0,69009,27 years,3,Female,Sales,Y,2022-06-11,
37.0,49932,15 years,9,Male,,,2011-03-19,New York
55.0,87133,33 years,8,F,Marketing,,2019-02-06,Seattle
25.0,31676,0 years,8,Female,HR,,2022-01-03,Seattle
34.0,29355,9 years,4,Female,Engineering,Yes,2013-05-05,Boston
35.0,50233,5 years,10,M,Sales,Y,2012-06-26,New York
19.0,31648,0 years,7,,,Yes,2014-09-12,Seattle
32.0,51620,7 years,10,Female,Sales,No,2015-11-07,Seattle
62.0,100001,39 years,4,F,Sales,,2018-09-11,Austin
27.0,37174,6 years,10,Male,Engineering,Y,2020-10-18,Boston
44.0,35009,19 years,1,Female,Sales,Yes,2010-04-09,Boston
43.0,59235,22 years,2,M,Marketing,N,2018-06-26,Austin
56.0,94161,31 years,9,Male,,N,2023-10-23,New York
26.0,48449,4 years,10,F,Marketing,Yes,2016-03-14,
52.0,56300,29 years,2,Male,Sales,Y,,Seattle
18.0,25000,0 years,4,,Engineering,,2015-11-06,Seattle
31.0,62584,10 years,4,Male,,,2016-09-01,Boston
36.0,35233,,1,,Sales,,2011-08-08,Boston
32.0,48735,11 years,10,,,Yes,2020-08-04,Austin
42.0,60814,23 years,6,Female,HR,Yes,2019-08-28,
39.0,54772,15 years,3,Male,Marketing,Y,2020-02-20,New York
36.0,46949,10 years,2,,Engineering,,2013-11-30,Boston
35.0,51229,10 years,8,Female,Engineering,Y,2012-03-18,Boston
30.0,53348,11 years,6,Male,,Yes,2011-06-28,Seattle
42.0,59852,22 years,9,F,Sales,Y,2010-09-10,New York
22.0,48132,3 years,2,,Marketing,Y,2017-08-15,New York
41.0,32372,16 years,4,,Marketing,,2022-11-30,Seattle
37.0,66444,18 years,2,Male,HR,Yes,2018-08-28,
24.0,25000,6 years,7,F,Sales,,2011-10-18,Austin
24.0,46153,5 years,2,M,,Y,2023-01-02,
44.0,68524,18 years,6,Male,,Y,,Boston
20.0,25000,0 years,10,,Engineering,Yes,2014-07-26,
27.0,53578,3 years,9,,Engineering,Yes,2019-06-19,Boston
50.0,83474,29 years,4,,,Yes,2018-02-04,New York
32.0,71015,9 years,1,Male,HR,Y,2015-03-13,New York
45.0,56613,17 years,2,F,Marketing,No,2010-08-09,Boston
29.0,32370,11 years,8,Female,Marketing,Y,2023-04-14,Seattle
36.0,51992,10 years,7,,HR,Yes,2021-08-28,Seattle
45.0,74775,24 years,10,,,N,2020-11-11,Austin
41.0,28698,21 years,6,Female,Marketing,Yes,2013-03-19,New York
37.0,71675,16 years,4,Male,Sales,,2011-04-21,Boston
35.0,44532,9 years,7,Male,Engineering,N,2016-05-24,Seattle
26.0,66789,0 years,10,Female,Sales,Y,2020-05-13,New York
42.0,50502,18 years,8,Male,HR,Yes,2015-04-17,
37.0,35839,16 years,10,Male,,,2014-02-23,
39.0,27571,14 years,10,Female,Engineering,Yes,2011-08-14,Seattle
21.0,29598,0 years,5,Female,Marketing,Y,2011-12-19,
23.0,41368,1 years,7,F,,No,2011-10-06,Austin
43.0,80661,19 years,7,M,Sales,Yes,2015-04-04,Seattle
28.0,34387,3 years,6,Male,Sales,Y,,New York
44.0,56512,24 years,2,M,Marketing,,2012-06-03,Boston
37.0,67247,17 years,10,Male,,No,2014-12-03,
32.0,43968,7 years,1,Male,Marketing,Yes,2023-06-21,New York
23.0,35596,,4,Male,Sales,Y,2017-01-24,
18.0,25000,0 years,5,Male,Engineering,No,,New York
34.0,30117,13 years,1,M,HR,Y,2010-02-11,
40.0,55217,12 years,3,,HR,,2021-10-03,Austin
35.0,63540,16 years,3,,HR,,2021-11-01,Austin
52.0,61492,30 years,2,F,HR,Y,2014-12-23,Austin
18.0,25000,0 years,2,M,HR,Y,2022-11-02,Austin
,60271,0 years,4,Female,HR,Yes,2018-01-06,Seattle
58.0,64578,30 years,5,Female,Sales,Y,2021-01-22,Seattle
28.0,36837,6 years,7,,,,2016-09-14,
39.0,52557,19 years,8,M,HR,N,2013-01-16,New York
36.0,27881,9 years,1,F,Sales,No,2016-03-22,Boston
26.0,38437,3 years,7,M,HR,No,,Boston
47.0,51707,30 years,1,,,Yes,2022-03-18,New York
18.0,31941,0 years,3,Female,HR,Y,2022-05-27,New York
32.0,53108,10 years,9,Female,HR,Yes,2021-02-21,New York
53.0,72868,29 years,10,M,HR,Y,2014-09-17,
38.0,54118,19 years,1,M,Engineering,Y,2011-01-26,
26.0,61026,4 years,6,F,Engineering,Y,,Austin
20.0,56406,2 years,5,Female,Sales,,,Seattle
38.0,47662,15 years,9,,Marketing,,2011-02-06,
34.0,25693,10 years,7,M,HR,,2022-10-01,New York
35.0,52919,9 years,6,Female,Marketing,Yes,,New York
29.0,47204,7 years,10,Female,Marketing,Yes,2010-09-24,Seattle
20.0,25000,0 years,6,M,Marketing,N,2020-03-21,Austin
22.0,64028,2 years,6,M,Engineering,Yes,2020-03-05,Seattle
48.0,82389,22 years,2,F,Sales,No,2021-08-27,New York
37.0,48645,16 years,4,M,Marketing,Yes,2020-12-10,Seattle
39.0,53282,13 years,2,F,Marketing,N,2018-03-30,Boston
39.0,56246,10 years,8,Female,Engineering,Y,2020-03-24,Seattle
32.0,36631,2 years,4,M,Marketing,Yes,2019-01-27,New York
40.0,69860,16 years,2,Male,Engineering,Yes,2019-04-15,
34.0,25000,14 years,2,Male,Sales,No,2020-12-12,Austin
55.0,57660,37 years,10,Female,Marketing,Yes,2019-11-13,Boston
37.0,25000,20 years,6,Female,Marketing,Yes,2022-11-05,Austin
36.0,55377,14 years,7,,,Y,2018-09-02,Boston
35.0,50251,10 years,9,F,,No,2021-03-20,
45.0,86587,15 years,1,,,,2022-10-27,New York
41.0,49956,17 years,10,,Engineering,N,2023-08-12,New York
27.0,50273,3 years,1,Female,HR,Yes,2013-04-29,
43.0,25000,20 years,2,F,Engineering,Yes,2019-01-30,New York
40.0,56741,18 years,10,Male,Marketing,N,2014-04-07,Boston
49.0,52310,24 years,2,Female,HR,,2022-07-08,
31.0,25000,7 years,7,,Sales,No,2010-12-22,Austin
54.0,45028,27 years,7,Male,Engineering,Yes,2022-08-11,Seattle
32.0,50401,11 years,8,F,Sales,N,2021-10-30,Austin
41.0,29401,17 years,8,M,Engineering,,2012-12-30,Austin
25.0,25000,8 years,5,,HR,Y,2019-09-11,Austin
30.0,61034,11 years,6,F,Sales,No,2010-10-29,
45.0,74836,28 years,9,,Marketing,Y,2013-06-08,Austin
58.0,86242,37 years,3,Male,,,2023-02-23,Austin
47.0,52056,26 years,4,Female,HR,Yes,2016-06-09,Austin
46.0,36181,17 years,3,F,HR,N,,
39.0,52935,15 years,2,M,,Y,2017-08-19,Seattle
25.0,42316,2 years,4,,HR,No,2014-08-08,Austin
51.0,48733,25 years,8,M,Sales,Yes,2010-09-22,Austin
54.0,69405,32 years,4,Male,Marketing,,2010-12-10,
35.0,42103,12 years,9,M,,Y,2011-03-23,Seattle
36.0,25000,6 years,5,F,HR,Y,2020-05-02,
51.0,71751,30 years,7,M,Engineering,,2019-07-04,Seattle
35.0,50409,12 years,7,F,Sales,,2020-09-05,
32.0,31997,8 years,10,Male,,,2010-04-25,Boston
38.0,43781,15 years,3,Female,,Yes,2016-03-22,New York
40.0,31112,20 years,10,Female,Sales,Yes,2018-09-18,Austin
48.0,82519,25 years,6,Female,Marketing,,2021-12-17,New York
36.0,48961,17 years,10,F,Engineering,Yes,2023-10-05,
24.0,54938,1 years,2,,Sales,Yes,,
49.0,68906,,3,M,Sales,,2020-03-11,Austin
44.0,33802,22 years,8,Female,,N,2018-12-27,Austin
21.0,33630,3 years,4,F,Sales,,2018-01-30,New York
52.0,59453,32 years,3,M,HR,Y,2017-05-10,Austin
40.0,46184,16 years,3,F,Engineering,No,2013-03-23,Seattle
41.0,33850,17 years,4,Female,Sales,,2023-08-29,
30.0,48894,11 years,1,Female,Engineering,,,Austin
33.0,62855,13 years,2,,Marketing,Yes,2018-08-19,Boston
39.0,68774,16 years,8,F,Sales,Y,2013-05-29,
21.0,38014,0 years,8,,Engineering,No,2016-11-26,New York
28.0,35415,8 years,5,Female,Sales,No,2017-10-08,
52.0,58107,26 years,8,Female,HR,Y,2020-04-02,Boston
23.0,38994,3 years,1,Male,Marketing,Yes,2017-11-23,New York
39.0,75792,20 years,3,Male,,,2021-12-09,Austin
46.0,59238,20 years,2,Male,Sales,Yes,2022-09-12,New York
43.0,70169,17 years,1,M,Sales,No,,Boston
31.0,40400,10 years,4,Female,Sales,Y,2018-07-25,New York
21.0,46526,0 years,9,Male,,,2016-01-11,
45.0,83208,20 years,1,,HR,Y,2013-02-12,New York
33.0,30483,10 years,2,Female,Sales,No,2015-05-27,Boston
32.0,64389,13 years,1,Female,Marketing,Yes,2015-03-21,New York
35.0,53595,13 years,10,,,Yes,2021-05-03,
44.0,53566,22 years,10,Female,HR,N,,
29.0,53875,9 years,4,M,Engineering,,2017-09-08,
33.0,25000,7 years,1,M,Sales,Y,2014-05-24,
20.0,44215,0 years,8,,Engineering,Y,2021-04-27,New York
42.0,68198,,4,Female,,Y,2017-11-09,Seattle
28.0,66876,8 years,1,Female,Sales,Y,2022-02-08,Seattle
23.0,40280,0 years,2,Female,Marketing,Yes,2016-01-14,Austin
25.0,26506,6 years,9,Male,Engineering,,,Austin
36.0,57631,17 years,8,Female,,No,2012-01-04,Austin
37.0,53637,19 years,9,M,Marketing,Y,2019-03-09,Boston
44.0,39333,25 years,2,Female,,,2019-05-01,Boston
28.0,36237,0 years,4,Female,Engineering,No,2015-06-25,
27.0,25000,3 years,5,Male,Engineering,Y,,Austin
40.0,50601,26 years,2,Male,Marketing,Y,,New York
23.0,25000,1 years,4,Male,HR,No,2021-09-22,Boston
50.0,52782,28 years,7,Male,Sales,,2014-11-03,Austin
33.0,57796,13 years,6,Female,Engineering,,2012-05-15,Seattle
35.0,51898,18 years,2,M,,No,2021-07-30,
49.0,35768,23 years,9,M,Engineering,Y,2022-07-10,Boston
35.0,43568,11 years,7,M,,No,2015-07-27,New York
27.0,25000,5 years,10,Female,HR,Y,2023-04-14,New York
34.0,37344,11 years,5,Male,HR,Y,2020-02-02,Boston
38.0,63075,15 years,5,F,HR,,2015-09-04,
40.0,32087,15 years,10,F,Marketing,N,2020-01-04,Seattle
,51345,12 years,3,Female,Marketing,Y,2012-10-08,Austin
18.0,25000,0 years,10,,HR,,2019-02-17,Boston
33.0,36169,9 years,2,Female,Sales,Y,2021-02-05,Austin
39.0,70828,10 years,9,F,Marketing,Y,2012-05-01,Boston
34.0,39478,14 years,9,Female,Engineering,,2013-06-27,Boston
31.0,26377,5 years,1,M,Marketing,,2020-04-08,New York
41.0,64626,23 years,8,Female,HR,Y,2013-11-25,New York
18.0,26563,0 years,4,Male,Sales,Yes,2015-12-21,Seattle
38.0,74525,12 years,10,,Engineering,Y,2013-07-14,Austin
45.0,60456,22 years,7,Female,HR,Yes,2011-06-23,Seattle
26.0,41353,9 years,6,,Engineering,Y,2012-02-18,Austin
44.0,96512,22 years,6,Female,Engineering,,2015-09-02,Austin
29.0,25000,2 years,7,Male,Marketing,Y,2011-07-10,
32.0,46475,9 years,9,F,Engineering,N,2014-07-02,Austin
31.0,43193,10 years,8,M,Marketing,N,2020-08-06,Austin
38.0,27892,14 years,10,Female,Marketing,Yes,2012-06-28,Austin
53.0,61959,31 years,1,M,Marketing,No,,Austin
24.0,25000,5 years,10,,Engineering,No,2011-06-22,Seattle
21.0,28800,1 years,8,Female,,Yes,,Boston
27.0,35661,4 years,7,Male,Engineering,No,2022-04-30,
32.0,55234,,6,Female,Sales,,2015-06-14,New York
26.0,43408,8 years,8,F,Engineering,Yes,2014-02-25,Boston
25.0,31814,0 years,5,,Engineering,,,Seattle
36.0,50189,11 years,1,M,Engineering,,2022-01-16,Boston
41.0,52453,,3,Male,Sales,Y,2020-02-02,New York
36.0,25000,15 years,7,F,,Yes,2023-07-20,Austin
33.0,25000,14 years,5,Male,Sales,,2021-01-17,New York
23.0,30227,0 years,7,M,Engineering,No,2019-03-02,Boston
19.0,25000,0 years,7,Male,Sales,Yes,2016-07-18,Austin
29.0,32082,12 years,6,M,HR,Yes,2016-10-14,Austin
31.0,73044,9 years,7,Male,,Yes,2019-11-28,Austin
22.0,25000,2 years,10,Male,Engineering,,2013-05-10,New York
23.0,38930,2 years,7,,,,2023-04-13,New York
39.0,25000,17 years,10,Male,Engineering,Y,,New York
42.0,51600,14 years,6,F,HR,Y,2020-10-06,
35.0,33764,8 years,2,Male,Sales,,2021-02-28,Seattle
52.0,53018,30 years,3,Female,,N,2012-04-11,
38.0,63334,14 years,9,,Marketing,Y,2022-03-04,Austin
39.0,68887,22 years,6,F,,No,2020-09-06,New York
30.0,61136,13 years,8,Male,Engineering,,2010-05-14,
42.0,38378,21 years,6,Female,Marketing,Yes,2021-12-13,Austin
18.0,25000,0 years,4,F,Engineering,,2017-02-23,
31.0,33398,7 years,4,,,Y,,Austin
20.0,36359,0 years,4,M,Marketing,Yes,2020-06-10,Seattle
51.0,66377,32 years,9,M,HR,Yes,2016-12-31,Seattle
39.0,62759,14 years,4,,,Yes,,New York
52.0,59381,27 years,8,,Marketing,,,
58.0,54384,,4,Female,,Yes,2011-11-30,Austin
33.0,45998,16 years,7,,,Y,2019-06-05,
30.0,67094,0 years,6,F,HR,No,2022-10-30,
28.0,45014,2 years,9,M,Engineering,Y,2019-04-17,New York
18.0,34786,0 years,6,M,Engineering,Y,2017-07-17,New York
47.0,71690,27 years,8,Male,HR,No,,Austin
45.0,39417,24 years,4,Female,HR,,2021-08-18,Austin
47.0,63944,23 years,6,Male,HR,No,2013-03-06,New York
41.0,45299,19 years,3,,,Y,2012-04-28,Austin
40.0,67628,18 years,10,Male,Engineering,N,2011-07-06,Austin
32.0,57992,6 years,4,Male,,,2012-07-10,
37.0,64252,16 years,8,Male,,Yes,2016-07-08,Boston
37.0,93178,15 years,7,,HR,Yes,2010-05-15,Boston
23.0,25000,1 years,8,,HR,Yes,2016-03-15,Seattle
48.0,74052,23 years,5,F,HR,Yes,2019-11-05,Austin
49.0,73283,27 years,7,Male,Marketing,No,,Seattle
23.0,25000,1 years,3,Male,HR,N,2020-09-04,New York
39.0,25000,12 years,1,Male,HR,No,2016-10-16,Boston
47.0,86219,27 years,7,Male,HR,No,2021-09-22,Austin
32.0,36204,7 years,1,Female,,N,2018-06-20,
39.0,45273,13 years,2,Male,Marketing,N,2019-10-30,New York
36.0,44576,10 years,3,Female,HR,Y,2015-11-10,Seattle
32.0,69138,9 years,9,F,Engineering,Yes,2011-01-07,Boston
32.0,25000,10 years,2,Male,Sales,Y,2012-08-01,
47.0,33347,23 years,1,Female,,No,2022-09-14,Boston
18.0,25799,0 years,2,Female,Marketing,Y,2015-11-28,
47.0,36756,20 years,6,F,HR,Yes,2016-11-29,Seattle
18.0,44969,0 years,4,Female,Sales,Y,2018-12-28,
19.0,31257,0 years,7,,Sales,Y,2011-07-08,Austin
37.0,71168,17 years,9,Female,HR,Yes,2019-04-11,Boston
26.0,26389,0 years,2,Female,Marketing,,2010-11-30,Seattle
40.0,55692,12 years,4,F,Engineering,,2013-02-20,
37.0,47573,12 years,7,,Sales,Yes,2010-09-02,Boston
51.0,78796,28 years,9,Female,Marketing,,2022-09-28,Boston
25.0,25673,3 years,10,,Marketing,,,New York
20.0,25000,0 years,7,F,Marketing,Yes,2018-12-01,
19.0,25000,0 years,9,M,,,,Boston
,72613,8 years,8,M,,Yes,2013-02-22,Seattle
37.0,34155,9 years,1,F,HR,Y,2013-01-29,Austin
42.0,61847,13 years,7,,HR,Yes,,Boston
41.0,62378,17 years,10,Male,HR,N,2013-07-18,New York
48.0,60249,29 years,5,,HR,Yes,2011-11-18,New York
25.0,25000,7 years,8,,HR,Yes,2013-04-07,
19.0,60416,0 years,8,M,,Yes,2013-08-20,New York
48.0,37230,25 years,1,Female,HR,Yes,2013-06-14,Austin
34.0,67599,10 years,7,Male,Sales,Yes,2016-10-02,New York
29.0,63931,2 years,3,Female,,,,New York
35.0,47946,11 years,6,,,N,2013-08-06,Seattle
26.0,50819,2 years,6,,,No,2021-04-05,Austin
49.0,65123,25 years,4,Female,Engineering,Y,2014-02-11,New York
39.0,48816,14 years,4,Male,Sales,,2012-02-14,Austin
35.0,63680,10 years,10,,HR,Yes,2011-07-09,Seattle
42.0,69262,17 years,3,,,,2018-04-09,Austin
37.0,29605,15 years,2,F,HR,No,2019-05-05,New York
23.0,25000,2 years,3,Male,HR,,2019-09-21,Seattle
41.0,29584,17 years,10,Male,,No,2010-08-25,New York
46.0,72941,27 years,3,Female,Sales,,2012-05-03,New York
43.0,71893,21 years,3,M,Sales,Yes,2020-01-25,
51.0,57900,29 years,2,M,HR,Yes,2014-04-04,Seattle
33.0,26114,16 years,3,Male,Sales,Yes,2012-10-04,Boston
37.0,32065,12 years,10,Female,,Yes,,Boston
36.0,46707,13 years,8,Male,HR,Y,,Boston
47.0,66695,22 years,8,Male,Marketing,,2011-07-25,New York
31.0,39766,9 years,5,Female,Marketing,N,2021-03-01,New York
24.0,41430,0 years,1,Male,Marketing,No,2012-04-07,
22.0,25000,0 years,2,,Engineering,Y,2021-08-06,Boston
48.0,66562,24 years,4,,HR,Y,2012-09-21,Boston
,44278,9 years,4,F,,,2014-06-19,Boston
30.0,54147,7 years,6,,,Y,2016-12-17,Seattle
39.0,44621,18 years,1,Female,Marketing,,2015-08-03,Boston
18.0,33261,0 years,3,Male,Engineering,No,2023-01-22,Boston
50.0,80427,25 years,8,Female,Sales,Yes,2013-05-07,
38.0,59971,18 years,5,F,Marketing,,2017-09-26,
23.0,25000,0 years,5,,HR,Yes,2014-10-25,Seattle
33.0,47960,15 years,4,M,HR,Yes,2022-04-14,New York
41.0,28533,21 years,1,Female,Sales,,2011-02-15,Austin
25.0,25349,5 years,8,F,Marketing,,,Austin
35.0,59318,9 years,3,Female,Marketing,,,Seattle
33.0,36249,11 years,6,Male,HR,Y,2018-08-04,New York
35.0,44186,13 years,3,,Marketing,No,2011-04-05,
46.0,52797,28 years,9,,Engineering,Yes,2012-03-03,Austin
32.0,66094,12 years,10,Female,HR,Y,2015-10-03,
33.0,50789,10 years,8,,Sales,No,2013-01-19,
34.0,27693,12 years,6,,Engineering,No,2016-01-12,
39.0,35000,23 years,6,Male,,No,2013-07-17,Boston
21.0,41491,1 years,8,Female,Marketing,No,2012-09-26,Austin
47.0,65892,23 years,10,Male,,Yes,2021-03-23,Boston
21.0,27677,4 years,3,,HR,N,,Boston
38.0,62902,13 years,1,M,Sales,,2012-12-13,New York
33.0,25000,9 years,7,Female,Engineering,Yes,2019-05-01,New York
24.0,43094,1 years,9,Female,HR,Yes,2017-09-16,Seattle
44.0,71446,20 years,8,M,,Y,,New York
28.0,36289,2 years,7,,,Y,2017-07-12,
21.0,26091,1 years,10,,,Y,2018-05-19,New York
42.0,34310,18 years,4,M,,Y,2019-12-19,New York
53.0,63578,33 years,6,Male,Sales,Yes,,Austin
61.0,76394,36 years,4,Female,Marketing,Yes,,New York
35.0,27021,13 years,3,M,,Y,2020-03-19,Boston
30.0,68518,11 years,10,F,Marketing,N,2021-08-23,Seattle
60.0,84732,34 years,2,,HR,,2019-01-22,
26.0,32597,6 years,3,,,No,2019-09-24,Seattle
25.0,31601,4 years,10,,HR,Y,,Boston
53.0,52329,35 years,5,Male,HR,Y,2012-11-10,New York
47.0,71570,22 years,8,Female,Sales,Y,2011-10-07,New York
58.0,57576,36 years,3,Male,Marketing,Yes,2010-07-11,Seattle
32.0,25000,11 years,1,,Sales,,2014-07-26,Seattle
29.0,34477,7 years,10,Female,,Yes,2014-10-29,
20.0,32240,0 years,1,Female,Sales,Y,2015-05-23,New York
26.0,32136,4 years,5,,Marketing,Y,2023-04-14,
33.0,25000,7 years,7,Female,,No,2017-05-05,
44.0,53039,22 years,9,M,,N,,New York
34.0,45863,14 years,5,Male,Engineering,,,Boston
51.0,78488,25 years,7,Male,Marketing,No,2013-07-15,Seattle
38.0,97798,22 years,7,Male,Engineering,No,2022-05-19,Austin
55.0,74528,35 years,3,Female,Engineering,Yes,2012-01-10,New York
36.0,28369,15 years,8,Male,Sales,No,2018-12-27,Seattle
37.0,56742,18 years,2,,,,2016-06-20,Boston
33.0,78281,8 years,3,Male,Sales,N,2021-04-23,Austin
29.0,30788,3 years,8,Female,Engineering,N,,
18.0,39940,0 years,9,Female,Engineering,Y,2017-08-04,
41.0,57235,18 years,7,M,Engineering,Yes,2014-11-16,
30.0,39001,5 years,5,F,,,2020-12-12,Seattle
33.0,36162,10 years,8,F,Marketing,Yes,,
30.0,25282,10 years,2,Female,HR,Yes,2016-04-15,Austin
60.0,88832,38 years,5,Male,,Y,2020-08-29,Austin
30.0,27968,8 years,2,,HR,,2014-08-24,Austin
33.0,52583,10 years,2,M,Sales,Yes,2015-07-13,New York
49.0,82887,28 years,8,M,Marketing,Y,2014-01-06,Seattle
35.0,41145,15 years,2,F,Sales,,2023-03-29,New York
37.0,38808,12 years,7,M,Engineering,Y,2018-11-06,
30.0,47142,10 years,7,,Engineering,,,
40.0,25000,19 years,10,Female,Engineering,,2019-03-30,Boston
36.0,58453,11 years,10,F,HR,Y,,Austin
33.0,39855,12 years,3,F,HR,,2011-09-07,Boston
41.0,59658,22 years,8,Male,,No,2017-10-04,Seattle
37.0,28885,14 years,4,Female,Sales,Yes,2013-10-24,Austin
35.0,43206,18 years,7,Male,Marketing,No,2016-04-20,New York
35.0,67747,16 years,10,F,Engineering,N,2021-01-25,Seattle
33.0,44580,14 years,7,,,,2013-09-27,Boston
33.0,62688,11 years,8,Male,HR,Y,2014-10-17,Boston
46.0,38901,24 years,2,Female,Engineering,Yes,,Seattle
46.0,47165,25 years,6,Male,Sales,Yes,2013-10-08,
19.0,25000,0 years,10,Female,Marketing,Yes,2020-07-19,New York
48.0,81761,26 years,6,Female,Sales,Y,2013-03-24,
34.0,40483,11 years,5,Female,,Y,2012-11-13,
52.0,91429,22 years,4,Female,,N,2017-04-13,
35.0,48476,14 years,9,Male,,,2013-05-23,Seattle
45.0,44122,22 years,10,Male,Marketing,,2016-04-15,Seattle
30.0,27253,10 years,9,,HR,Y,2013-01-20,
36.0,34052,8 years,6,F,Engineering,,,Seattle
34.0,53063,6 years,7,F,Sales,Yes,2018-11-26,Boston
43.0,55281,23 years,10,Female,HR,N,,Boston
34.0,42394,10 years,10,M,,Yes,2022-06-29,Boston
47.0,58105,22 years,1,,,Y,2011-06-17,Seattle
33.0,71709,13 years,9,M,,No,2022-09-26,
32.0,32836,11 years,4,M,Sales,Yes,2023-11-29,Boston
31.0,36462,11 years,1,Male,HR,Yes,2014-01-15,Boston
46.0,57577,20 years,6,,Sales,Y,2010-10-28,New York
47.0,68353,22 years,9,Male,,,2018-10-06,
51.0,48295,34 years,2,,Marketing,Y,2019-02-22,Austin
32.0,36471,9 years,2,Female,Marketing,Y,2023-04-26,Boston
43.0,48157,19 years,4,F,Marketing,Yes,,Boston
28.0,35113,5 years,7,,HR,,2016-12-20,Seattle
35.0,36481,9 years,8,Female,Engineering,N,2017-05-05,Austin
40.0,39019,13 years,6,Male,Marketing,,2012-04-20,
65.0,77509,40 years,10,Male,HR,Y,2019-04-15,New York
,31249,3 years,4,Male,HR,Yes,2018-09-30,Boston
30.0,40296,10 years,5,,Sales,N,2012-09-25,Austin
32.0,39090,13 years,8,Female,Engineering,N,2023-05-07,Boston
18.0,38642,0 years,2,F,Marketing,Yes,2022-06-04,New York
44.0,62864,22 years,10,M,HR,Y,2014-08-26,New York
42.0,52874,23 years,6,Female,Engineering,Yes,2023-04-11,New York
42.0,45297,18 years,1,Male,HR,,2014-07-13,Seattle
22.0,36248,2 years,6,Male,Marketing,N,2017-03-10,
32.0,37710,17 years,6,M,Engineering,Yes,,
,70634,,9,Male,HR,Y,2015-01-22,New York
28.0,35258,10 years,6,M,Marketing,N,2018-01-06,Seattle
34.0,30580,13 years,9,,Sales,Yes,2010-05-15,New York
18.0,38084,0 years,7,,,Yes,2014-06-19,
27.0,37554,1 years,1,Male,,Yes,2012-02-02,Boston
23.0,29530,3 years,4,Female,Sales,Yes,2023-02-14,
31.0,44866,11 years,3,Female,,Yes,2016-02-13,New York
29.0,53323,5 years,2,F,Sales,,2021-01-10,
36.0,56992,17 years,9,M,Engineering,Y,2022-05-26,
36.0,37716,10 years,5,Female,HR,,2011-08-04,Seattle
37.0,62657,11 years,5,,Marketing,No,2010-09-16,Seattle
32.0,25000,10 years,1,M,Marketing,Y,2022-03-09,New York
37.0,25000,12 years,8,Male,Sales,No,,New York
28.0,36649,8 years,10,,Marketing,N,2016-03-14,New York
28.0,38131,3 years,1,F,Engineering,,2012-02-03,Boston
41.0,52886,13 years,6,F,Sales,No,2013-12-12,Seattle
31.0,25000,8 years,8,Female,Marketing,,,New York
51.0,88158,26 years,3,F,,,2016-01-08,
25.0,25000,2 years,9,Female,Sales,Yes,2014-02-22,
50.0,65773,25 years,9,Male,Engineering,,2019-04-13,Boston
40.0,69621,14 years,4,F,Marketing,Yes,2020-11-20,Seattle
32.0,46560,7 years,10,F,Engineering,,2022-10-26,Boston
40.0,38782,16 years,8,Male,HR,Y,2018-06-19,Austin
23.0,25000,0 years,9,,,,2020-01-04,Austin
39.0,48512,17 years,5,F,,No,2010-12-04,Seattle
29.0,25000,5 years,4,F,Sales,Yes,2017-11-24,Seattle
26.0,54897,,2,M,Engineering,,2021-07-07,
29.0,38369,2 years,1,F,,Y,2015-09-04,New York
25.0,49656,4 years,8,Female,Engineering,N,2022-12-07,New York
32.0,48652,9 years,4,M,Sales,No,2023-10-28,Boston
26.0,77718,2 years,4,M,,Yes,2015-12-06,Austin
31.0,25000,15 years,5,M,Marketing,Yes,2021-05-13,
42.0,48002,17 years,1,M,HR,Yes,,Austin
45.0,38551,17 years,3,Female,,Y,2022-05-31,
26.0,25000,7 years,6,,Engineering,Yes,2020-03-05,Austin
44.0,66983,24 years,1,Female,Marketing,N,2010-03-14,New York
29.0,44427,3 years,6,F,Marketing,Y,2020-01-28,Boston
42.0,37958,17 years,3,Female,HR,Y,2011-08-21,Seattle
39.0,76239,18 years,5,Female,Sales,Y,2010-03-20,
42.0,72614,25 years,5,Female,,Y,2016-10-03,Seattle
22.0,25000,0 years,6,Female,Engineering,N,,
34.0,25000,12 years,8,M,Sales,Yes,2018-06-05,
40.0,61885,20 years,4,Male,,Y,2020-11-10,Austin
35.0,34947,13 years,6,M,Engineering,Yes,2022-03-28,Austin
43.0,79819,23 years,5,Female,,Yes,,Boston
38.0,30001,,1,F,HR,No,2016-06-25,Boston
23.0,42192,0 years,1,Female,Engineering,No,2018-01-27,Austin
48.0,25000,,10,M,HR,,2022-05-20,New York
27.0,25502,,1,,HR,Y,2012-12-10,Austin
62.0,86072,38 years,7,Female,Marketing,No,2014-10-02,Austin
32.0,52782,11 years,7,Male,HR,,2023-03-05,Austin
43.0,62602,24 years,9,,HR,N,2014-01-17,Austin
28.0,38884,4 years,7,Female,HR,,2015-01-06,
34.0,45627,7 years,5,Female,Marketing,Y,2021-12-26,Austin
18.0,25000,0 years,3,Male,Marketing,Y,2014-11-20,
51.0,38717,31 years,9,Male,,,2013-05-20,
28.0,59558,0 years,2,F,Sales,N,2019-07-20,Austin
54.0,83868,36 years,8,Female,,Y,2011-03-10,Austin
43.0,55655,28 years,3,F,Sales,,2015-07-10,New York
49.0,46078,27 years,2,,,No,2015-05-26,Austin
46.0,78009,26 years,9,,HR,N,2015-04-15,
37.0,52979,16 years,1,Male,Sales,Yes,2011-03-06,Seattle
42.0,43670,24 years,3,,Marketing,No,2021-08-26,Austin
32.0,35767,14 years,3,Male,Engineering,N,2020-06-14,New York
38.0,46996,,6,M,HR,,2013-11-04,New York
36.0,63707,10 years,8,F,Marketing,,2023-11-20,Austin
27.0,40568,3 years,8,M,,Yes,2020-02-02,Boston
18.0,25000,2 years,1,Male,HR,Y,2012-09-09,
47.0,62909,23 years,6,M,,Yes,2014-10-26,Austin
28.0,33020,7 years,4,Female,Sales,Y,2014-01-06,
23.0,32468,5 years,2,F,Marketing,No,2013-06-17,Seattle
49.0,48796,26 years,7,Female,HR,N,2023-03-06,Boston
44.0,54371,20 years,3,Male,,Y,2012-03-30,
25.0,25000,3 years,1,,,No,2021-09-29,Seattle
32.0,25000,8 years,4,M,Engineering,Yes,2018-03-14,New York
47.0,39223,26 years,10,Female,Engineering,,2021-01-25,New York
40.0,40702,20 years,5,Female,,Y,2019-06-02,
45.0,53983,20 years,9,Male,Marketing,Yes,2010-03-01,
43.0,58698,21 years,8,,Engineering,N,2014-06-28,
30.0,25000,6 years,3,Male,HR,N,2020-08-22,New York
36.0,50826,10 years,7,M,Engineering,No,2013-09-03,
31.0,55930,12 years,4,Female,Marketing,Yes,2012-05-24,Boston
18.0,25000,0 years,6,Female,HR,Yes,2012-02-07,New York
37.0,50210,14 years,2,Male,Engineering,Yes,,
31.0,52013,13 years,6,F,Engineering,No,2022-09-17,Austin
36.0,38060,13 years,6,M,Sales,Y,2017-06-22,New York
30.0,35953,,5,F,Engineering,Yes,2014-01-02,Austin
46.0,40918,23 years,6,M,Engineering,,,
34.0,33656,10 years,5,M,HR,Y,2018-04-11,Seattle
40.0,55621,15 years,6,Female,Marketing,Yes,2019-11-29,
18.0,26762,0 years,3,,Sales,Yes,2020-12-16,New York
,44150,15 years,1,Female,Engineering,,2011-05-01,New York
42.0,64841,19 years,7,Male,HR,Yes,,
27.0,25000,7 years,9,Male,,Yes,2014-12-05,New York
37.0,46942,21 years,2,Male,Marketing,Y,2017-02-08,Austin
36.0,40094,18 years,10,Female,HR,Yes,2014-06-23,Austin
43.0,51927,25 years,2,Female,Engineering,Yes,2017-11-29,New York
38.0,44773,12 years,1,M,HR,Yes,2018-05-19,New York
28.0,53891,6 years,4,M,Sales,,,
34.0,48515,8 years,6,,,No,2013-08-01,
46.0,41746,18 years,3,Female,Engineering,Yes,2016-07-20,Boston
47.0,63068,28 years,2,Male,Engineering,Yes,2014-08-08,New York
20.0,43366,3 years,4,F,Marketing,,,Austin
43.0,49890,22 years,2,M,HR,Y,2017-06-05,Seattle
18.0,46456,0 years,9,Male,Marketing,No,2010-03-18,Austin
33.0,59874,9 years,1,Male,Marketing,Y,2015-07-10,
29.0,45920,5 years,10,F,Engineering,N,2016-01-16,Seattle
39.0,64043,14 years,6,Female,,No,2011-06-23,Austin
36.0,35384,12 years,4,Female,Marketing,No,2011-03-24,Austin
43.0,65814,23 years,9,F,Engineering,No,2016-09-10,Seattle
20.0,50773,0 years,6,Female,Sales,No,2020-05-14,Seattle
48.0,57096,31 years,5,Female,Engineering,N,2021-09-23,
21.0,25000,0 years,1,M,Marketing,Yes,,New York
19.0,25449,0 years,4,Male,Engineering,No,2012-05-06,
49.0,52195,25 years,10,Male,,No,2018-11-10,Seattle
32.0,62973,10 years,3,Female,Marketing,,2021-12-19,
31.0,25000,13 years,2,F,HR,No,2022-11-26,New York
38.0,40682,12 years,9,Male,Engineering,N,2013-04-12,Seattle
40.0,62931,21 years,9,Female,Engineering,Yes,2010-10-03,Seattle
33.0,31235,12 years,5,Female,Engineering,Y,2022-09-07,New York
34.0,33487,16 years,10,,Engineering,Yes,2013-05-06,
61.0,85895,40 years,4,Male,Marketing,Y,2018-11-15,Austin
18.0,34109,,4,Female,Marketing,Y,2015-11-22,New York
36.0,42787,8 years,4,Female,Marketing,,2019-06-11,Boston
22.0,37369,3 years,7,F,,,2010-06-12,Austin
34.0,25000,7 years,7,,,No,2017-05-31,Austin
31.0,59438,9 years,9,,HR,,,Austin
36.0,60913,,1,,Engineering,,,
61.0,82307,37 years,2,F,Engineering,No,2020-08-12,Boston
41.0,40225,14 years,9,F,,Y,2013-09-14,Austin
42.0,75929,20 years,6,Female,Engineering,N,2017-04-07,
28.0,58560,9 years,6,Male,Sales,N,2016-08-07,New York
38.0,65443,22 years,5,Female,Marketing,N,2013-04-10,Seattle
37.0,81140,18 years,9,,Marketing,Y,2019-01-23,New York
24.0,28739,4 years,7,Female,Engineering,Y,,Seattle
30.0,28130,6 years,7,M,Engineering,Yes,2017-07-30,Seattle
27.0,35297,7 years,1,M,Sales,,2017-08-16,Boston
49.0,74347,21 years,3,F,Marketing,No,2023-10-17,Austin
47.0,80135,21 years,1,Female,Engineering,N,2020-06-13,Austin
41.0,44708,11 years,3,,Marketing,No,2021-05-07,Boston
56.0,73771,35 years,7,Male,,Yes,,
38.0,36848,12 years,2,,,Yes,2020-10-13,Austin
25.0,32561,1 years,9,F,HR,,2012-10-13,Austin
21.0,25000,0 years,10,Male,HR,Yes,2022-08-23,New York
38.0,81982,20 years,10,,HR,Y,2016-12-23,New York
23.0,53953,0 years,8,Male,Engineering,,,New York
40.0,25000,,2,F,Engineering,,2018-11-25,New York
39.0,54248,17 years,5,M,Marketing,,,New York
26.0,25000,0 years,10,M,Marketing,No,2016-10-16,Austin
24.0,25000,0 years,3,Female,Sales,Y,2022-03-13,Seattle
34.0,34159,6 years,9,Male,,Yes,2017-04-25,Austin
29.0,56906,8 years,9,M,HR,,2018-03-29,Austin
52.0,70734,35 years,6,,HR,Yes,2013-01-04,Boston
42.0,56547,16 years,7,Female,HR,Yes,2012-01-12,Austin
43.0,54402,22 years,1,Female,Engineering,Y,2016-01-30,Boston
19.0,27276,0 years,2,Female,HR,Y,2012-11-29,Seattle
25.0,48988,0 years,10,,,,2023-03-02,
35.0,42282,12 years,9,Male,Sales,Y,2016-05-20,New York
31.0,64478,8 years,1,,,Yes,2020-07-25,Austin
25.0,47301,,6,,Marketing,,2018-01-07,Austin
20.0,55675,0 years,3,,Engineering,N,2013-06-22,Seattle
30.0,42495,2 years,8,,Sales,No,2016-09-26,Austin
45.0,50622,24 years,7,M,Engineering,N,2021-12-28,Boston
36.0,39464,13 years,1,Male,Engineering,Y,2011-11-28,
38.0,40326,20 years,1,Male,HR,Yes,2017-01-13,
30.0,29628,5 years,1,Male,Engineering,Yes,2019-02-16,Seattle
38.0,55026,11 years,3,Male,Engineering,Y,,Boston
28.0,25000,5 years,5,Male,Marketing,N,2017-03-11,Austin
39.0,48275,16 years,2,F,Engineering,,2013-03-06,Boston
39.0,36559,17 years,7,M,Sales,No,,Seattle
26.0,57879,7 years,2,,Marketing,N,2013-11-20,Boston
26.0,54134,5 years,1,Female,Engineering,Yes,2016-01-08,New York
42.0,54625,16 years,1,M,,No,2013-05-21,
41.0,62156,15 years,8,,Engineering,No,2019-12-30,Boston
40.0,33719,20 years,10,,HR,Yes,2022-04-17,Seattle
51.0,70207,31 years,2,,Engineering,,2016-11-05,Austin
41.0,25000,19 years,1,F,Engineering,N,2012-12-19,
51.0,67657,34 years,3,Female,HR,No,2010-08-30,Austin
20.0,43243,0 years,4,F,Marketing,N,,New York
26.0,28900,6 years,5,M,HR,,2013-04-01,Seattle
43.0,49655,20 years,3,M,Engineering,Y,2020-05-03,New York
18.0,25778,0 years,9,Male,Marketing,Yes,2012-11-10,Austin
18.0,53971,0 years,1,F,Sales,Y,2015-06-22,Boston
,58248,34 years,4,Male,Sales,Y,2019-12-30,Seattle
30.0,53776,1 years,2,Female,HR,Y,,Boston
29.0,54602,5 years,3,Male,HR,,,
34.0,33092,14 years,5,Female,Engineering,Y,2015-05-01,
35.0,57516,15 years,4,Female,,Y,,New York
32.0,76663,10 years,4,,,Y,2015-02-15,New York
38.0,58105,16 years,5,,Engineering,Y,2016-12-05,Boston
38.0,75259,16 years,6,Female,Engineering,,2014-06-17,
57.0,72798,35 years,10,Male,Sales,No,2010-01-09,Seattle
50.0,80853,28 years,1,F,,Y,2018-09-23,
40.0,37514,17 years,8,Male,Sales,,2012-10-14,New York
18.0,25000,0 years,10,M,Sales,Yes,,
26.0,39042,0 years,4,Male,Engineering,N,2013-02-12,
47.0,62117,23 years,8,Male,,No,,
23.0,45429,0 years,3,,Engineering,,2012-09-06,New York
37.0,56390,11 years,4,Male,Engineering,No,2016-10-23,Austin
18.0,38496,0 years,2,F,Sales,Yes,2022-10-02,Seattle
46.0,68507,19 years,7,F,Engineering,Yes,2019-04-05,Boston
42.0,29076,20 years,9,M,HR,Yes,2017-04-16,Boston
21.0,25000,0 years,10,Female,HR,No,2021-04-26,Seattle
29.0,25000,2 years,8,Female,Sales,Yes,,Austin
42.0,70179,22 years,7,Male,,,2022-07-01,Seattle
40.0,61245,17 years,7,F,,,2020-10-10,New York
23.0,65199,0 years,2,Female,Sales,Y,2020-09-18,Austin
58.0,63885,,3,,,,2017-09-27,Seattle
18.0,48194,0 years,6,Male,Marketing,Y,2014-04-29,Boston
31.0,25000,9 years,2,Female,,,2019-03-20,
28.0,25000,4 years,7,M,Sales,N,2019-04-02,Austin
49.0,51871,29 years,5,M,Engineering,Y,2011-12-13,Seattle
24.0,25000,2 years,8,M,HR,No,2016-01-16,Boston
18.0,25000,0 years,9,,Marketing,Yes,2011-03-12,Austin
34.0,72449,12 years,6,M,Engineering,Y,2018-09-07,Seattle
35.0,30812,14 years,9,Female,Sales,Yes,2022-08-01,Austin
39.0,36930,20 years,10,Female,Engineering,N,2023-05-30,
37.0,37296,17 years,9,F,,No,2018-02-10,Seattle
41.0,47307,19 years,4,Male,HR,Yes,2020-04-23,
40.0,47302,16 years,5,,HR,Yes,2010-08-11,
30.0,31276,13 years,4,M,HR,N,2018-04-07,Austin
27.0,45655,11 years,8,,HR,,2018-08-30,Seattle
50.0,41762,30 years,5,Male,,No,2017-02-14,Boston
18.0,61604,0 years,6,M,,Yes,2020-11-10,New York
42.0,76744,19 years,2,M,Sales,,2011-05-02,Austin
18.0,25000,0 years,3,Female,,Y,2015-06-15,Austin
46.0,63362,24 years,8,Male,,Y,,Austin
54.0,88745,34 years,3,Female,HR,Yes,2010-04-11,Austin
30.0,49432,7 years,9,M,Engineering,Yes,2023-03-24,New York
30.0,41918,9 years,3,F,Engineering,,2010-06-23,Boston
41.0,49307,21 years,10,Female,Sales,Y,,Seattle
30.0,39875,9 years,4,M,Engineering,Y,2020-03-22,Boston
38.0,51817,16 years,9,Male,,Y,2012-08-23,New York
45.0,58037,29 years,7,,Engineering,,2016-05-07,New York
38.0,64736,11 years,2,F,,N,2010-06-11,New York
37.0,49651,,6,Male,Engineering,N,2018-06-18,Seattle
25.0,30057,4 years,7,M,HR,Yes,,Boston
36.0,49544,21 years,3,,HR,No,2020-11-21,Seattle
26.0,36291,4 years,3,M,Marketing,No,2010-05-21,Seattle
53.0,78480,27 years,7,Female,HR,No,2014-01-16,Austin
41.0,56957,21 years,10,Female,HR,Y,2015-04-04,Austin
25.0,43592,5 years,6,Female,,Y,2022-08-18,Seattle
20.0,30183,3 years,1,Female,Marketing,Y,,Seattle
29.0,54046,5 years,10,Female,Marketing,Y,2016-09-25,Austin
28.0,53540,9 years,6,Male,Marketing,,2015-03-24,
29.0,25000,9 years,4,Female,Sales,Y,2017-12-21,Seattle
42.0,63092,22 years,6,Female,Marketing,Yes,,
18.0,28052,0 years,6,M,Sales,No,2011-05-06,Austin
,54450,,8,Male,HR,,2013-01-22,Boston
23.0,34497,2 years,10,F,,No,2016-06-09,
21.0,57522,1 years,6,F,HR,N,2012-11-05,Boston
40.0,49173,14 years,8,F,Sales,Y,2017-01-03,Austin
19.0,51979,0 years,8,Male,,Yes,2020-06-25,Boston
,41188,6 years,9,Male,,Yes,2013-03-19,
31.0,37735,15 years,10,Female,Marketing,Yes,2011-05-19,New York
27.0,34611,5 years,7,Female,Engineering,Yes,2023-06-15,New York
42.0,29799,16 years,10,F,,Yes,2018-11-30,Boston
43.0,46910,20 years,4,M,Engineering,Yes,2015-07-15,Boston
47.0,45212,27 years,8,F,Marketing,Yes,2018-07-21,Boston
33.0,36499,12 years,8,M,Sales,N,,New York
18.0,25000,0 years,10,,,No,2010-03-11,
33.0,36129,15 years,5,Female,HR,Yes,2011-09-11,New York
36.0,32212,13 years,1,Male,HR,Y,2021-10-17,Seattle
37.0,43578,9 years,10,Female,Marketing,Yes,2019-12-05,Boston
45.0,30993,24 years,2,Female,Engineering,Y,2022-01-24,Boston
28.0,52824,4 years,4,F,Sales,No,2016-10-31,New York
36.0,62182,18 years,9,Male,Engineering,Y,2018-02-12,New York
43.0,69512,21 years,8,,Engineering,Yes,2016-09-11,Austin
36.0,26145,13 years,5,Male,,No,2017-06-05,Austin
34.0,38797,15 years,4,Male,Engineering,,2020-08-04,Boston
46.0,42645,28 years,10,,Sales,N,2020-04-28,Austin
38.0,61596,18 years,3,Male,Engineering,No,,New York
37.0,57412,10 years,9,M,HR,N,2012-10-08,Seattle
35.0,42026,20 years,2,,Sales,Yes,2017-09-09,
39.0,36530,16 years,6,Female,Sales,No,2011-07-10,Austin
26.0,51113,2 years,3,,HR,Y,2012-05-09,New York
33.0,34855,13 years,2,M,Sales,Y,2016-06-05,New York
37.0,65462,19 years,9,F,,Yes,2012-01-30,Seattle
45.0,58727,20 years,1,Female,Marketing,Yes,2018-11-24,Boston
39.0,53721,13 years,1,Female,Marketing,Yes,2021-08-03,
36.0,67850,14 years,1,,HR,Y,2014-08-22,Seattle
47.0,33738,25 years,6,,Engineering,Yes,2021-05-31,
23.0,35185,4 years,4,F,Engineering,No,,
38.0,53592,16 years,4,Female,,N,2018-08-16,Boston
,64666,18 years,8,,,,2016-03-03,Austin
25.0,55148,0 years,8,Female,Sales,No,2022-08-06,Boston
42.0,61811,23 years,10,Female,HR,,2023-08-18,
35.0,35660,10 years,7,Female,Marketing,Yes,2022-05-03,Boston
28.0,43745,9 years,4,M,,Y,2018-08-18,Seattle
25.0,61556,0 years,1,M,,Yes,2023-06-20,Boston
36.0,35918,12 years,10,F,Sales,,,
59.0,50883,32 years,8,Female,Marketing,Yes,2014-09-08,Austin
32.0,54224,11 years,3,F,HR,Yes,2018-04-29,
44.0,47294,20 years,6,F,HR,,2023-03-10,
34.0,44344,15 years,9,Male,HR,,2011-08-31,Boston
52.0,40170,26 years,7,Male,HR,Yes,2018-06-28,Boston
65.0,73577,40 years,3,Female,,N,2012-03-18,Austin
53.0,36877,32 years,7,Female,HR,Y,2020-11-22,New York
23.0,25000,3 years,3,,Engineering,Y,2011-05-13,Seattle
48.0,85165,29 years,6,Female,Sales,Y,2023-09-29,Boston
32.0,46307,11 years,1,M,,Yes,2019-05-03,
45.0,67661,24 years,10,Female,Sales,Y,2010-06-06,Austin
43.0,68689,21 years,6,,Engineering,Y,2011-01-13,Seattle
42.0,77082,22 years,5,Male,HR,Yes,2019-05-24,Seattle
,56897,7 years,9,F,Marketing,Yes,2019-09-09,New York
23.0,45588,,5,M,,Y,2015-01-14,New York
22.0,50981,1 years,4,Female,,Y,2011-02-19,New York
26.0,29880,7 years,7,,HR,Yes,2013-11-07,Seattle
38.0,55063,14 years,7,Male,Marketing,Y,2015-07-08,Austin
39.0,25000,15 years,7,,Marketing,Yes,2019-04-05,
32.0,62982,12 years,1,F,Marketing,Yes,2018-12-07,Boston
35.0,31392,9 years,3,Female,Engineering,Y,2012-05-14,Boston
23.0,25000,1 years,6,,Sales,Y,2012-03-17,Boston
26.0,49187,,5,Female,Engineering,Yes,2015-12-09,New York
37.0,40285,16 years,1,F,Engineering,N,2019-11-03,Seattle
25.0,41601,0 years,10,M,Engineering,Yes,2012-08-10,Boston
31.0,33696,7 years,4,Male,Engineering,Yes,2022-11-20,Boston
35.0,38010,13 years,3,M,,Y,2016-11-18,Boston
43.0,36001,19 years,4,M,Marketing,Yes,2016-09-25,Seattle
18.0,38319,0 years,9,M,Sales,Yes,2022-11-29,Boston
38.0,49262,16 years,6,Male,,N,2010-02-17,Seattle
43.0,47631,15 years,1,F,Sales,Y,2018-09-09,Austin
37.0,43652,14 years,5,M,Engineering,No,2019-06-10,Seattle
29.0,27682,2 years,4,Female,HR,,2022-09-26,
25.0,34556,5 years,8,F,Sales,Yes,2013-11-16,Seattle
41.0,49844,18 years,1,,,Yes,2013-12-08,Boston
,70269,24 years,10,,Marketing,No,2012-03-11,New York
31.0,25000,9 years,7,F,,Yes,2017-02-05,
43.0,60932,26 years,1,Female,,N,2012-10-25,New York
34.0,69635,7 years,4,M,Marketing,Yes,2010-12-22,New York
30.0,67840,6 years,7,Male,Engineering,Yes,2011-02-18,Austin
34.0,95316,15 years,6,F,Sales,Yes,2015-05-15,Seattle
44.0,73743,18 years,2,Male,Sales,Yes,2010-10-17,New York
31.0,25891,6 years,7,Male,HR,Y,2023-01-09,Seattle
42.0,56567,18 years,10,,HR,Yes,2016-06-12,Seattle
25.0,33320,0 years,7,,Sales,No,2019-11-12,
29.0,63202,8 years,9,F,HR,Yes,2014-11-21,New York
24.0,44685,0 years,7,M,Engineering,Y,2017-04-06,Seattle
37.0,41902,13 years,8,F,Sales,Yes,2011-05-15,New York
18.0,25000,0 years,9,Male,HR,,2016-02-13,
39.0,29897,14 years,5,Male,Sales,Y,2015-08-07,Boston
30.0,49673,12 years,2,M,Engineering,Yes,2013-04-09,New York
32.0,30834,3 years,8,F,Engineering,Y,2010-05-29,Austin
31.0,47073,7 years,6,,HR,Yes,2013-04-24,Austin
44.0,63602,21 years,4,Male,HR,,2012-12-21,Boston
55.0,52519,34 years,10,Female,Sales,,2016-02-20,Austin
,40256,,8,,Engineering,Yes,2016-06-30,New York
38.0,69110,14 years,10,Male,,,2014-09-27,Austin
,41233,29 years,3,Female,,N,2013-05-12,Seattle
40.0,52288,20 years,2,M,Marketing,No,2016-11-07,Austin
28.0,63314,5 years,6,Male,Sales,N,2011-09-07,
18.0,25000,0 years,10,,Marketing,Y,2010-09-01,
42.0,58989,14 years,10,Male,Sales,Yes,2012-10-08,New York
22.0,67938,1 years,2,,HR,,2010-06-09,New York
21.0,54832,2 years,6,Male,Marketing,Y,2020-05-25,Austin
19.0,26192,0 years,3,,,Yes,2021-07-09,Boston
36.0,62917,14 years,6,M,HR,Y,2016-06-22,Seattle
28.0,48869,5 years,2,M,,Yes,2017-01-23,Seattle
35.0,25000,17 years,1,M,Engineering,Y,2020-07-18,New York
30.0,40542,11 years,3,Male,Engineering,Yes,2010-06-02,Seattle
32.0,25643,10 years,7,M,Sales,Yes,,
41.0,61509,12 years,7,Male,Marketing,Yes,2019-07-21,Seattle
33.0,48628,9 years,8,M,Marketing,Yes,2019-03-27,
32.0,43201,9 years,3,M,Sales,Yes,2017-08-24,
36.0,41070,14 years,3,,Sales,Yes,2015-01-03,Boston
28.0,51958,6 years,9,F,Sales,Yes,2020-10-11,Boston
49.0,54749,27 years,2,Female,,Y,2017-09-23,Seattle
34.0,38937,12 years,4,Male,HR,Yes,,
39.0,52114,18 years,10,Male,Marketing,No,2021-10-23,Seattle
39.0,61757,17 years,9,Male,Engineering,Y,2019-07-01,Austin
35.0,42169,16 years,7,Male,,N,2014-05-22,Boston
38.0,49977,15 years,2,M,Sales,,2021-12-08,
35.0,48483,15 years,7,F,,Y,2013-04-10,Seattle
26.0,49590,2 years,3,Male,HR,Yes,2011-09-22,Boston
18.0,25000,0 years,2,M,Sales,Y,2022-12-24,Austin
30.0,25000,,6,Female,HR,Y,2020-05-20,Seattle
34.0,40773,9 years,4,Male,Engineering,,2011-04-18,
20.0,67955,0 years,7,Male,Engineering,No,2015-07-22,Austin
44.0,57071,18 years,4,Male,Marketing,,2012-01-18,Seattle
33.0,42226,9 years,2,Female,HR,Yes,2011-02-03,New York
39.0,63436,13 years,8,M,HR,,2012-12-09,Seattle
41.0,52058,18 years,3,,Engineering,Yes,2011-12-27,Boston
21.0,25473,0 years,2,Male,Marketing,N,2017-01-15,
41.0,39380,26 years,1,F,HR,Yes,2022-12-21,Seattle
24.0,35596,0 years,3,Male,Engineering,Yes,2019-02-15,
47.0,36016,21 years,5,,HR,,2021-10-01,Boston
30.0,57908,7 years,1,F,,Y,2012-09-20,
58.0,72550,38 years,1,Male,Sales,,2023-08-28,Seattle
35.0,51358,13 years,4,Male,HR,Yes,2014-05-12,New York
27.0,34820,6 years,10,Female,Marketing,No,2010-03-28,
41.0,36372,17 years,9,Male,Engineering,Yes,2012-03-17,Austin
33.0,25376,15 years,9,F,Marketing,No,2017-01-28,Austin
23.0,25000,5 years,9,M,Sales,No,2012-12-23,New York
24.0,26352,6 years,10,Female,HR,Y,,Austin
65.0,82507,40 years,6,Female,Marketing,Yes,2019-07-23,New York
18.0,27840,0 years,8,Male,Engineering,Y,2022-06-20,New York
23.0,43755,0 years,4,M,Marketing,,,Boston
33.0,68101,12 years,8,,Marketing,,2010-09-13,Seattle
31.0,57503,4 years,9,F,Marketing,,,Boston
31.0,57420,8 years,9,F,Sales,Y,,Austin
37.0,62634,13 years,9,Female,Engineering,No,2021-09-08,New York
48.0,83209,22 years,3,,Engineering,Y,2013-07-13,New York
20.0,37340,0 years,4,Female,Engineering,N,2021-07-06,
41.0,82560,19 years,10,Female,Sales,N,2018-02-21,Austin
36.0,58615,14 years,5,M,Engineering,Yes,2020-02-13,New York
50.0,80240,32 years,4,Male,,,2015-06-24,Boston
20.0,49832,0 years,6,M,HR,Yes,,Boston
48.0,85324,24 years,1,Male,HR,Y,2016-01-20,New York
47.0,65423,26 years,10,Male,Engineering,Yes,2018-01-16,Austin
40.0,32278,18 years,5,Male,Sales,No,2018-04-20,Boston
41.0,61312,19 years,4,M,Marketing,Yes,2012-02-21,Seattle
53.0,63043,33 years,9,Male,Engineering,Yes,2010-07-10,Austin
41.0,53802,17 years,3,Male,,Yes,2012-01-08,
41.0,40001,,10,M,,No,2011-11-27,New York
34.0,26307,10 years,1,Male,Sales,Y,2021-05-17,
40.0,51224,17 years,1,,,Yes,2015-08-06,
42.0,75221,18 years,5,,HR,N,2015-10-23,Seattle
40.0,49755,12 years,3,F,Engineering,Y,2020-12-16,
25.0,45236,5 years,8,,,No,2021-08-09,
18.0,45836,0 years,7,M,HR,Yes,2016-09-06,
18.0,25000,0 years,10,Female,HR,Yes,2019-10-30,New York
52.0,87848,25 years,5,F,Sales,Y,,New York
44.0,40410,21 years,2,F,Marketing,Y,2018-02-08,
18.0,25000,0 years,9,Female,,No,2016-08-14,Austin
28.0,56957,4 years,6,M,HR,No,2013-07-31,Seattle
28.0,63267,9 years,7,,Sales,No,2012-08-05,Boston
47.0,78743,27 years,5,F,HR,Y,2023-03-08,Seattle
44.0,29195,24 years,3,Male,HR,,2018-06-06,
46.0,88772,25 years,7,M,Engineering,Y,2010-04-14,
43.0,63581,,7,M,,Yes,2022-11-07,Boston
29.0,49120,6 years,10,M,,Y,2023-01-23,Boston
33.0,30510,10 years,9,M,,Y,2020-04-24,Seattle
46.0,46627,,10,Female,HR,,2019-05-19,
58.0,75028,35 years,10,M,HR,,,Austin
30.0,37093,7 years,10,Female,Sales,Yes,2016-02-04,New York
34.0,40717,17 years,7,,Sales,,2021-08-26,Boston
37.0,49932,15 years,9,Male,,,2011-03-19,New York
,72308,21 years,3,M,Engineering,Yes,,Boston
26.0,31661,8 years,8,Male,HR,Y,2017-03-24,Austin
44.0,50436,19 years,5,F,HR,Yes,2022-09-21,Austin
23.0,39518,2 years,2,Male,Sales,Y,2023-08-14,Seattle
36.0,51475,15 years,2,Female,,Yes,2014-07-15,New York
20.0,29780,0 years,1,Male,Sales,No,2010-01-11,Boston
46.0,69860,,10,,Sales,Y,2016-12-01,Seattle
49.0,60629,28 years,5,F,HR,Y,2021-05-05,Boston
41.0,40353,20 years,7,Male,Engineering,No,2021-04-09,Seattle
33.0,54543,9 years,1,Male,Marketing,No,2015-03-14,
42.0,33408,26 years,8,M,Marketing,Y,2013-01-06,Austin
43.0,62163,21 years,7,Male,,Y,2014-06-20,Austin
42.0,25000,17 years,5,Male,Engineering,Yes,2022-11-25,Austin
52.0,56300,29 years,2,Male,Sales,Y,,Seattle
36.0,57182,11 years,5,Male,Marketing,,2021-08-28,Boston
55.0,65907,28 years,4,,,Yes,2021-10-02,Seattle
46.0,57914,23 years,6,Female,Sales,Y,2023-11-02,New York
29.0,50757,12 years,10,F,HR,Yes,2014-02-15,
30.0,32975,7 years,5,F,HR,Yes,2011-08-28,Seattle
34.0,32739,13 years,1,,,Yes,2013-07-08,
57.0,76299,36 years,5,F,Sales,Yes,2015-05-18,Seattle
25.0,47429,3 years,5,Female,,Y,,New York
40.0,30284,20 years,7,Male,,Yes,2019-12-31,New York
26.0,53266,0 years,4,Female,Sales,,2014-11-10,New York
38.0,40801,14 years,7,Male,Engineering,Y,2010-04-12,New York
23.0,52977,0 years,7,,Engineering,Yes,2016-03-17,Austin
22.0,34325,0 years,8,M,,Y,,Austin
45.0,46742,27 years,2,F,Sales,Y,2012-10-30,Boston
24.0,39386,0 years,3,F,Marketing,Yes,2016-09-16,
32.0,25000,,9,Male,Sales,Y,,
43.0,37618,23 years,10,Male,Sales,No,2020-12-27,Seattle
45.0,48767,21 years,1,Female,HR,Yes,2010-10-30,New York
52.0,56867,24 years,2,,Sales,Y,2017-08-16,
38.0,48248,22 years,5,F,Engineering,Yes,2012-11-17,Seattle
18.0,33607,0 years,4,Male,Sales,Yes,,Boston
32.0,63009,7 years,6,,Sales,No,2011-06-03,Austin
37.0,55432,12 years,7,M,,Y,2012-08-13,Seattle
35.0,26634,14 years,3,,Engineering,,2020-04-26,Seattle
,25000,1 years,8,,Engineering,Y,,Austin
42.0,39944,19 years,10,F,Marketing,Yes,2014-04-30,Austin
42.0,79251,23 years,10,,Marketing,,2021-12-05,Boston
41.0,52763,13 years,8,F,Engineering,Yes,2019-01-18,New York
18.0,25000,,2,,Engineering,,2021-12-20,Boston
18.0,38797,0 years,5,Male,Sales,,2018-06-26,Seattle
28.0,82705,10 years,6,Male,Sales,Yes,2022-07-23,
18.0,25000,0 years,1,Female,Sales,Y,2014-03-09,
29.0,27330,6 years,3,Female,Engineering,Y,,New York
33.0,37546,8 years,8,,Sales,Yes,2016-05-26,Boston
57.0,60233,39 years,10,M,Engineering,,2017-07-20,Seattle
44.0,70303,23 years,8,,Engineering,N,2013-01-05,Boston
40.0,63332,20 years,10,F,Sales,,2011-03-03,New York
36.0,45088,14 years,10,F,,,2012-08-04,Boston
26.0,33059,5 years,4,Female,Engineering,N,2020-12-01,New York
47.0,45713,28 years,1,Male,Sales,No,2021-03-19,Seattle
40.0,40605,19 years,4,Male,Marketing,Y,2018-07-19,Boston
32.0,56511,12 years,4,Female,Sales,Yes,2011-02-11,
24.0,49985,0 years,9,Female,Engineering,Yes,2011-01-20,New York
50.0,74816,21 years,9,Female,Marketing,Yes,2021-06-07,
18.0,42324,0 years,9,M,Engineering,Yes,2023-04-04,Seattle
52.0,81025,34 years,6,F,Engineering,Yes,2010-02-08,Austin
23.0,25000,0 years,5,Female,,,2010-06-29,Seattle
19.0,51479,0 years,6,M,Marketing,Y,2020-07-10,Austin
18.0,25000,0 years,3,M,Marketing,Yes,2022-05-09,
43.0,44631,15 years,3,M,,,2019-07-26,Seattle
31.0,50587,5 years,1,Female,,Yes,2013-09-28,Seattle
29.0,59307,8 years,5,Male,HR,Yes,2023-04-28,Austin
20.0,26301,0 years,8,Male,Marketing,Y,2014-04-27,New York
49.0,59499,25 years,2,M,Sales,No,2018-10-25,Seattle
21.0,41822,0 years,3,F,Sales,Y,2010-09-15,New York
18.0,25000,0 years,4,Female,HR,Yes,2016-09-26,
42.0,50269,14 years,2,Male,Sales,,,
42.0,60373,18 years,6,F,Sales,,2014-12-25,Seattle
39.0,42129,19 years,6,Male,HR,Yes,2014-09-15,
55.0,81940,32 years,1,M,Marketing,Yes,2019-10-26,Seattle
29.0,25000,1 years,3,Female,Engineering,,2016-04-23,New York
50.0,77912,26 years,4,Female,HR,No,2014-01-28,Austin
21.0,32427,0 years,2,M,Sales,Yes,2014-10-13,Seattle
36.0,45273,11 years,10,Male,HR,Yes,2019-02-01,Austin
41.0,36722,17 years,5,Female,HR,Yes,2014-03-07,Seattle
22.0,27006,0 years,3,M,Sales,Y,2017-10-15,
18.0,46029,0 years,6,M,Marketing,Y,2013-04-10,New York
31.0,38628,12 years,2,M,Marketing,N,2021-04-26,Seattle
38.0,69856,11 years,3,Female,Engineering,No,2011-04-04,Austin
31.0,25000,9 years,3,,HR,,2020-08-25,Boston
51.0,25000,33 years,2,M,Sales,Y,2020-03-16,Seattle
34.0,39384,7 years,8,,Sales,Yes,2010-08-28,New York
44.0,71799,,4,,Engineering,Y,2023-04-14,Seattle
48.0,57918,23 years,7,F,HR,Yes,2021-04-23,Seattle
26.0,25000,2 years,10,,Marketing,Y,2014-04-05,Boston
49.0,67650,27 years,4,F,,Yes,2018-07-07,Boston
25.0,30872,0 years,10,Male,Sales,No,2023-02-07,Austin
42.0,68932,21 years,10,,Engineering,Yes,2016-07-19,New York
33.0,55035,9 years,9,Male,Sales,,2010-07-09,Seattle
28.0,39431,3 years,3,Male,Engineering,Y,2015-04-06,Austin
34.0,49225,7 years,2,Female,Engineering,No,2023-08-24,Austin
39.0,25000,16 years,5,Male,Sales,N,,Boston
44.0,69121,19 years,1,,Sales,Y,2014-04-20,Austin
33.0,27193,10 years,6,Female,HR,Yes,2018-05-03,
31.0,25000,5 years,3,M,Sales,Yes,2021-02-01,
33.0,30788,16 years,2,M,Marketing,No,2020-12-13,New York
32.0,56814,8 years,10,Female,Marketing,Yes,2018-02-06,New York
29.0,100134,6 years,4,Male,HR,,2021-06-15,Austin
22.0,40893,0 years,2,M,Marketing,Yes,2014-12-12,Boston
35.0,25000,15 years,6,Male,Sales,,2020-04-22,Austin
18.0,33978,0 years,9,Male,HR,,2015-05-28,
38.0,44434,13 years,4,F,Engineering,,2010-05-13,
25.0,41609,5 years,9,F,HR,Y,,Boston
40.0,60991,21 years,3,F,Marketing,Yes,,Austin
22.0,36565,0 years,2,M,Sales,Yes,2018-02-15,Seattle
19.0,41591,0 years,4,Male,HR,,,Seattle
29.0,39370,2 years,4,F,Engineering,Yes,2010-06-24,New York
29.0,54872,9 years,4,M,,N,2019-05-06,Austin
33.0,30044,,6,,,Yes,2020-10-31,New York
27.0,33623,8 years,7,F,Marketing,,2020-11-01,Boston
39.0,37465,22 years,3,,HR,Y,2023-11-25,Austin
34.0,52501,10 years,7,F,,Yes,2013-09-10,Seattle
47.0,62682,21 years,9,,HR,Y,2011-12-09,Boston
44.0,66164,20 years,9,M,Sales,Yes,2022-09-22,New York
49.0,68242,30 years,5,F,HR,Y,2011-07-11,New York
34.0,33747,12 years,3,M,,Y,2020-11-04,New York
36.0,27190,12 years,2,F,HR,Y,2019-10-21,Austin
30.0,61760,6 years,4,Male,Sales,No,2014-02-09,Austin
28.0,65142,3 years,5,Female,Sales,N,2020-03-08,
,78998,26 years,9,Male,Marketing,No,2012-12-07,Seattle
32.0,56741,7 years,10,F,,Yes,2013-12-03,Austin
26.0,41783,1 years,1,,HR,,,New York
32.0,31078,12 years,6,Female,Marketing,Yes,2019-07-31,Austin
46.0,66755,24 years,4,M,Sales,Y,2015-04-18,Boston
43.0,74365,20 years,5,Female,,,2010-10-11,Austin
45.0,81302,23 years,4,M,Marketing,N,2018-07-16,New York
32.0,45511,8 years,1,F,Engineering,Yes,2010-06-06,Boston
40.0,49847,18 years,2,M,,Yes,2018-08-13,Boston
41.0,71795,19 years,10,Male,,No,2021-02-17,New York
35.0,57947,12 years,7,,HR,,2022-09-05,Austin
42.0,58351,24 years,8,Male,,Y,2023-11-22,Boston
34.0,25000,15 years,10,,HR,No,2023-06-13,Boston
28.0,66564,5 years,10,Female,Marketing,Yes,2011-05-13,Austin
30.0,46032,8 years,8,M,Engineering,Y,2012-04-22,New York
31.0,38711,4 years,2,,Marketing,Yes,2012-02-21,Seattle
41.0,40158,21 years,2,Female,HR,No,2016-09-19,Austin
29.0,25000,8 years,8,Male,Marketing,Y,2023-03-07,New York
37.0,36560,21 years,3,F,HR,Y,,Boston
40.0,34667,17 years,2,,,,2012-02-21,New York
35.0,50016,11 years,6,F,,,2013-07-14,Seattle
36.0,50107,14 years,10,Female,HR,,2020-09-02,Boston
33.0,57475,12 years,8,M,Engineering,Yes,2019-08-25,New York
18.0,63876,0 years,6,Male,,Yes,2013-01-29,Seattle
18.0,25000,0 years,9,F,Sales,No,2015-07-30,
37.0,27578,10 years,3,,Sales,No,2020-01-29,Boston
34.0,67328,14 years,9,Male,,,,Seattle
33.0,44330,16 years,9,Female,Marketing,No,2010-01-10,New York
42.0,77843,19 years,2,,,Y,2016-05-04,Seattle
33.0,55313,6 years,7,F,Sales,Y,2013-02-05,Seattle
43.0,74407,19 years,6,Female,,No,2021-02-16,Austin
46.0,42123,21 years,6,Male,HR,N,2012-01-29,Seattle
38.0,48949,19 years,6,Female,Sales,,2012-11-04,Seattle
40.0,25000,22 years,8,,,Y,2015-07-12,Seattle
37.0,25000,13 years,2,F,,Y,2015-06-09,Seattle
27.0,43117,1 years,6,Female,,Yes,2020-07-18,Seattle
26.0,32442,0 years,10,Male,Marketing,No,2013-05-23,New York
49.0,38655,26 years,1,,Sales,No,2019-01-04,Austin
28.0,25000,3 years,6,Female,Engineering,No,2018-02-15,Seattle
35.0,54396,8 years,7,Female,HR,Y,2023-01-12,Seattle
24.0,33192,0 years,7,Female,Marketing,Yes,2017-01-20,
27.0,47926,10 years,9,,HR,Y,2012-12-07,Seattle
24.0,26470,4 years,8,,Sales,Yes,2015-06-08,Austin
29.0,61026,9 years,7,Female,Marketing,Yes,2016-09-11,Boston
35.0,57636,13 years,7,Female,Sales,Yes,2015-08-27,Austin
49.0,62805,27 years,1,Male,Sales,Y,,Austin
52.0,99104,33 years,7,,HR,,2010-03-30,Boston
40.0,53930,12 years,7,Female,Engineering,Y,2022-09-07,
,35927,21 years,7,Female,Sales,Y,2023-07-04,Boston
23.0,61120,0 years,8,Male,Sales,Y,2020-08-03,
44.0,46729,23 years,1,,Marketing,Y,2023-10-26,Seattle
45.0,61359,25 years,3,Female,Marketing,Yes,2023-06-13,Seattle
32.0,25000,7 years,10,,Sales,Y,2021-03-04,Boston
31.0,59684,8 years,5,F,Engineering,,2019-01-05,Boston
29.0,25000,10 years,4,Female,Sales,Y,2016-02-29,
27.0,64146,5 years,9,F,Sales,,2019-11-09,Austin
43.0,88049,17 years,1,,Engineering,Y,2013-07-04,Seattle
22.0,31674,3 years,9,Male,Marketing,,2023-04-01,Seattle
18.0,46126,0 years,9,F,HR,Yes,2019-05-06,Seattle
36.0,94070,8 years,5,Female,,Y,2020-11-29,Boston
25.0,72976,1 years,7,F,Sales,,2018-01-25,New York
35.0,51541,13 years,4,M,Marketing,Yes,,Boston
18.0,25000,0 years,2,,HR,Y,2010-01-14,Austin
23.0,30017,3 years,8,,Marketing,No,2022-09-08,Boston
28.0,28435,5 years,3,Male,Marketing,,2022-08-25,
53.0,62590,,5,Female,,,2012-10-15,Seattle
35.0,98433,14 years,7,F,Engineering,Yes,2023-05-12,Boston
36.0,71415,11 years,1,M,Marketing,Yes,,Seattle
41.0,45514,15 years,8,,Marketing,,2022-04-02,Seattle
37.0,25000,11 years,2,F,,Y,2023-07-20,Austin
32.0,54427,9 years,8,,HR,,2021-04-26,Austin
20.0,63759,1 years,5,M,HR,Yes,2022-08-03,Austin
29.0,43170,8 years,1,M,,No,2015-01-25,
43.0,59395,17 years,6,Female,Engineering,Yes,2019-05-27,New York
37.0,48272,7 years,10,Male,Sales,Yes,2020-08-12,New York
18.0,51154,0 years,4,F,Marketing,,2016-05-12,
42.0,48299,20 years,6,F,Sales,Yes,2015-02-27,Boston
38.0,41432,12 years,10,,HR,No,2011-12-30,Boston
24.0,43338,1 years,9,,Engineering,Yes,2014-01-21,Austin
30.0,25054,9 years,6,,Engineering,Y,2014-02-19,
36.0,40331,13 years,7,F,Sales,N,2019-10-11,Seattle
37.0,37115,17 years,10,Male,HR,Y,2019-06-28,
19.0,51279,0 years,4,M,HR,No,2017-10-11,Seattle
43.0,63643,20 years,3,F,Sales,Y,2022-07-08,
37.0,47089,18 years,2,Male,Engineering,,2015-11-09,Seattle
35.0,25000,13 years,8,Female,,Yes,,Boston
36.0,59430,15 years,3,Female,HR,Y,2015-05-24,New York
55.0,82072,34 years,2,M,,Yes,2015-05-30,Austin
31.0,51683,12 years,3,M,Engineering,No,2019-10-27,Seattle
21.0,55160,0 years,8,Male,Sales,Yes,2021-10-12,New York
34.0,25000,7 years,4,F,,No,2014-03-04,Boston
54.0,81850,34 years,7,Female,Engineering,Yes,2015-03-17,
36.0,51657,20 years,4,Female,Sales,N,2021-03-01,Seattle
,34902,0 years,10,,,Y,2022-08-12,Seattle
45.0,64877,21 years,7,F,HR,Y,2021-01-28,New York
50.0,67392,23 years,7,Female,Engineering,Yes,2013-01-31,New York
43.0,45023,24 years,2,,Sales,N,,Boston
28.0,51768,5 years,8,Male,Marketing,Yes,2016-10-15,Austin
28.0,43012,11 years,8,Male,,,2019-01-17,Austin
46.0,62928,23 years,1,F,,,2020-04-14,
44.0,51920,22 years,6,F,Sales,Y,2018-12-23,New York
44.0,64281,21 years,1,,Marketing,No,2019-02-09,Seattle
27.0,33747,2 years,1,,HR,Yes,,Boston
32.0,33050,11 years,4,,Sales,Y,2018-03-16,Boston
48.0,36341,23 years,10,,HR,Yes,2021-08-20,Austin
38.0,43835,12 years,5,Female,Marketing,,,Seattle
45.0,37674,20 years,4,Male,Sales,Yes,2018-11-09,Boston
34.0,33324,13 years,5,F,,Yes,2011-03-17,Austin
32.0,40798,11 years,10,Male,Engineering,Yes,2018-05-11,Seattle
34.0,42983,14 years,2,Male,HR,Y,2011-02-21,
31.0,40574,9 years,8,Female,HR,N,2018-08-18,New York
29.0,45865,6 years,5,Male,Sales,Yes,2020-02-01,Seattle
38.0,45274,20 years,6,Male,,Y,2021-01-08,Austin
39.0,71514,18 years,3,,HR,,2017-07-29,
41.0,49186,21 years,3,F,Engineering,No,2011-09-02,Seattle
30.0,47205,2 years,6,,HR,No,2011-05-25,New York
46.0,46267,,10,Female,Marketing,,,Boston
37.0,38605,15 years,1,,,No,2021-12-29,
38.0,54949,15 years,10,F,Marketing,,2019-04-15,New York
18.0,25487,0 years,7,Female,,No,2023-12-03,
25.0,25000,6 years,8,Female,,,2016-02-05,New York
38.0,65430,18 years,3,Male,Engineering,No,2023-03-16,New York
39.0,45331,16 years,10,Male,Marketing,Yes,2018-06-30,
,28521,0 years,10,,Sales,,2011-09-18,Seattle
41.0,78356,17 years,3,,HR,Y,2018-06-19,Austin
28.0,26938,6 years,10,Male,HR,No,2017-06-11,Austin
25.0,57073,3 years,1,Male,Engineering,Yes,2010-11-25,Austin
22.0,48075,0 years,6,M,Sales,Yes,2023-06-30,
,41735,13 years,2,Male,Sales,N,2013-11-30,Boston
44.0,80680,18 years,8,Male,Sales,Y,2018-04-16,Austin
47.0,53719,25 years,7,F,,No,2012-07-22,Boston
40.0,25678,18 years,1,,HR,Yes,2020-05-26,
40.0,25000,17 years,1,F,Engineering,No,2019-03-04,Boston
19.0,25000,0 years,4,Male,Sales,,2017-01-14,
31.0,38485,10 years,2,,Sales,,2010-06-20,New York
29.0,31733,7 years,6,Female,,Yes,2019-04-15,Austin
38.0,45246,14 years,1,M,Marketing,No,2020-07-11,
21.0,25449,0 years,3,F,Engineering,Y,2011-11-02,New York
45.0,45734,22 years,8,Male,Engineering,,2020-11-02,
45.0,49610,27 years,6,F,HR,,2019-05-26,Seattle
22.0,44491,0 years,10,Female,Engineering,Y,2013-01-15,Austin
32.0,35179,12 years,8,Male,,,2021-04-28,Boston
37.0,53410,14 years,1,,,N,2011-11-22,Boston
30.0,60490,8 years,4,Female,Engineering,No,2017-09-17,
33.0,43393,14 years,7,Male,,Yes,2022-07-30,Boston
43.0,50266,24 years,10,,HR,Yes,2022-03-03,
25.0,42357,11 years,1,F,Engineering,No,2017-10-28,Austin
23.0,55817,0 years,10,M,Marketing,,2015-02-07,Boston
28.0,33171,7 years,5,,HR,,2011-10-19,Seattle
27.0,45461,7 years,9,Male,Marketing,Yes,,Boston
37.0,67883,13 years,3,M,HR,Yes,,Austin
,33952,14 years,8,Female,Sales,No,2013-12-26,Austin
24.0,69125,2 years,8,Male,Engineering,,,Seattle
35.0,58194,,9,F,Engineering,Y,2020-05-25,Seattle
47.0,52755,29 years,7,M,Marketing,Y,2012-12-06,Seattle
36.0,55327,11 years,1,Female,Engineering,,2023-01-10,Seattle
50.0,51147,24 years,8,Female,Marketing,Yes,2013-03-07,
52.0,45349,30 years,10,F,Sales,No,2012-04-14,Boston
44.0,56591,27 years,3,F,Sales,Yes,2023-01-02,New York
31.0,33770,10 years,2,F,,Yes,2015-10-14,Boston
42.0,53529,20 years,3,Male,,N,2015-08-14,
35.0,44142,16 years,8,Female,Marketing,N,2017-04-03,
34.0,42967,14 years,2,Male,,N,2019-11-03,Seattle
40.0,46808,20 years,6,M,Sales,Y,2012-05-14,
45.0,64722,19 years,10,,Sales,Yes,2021-01-22,New York
19.0,31715,0 years,10,Female,,Yes,2010-04-15,Boston
34.0,51166,16 years,3,,Marketing,Yes,2015-06-21,Boston
56.0,58929,32 years,2,Male,HR,No,2021-05-21,Seattle
42.0,83699,21 years,2,Male,Marketing,,,Seattle
36.0,25000,13 years,1,Male,,,2012-01-17,Austin
31.0,36598,6 years,6,Male,Marketing,Y,2012-05-25,Boston
22.0,32995,0 years,8,Male,Sales,,2023-09-22,Austin
30.0,64075,7 years,3,Female,Engineering,No,2016-03-16,
34.0,43460,14 years,3,Female,Sales,,2014-11-21,Austin
45.0,53872,21 years,6,,HR,Y,2010-04-26,Austin
49.0,71330,28 years,10,Male,Engineering,,2019-11-29,
51.0,74994,31 years,3,Female,HR,Yes,,
42.0,54226,20 years,7,F,,No,2016-02-18,Boston
31.0,44461,15 years,1,Female,,,2013-03-12,Boston
39.0,91470,18 years,2,Male,Marketing,,2022-03-03,
38.0,46575,11 years,4,Male,Engineering,No,2012-10-14,Austin
28.0,50866,8 years,3,Female,Sales,N,2011-04-06,Seattle
34.0,31306,8 years,1,M,,Yes,2022-01-26,
30.0,46216,5 years,9,F,Engineering,,2018-04-26,Boston
32.0,25000,10 years,5,M,Sales,Yes,2017-09-15,New York
39.0,66413,17 years,10,,Marketing,Y,2012-04-06,
31.0,48072,10 years,5,Female,Sales,,2013-05-27,New York
,80133,18 years,3,F,,Y,2023-01-22,Boston
45.0,56762,24 years,4,,,Yes,2022-08-11,New York
34.0,63080,11 years,4,Female,HR,Yes,2018-05-05,Boston
46.0,52419,22 years,5,Male,Sales,Yes,2022-01-22,Austin
51.0,74925,27 years,5,Male,Sales,Yes,,Boston
32.0,51286,10 years,8,M,Marketing,,2019-04-28,
35.0,42767,15 years,2,F,,N,2022-07-25,Seattle
31.0,49967,16 years,6,F,Marketing,Y,2018-07-23,New York
43.0,25000,23 years,6,,Marketing,,2022-11-29,Boston
18.0,32223,0 years,4,,Marketing,No,,
40.0,46986,19 years,8,,Sales,Y,2019-05-13,Boston
38.0,30926,12 years,10,Male,,No,2019-09-24,Boston
41.0,50714,16 years,1,Female,Marketing,Yes,,Austin
28.0,46032,9 years,5,,Engineering,,2018-12-23,
34.0,59010,16 years,9,M,HR,No,2015-09-12,New York
45.0,36009,24 years,3,Male,Marketing,,2017-07-13,New York
25.0,59383,0 years,3,Female,Marketing,Yes,2015-10-20,Boston
35.0,29553,10 years,9,Male,HR,Yes,2020-12-24,Austin
24.0,48387,1 years,5,,Sales,Yes,2016-09-21,New York
48.0,66226,30 years,7,M,Sales,Yes,2020-02-26,New York
24.0,45018,0 years,6,Male,HR,N,2021-08-05,Boston
46.0,71621,26 years,4,Male,,Y,2015-12-18,
39.0,48773,14 years,3,Male,HR,,,Seattle
26.0,46095,0 years,10,Male,Marketing,Yes,2022-01-05,New York
26.0,36380,4 years,5,,Marketing,Yes,2011-09-21,Seattle
25.0,36336,7 years,7,M,Marketing,Yes,2023-02-19,Austin
31.0,40593,11 years,2,M,HR,,,Seattle
27.0,25000,,7,M,Engineering,Yes,2021-10-04,Austin
39.0,37323,18 years,10,M,HR,,2015-03-29,Seattle
18.0,40701,0 years,7,M,Engineering,No,2019-04-29,Seattle
39.0,52666,14 years,5,Female,HR,Yes,2015-12-04,New York
46.0,57294,23 years,2,Male,HR,Y,2014-08-08,New York
18.0,25000,0 years,5,M,Marketing,Y,2018-07-10,Austin
46.0,61633,25 years,8,,HR,Yes,2010-03-23,
18.0,32949,0 years,9,Male,,,2023-12-07,New York
37.0,46792,15 years,3,Female,,,2012-03-28,Austin
26.0,40193,0 years,10,M,,Y,2021-05-19,Seattle
38.0,34950,16 years,7,Female,Engineering,Y,,Seattle
36.0,38024,14 years,1,Male,HR,N,2015-12-14,New York
25.0,35814,0 years,4,M,Sales,N,2022-04-16,Seattle
34.0,36556,16 years,7,Male,Marketing,N,2016-10-11,Seattle
22.0,30223,2 years,5,Male,Sales,,2023-12-05,New York
26.0,25000,12 years,7,Male,Marketing,Yes,2017-08-23,
44.0,57734,19 years,7,Female,Sales,,2023-01-17,Austin
27.0,40762,2 years,1,Female,Engineering,Y,2020-03-04,
32.0,52854,3 years,3,Female,Sales,,2017-02-04,
21.0,29457,0 years,9,Male,Marketing,,2012-10-11,Austin
30.0,61502,9 years,8,M,Sales,,2013-12-05,Seattle
33.0,25000,10 years,7,Male,Engineering,No,2012-09-22,
36.0,33143,15 years,4,Female,Engineering,,2015-08-18,
32.0,25000,7 years,5,Male,Sales,,2023-12-24,Seattle
27.0,30826,3 years,6,Female,,No,2010-11-03,Seattle
47.0,51657,26 years,8,M,HR,No,,
21.0,36568,0 years,7,F,Marketing,Y,2022-03-20,New York
34.0,46739,13 years,8,,Marketing,Y,2020-02-28,Seattle
28.0,25879,6 years,9,,Sales,No,2022-05-06,New York
37.0,40579,11 years,8,Female,,N,2010-12-17,Seattle
52.0,69303,31 years,8,Female,,Yes,2020-07-10,Seattle
21.0,25000,0 years,4,F,Marketing,Yes,,New York
38.0,25000,19 years,9,Female,HR,Yes,2019-08-16,Boston
45.0,57625,25 years,1,M,Marketing,,2017-11-04,Seattle
30.0,25000,6 years,9,,Sales,Yes,2016-10-19,Boston
30.0,45312,9 years,7,Female,Engineering,N,2018-09-26,Seattle
47.0,48980,22 years,10,F,HR,Yes,2017-02-25,Austin
37.0,57057,16 years,6,Male,Engineering,Y,2016-10-01,Austin
42.0,70631,21 years,1,Female,,Yes,2021-10-17,Austin
23.0,27500,0 years,6,,Engineering,,2011-06-27,New York
19.0,25000,0 years,3,M,,Y,2022-06-13,New York
46.0,61939,16 years,10,Male,Marketing,Yes,2019-10-14,New York
31.0,42976,9 years,2,F,,,2017-12-08,Austin
27.0,25000,3 years,2,,Engineering,Yes,2017-07-04,Seattle
18.0,29944,0 years,5,Female,Engineering,No,2017-08-15,
36.0,68133,9 years,6,Male,Marketing,No,,
30.0,69213,5 years,7,,Engineering,Yes,2014-12-15,Seattle
32.0,51078,7 years,3,,Marketing,Yes,2017-05-10,New York
50.0,55832,30 years,6,F,Engineering,,2020-09-05,Seattle
28.0,32387,5 years,3,Female,,No,2013-05-31,New York
31.0,41590,11 years,2,Male,Marketing,,2022-04-14,
34.0,25000,12 years,5,Female,Sales,Yes,2022-11-11,New York
26.0,32415,2 years,8,M,Marketing,No,2011-07-15,
31.0,63668,6 years,9,Female,Engineering,No,2019-09-23,New York
45.0,75858,27 years,1,F,Marketing,Yes,2015-12-18,Seattle
45.0,76598,19 years,3,M,Engineering,,2021-10-22,
34.0,30741,12 years,10,F,Engineering,N,,Boston
,46069,8 years,2,,HR,Yes,2014-03-21,Boston
22.0,25000,1 years,9,M,HR,Yes,2017-03-19,
35.0,28987,10 years,3,Male,Marketing,Yes,2016-10-05,Austin
33.0,36913,9 years,4,F,Sales,Yes,2019-05-09,New York
33.0,44378,12 years,5,,Engineering,No,2013-06-08,Seattle
18.0,35944,0 years,4,Female,HR,Y,2021-04-07,
46.0,54223,24 years,6,M,HR,Yes,2021-10-22,Seattle
24.0,45018,0 years,6,Male,HR,N,2021-08-05,Boston
30.0,47824,10 years,4,Male,Marketing,Yes,2011-02-18,Boston
31.0,42900,,5,,Marketing,Yes,2022-02-15,New York
36.0,40424,,10,,Sales,Yes,2018-05-24,
19.0,38810,0 years,10,Female,Marketing,N,,Boston
35.0,76102,12 years,2,M,HR,N,2018-11-15,Boston
29.0,36078,7 years,4,M,Engineering,N,2016-04-03,New York
25.0,28162,8 years,8,Female,Engineering,Yes,2023-05-16,Austin
30.0,46113,7 years,5,F,,Yes,2015-04-07,Boston
37.0,68494,17 years,2,,,Yes,2022-03-29,Austin
53.0,68578,25 years,3,Female,Engineering,,2015-06-11,Austin
23.0,50377,0 years,6,Male,Engineering,Yes,2023-09-26,Boston
18.0,28033,0 years,9,,Marketing,,2010-12-28,Austin
30.0,40629,2 years,4,,Sales,No,2012-03-11,Austin
18.0,57761,0 years,2,Female,Sales,N,2021-06-05,
35.0,36330,15 years,2,Female,Engineering,,2017-06-25,Seattle
50.0,45271,28 years,1,M,Sales,N,2019-10-02,Seattle
31.0,25000,7 years,2,M,Sales,,2018-03-15,
24.0,41378,0 years,8,M,Engineering,Y,,
18.0,32568,4 years,1,M,HR,N,2019-01-25,
37.0,42732,9 years,6,Male,,No,2014-09-11,Seattle
50.0,63453,24 years,4,Male,Engineering,Y,2017-02-07,Austin
46.0,66658,24 years,10,Female,Sales,Yes,2015-12-27,Boston
49.0,68580,24 years,6,Female,Marketing,No,2014-05-14,
31.0,35430,7 years,3,Female,Marketing,,2023-12-05,Boston
30.0,28761,7 years,8,Male,Engineering,,2021-08-06,Austin
34.0,45000,7 years,4,Male,Engineering,N,2012-04-28,New York
36.0,62946,15 years,6,F,Engineering,,2023-06-16,Boston
44.0,63347,24 years,1,Male,Marketing,,2017-10-26,
34.0,37724,5 years,5,,HR,,2020-04-10,Austin
23.0,25000,2 years,8,F,Engineering,,2011-05-07,Boston
19.0,26995,0 years,3,F,Sales,,2011-03-25,Boston
21.0,47494,0 years,2,Male,HR,Y,2013-09-18,Boston
42.0,47937,22 years,4,M,Sales,,2012-04-14,Boston
46.0,64597,23 years,5,Male,Engineering,Yes,2019-10-27,New York
24.0,39668,0 years,5,Male,Engineering,Yes,2013-12-04,Seattle
24.0,60013,0 years,8,M,Marketing,N,2010-01-18,Austin
45.0,42519,23 years,2,F,HR,Yes,2020-12-21,Austin
35.0,40795,10 years,10,,Engineering,Y,2021-12-26,Seattle
35.0,50294,13 years,7,M,,No,,
56.0,63716,37 years,4,Male,HR,Yes,2021-11-13,
18.0,30098,0 years,7,Female,HR,N,2015-10-08,New York
46.0,45879,21 years,1,Male,HR,No,2016-07-09,Boston
47.0,75579,20 years,10,,Marketing,No,2021-11-17,
50.0,54153,26 years,3,F,Engineering,Yes,2020-04-13,Boston
30.0,32551,11 years,5,Female,HR,N,2011-09-06,Austin
39.0,45955,18 years,1,Male,Marketing,Y,,Seattle
35.0,46132,13 years,6,Female,,No,2018-03-01,
46.0,69195,25 years,6,M,Engineering,,2022-01-12,Boston
30.0,59584,7 years,5,Male,Marketing,Yes,2021-10-14,
29.0,35894,5 years,10,F,,Yes,2023-06-02,
41.0,53598,20 years,1,,HR,Yes,2021-11-06,Boston
20.0,33488,0 years,1,,Sales,Y,2014-06-27,New York
65.0,48221,40 years,1,Male,Engineering,Y,2020-07-18,Seattle
33.0,56033,8 years,9,,Engineering,N,2023-06-16,
36.0,48001,12 years,9,M,Marketing,Y,2015-07-02,
44.0,47972,22 years,9,Male,Marketing,Yes,2018-10-29,New York
48.0,41883,24 years,4,Female,Engineering,Y,2018-05-05,
40.0,46944,26 years,6,,HR,N,2013-05-20,Seattle
40.0,36039,17 years,2,,HR,Yes,,New York
30.0,35423,13 years,5,Male,Marketing,Y,2015-03-23,Austin
32.0,40540,11 years,8,F,Marketing,,2016-07-31,
52.0,72020,31 years,8,Female,Engineering,Y,2014-12-18,Austin
18.0,34807,0 years,5,Male,Marketing,Y,2014-07-23,Austin
39.0,57774,17 years,1,Female,HR,N,2012-09-04,
44.0,69511,21 years,10,Male,Marketing,Yes,2015-12-15,Seattle
40.0,42769,14 years,5,M,HR,Yes,2013-04-27,Boston
32.0,28254,11 years,9,Male,Sales,N,2022-04-21,Seattle
46.0,65755,23 years,4,,Engineering,Y,2018-01-29,Seattle
19.0,34753,0 years,9,Male,Marketing,Yes,2015-05-28,Austin
62.0,64924,40 years,1,,HR,No,2017-09-15,New York
21.0,33462,0 years,10,M,Marketing,,2021-12-16,Boston
36.0,34315,7 years,8,,Engineering,Y,2012-02-09,Boston
45.0,63784,20 years,1,F,,Yes,,Seattle
27.0,34166,3 years,3,M,Engineering,Yes,2022-12-31,
25.0,56256,0 years,1,M,HR,No,2019-12-18,Seattle
18.0,49439,0 years,8,F,,,2015-08-26,
36.0,54569,16 years,7,,Marketing,N,2010-02-24,Austin
23.0,25000,2 years,1,Male,Sales,No,2011-03-31,Austin
23.0,39914,0 years,9,Male,HR,No,2011-11-19,
35.0,37682,8 years,10,Female,Engineering,Yes,2023-04-27,Seattle
33.0,27836,11 years,10,Male,Sales,Yes,,Austin
50.0,67469,25 years,3,F,Sales,Y,2015-07-06,
25.0,30322,8 years,8,Male,Engineering,No,2019-06-19,Seattle
45.0,63118,16 years,3,F,,Yes,2015-10-02,Boston
25.0,29858,0 years,8,M,Sales,Y,2014-04-07,New York
43.0,69843,14 years,9,Female,HR,Y,2022-06-16,Boston
48.0,72299,27 years,7,Female,HR,Y,,New York
36.0,37927,6 years,7,F,Engineering,Y,2021-09-06,Austin
36.0,29361,17 years,8,Female,Marketing,No,2018-03-02,Austin
46.0,65503,23 years,9,F,Marketing,No,2022-04-05,
45.0,50677,19 years,10,Male,Engineering,Yes,2015-02-19,Austin
34.0,30283,11 years,10,,Marketing,Y,2010-11-10,Austin
25.0,32777,4 years,2,Female,Sales,,2016-11-08,Boston
28.0,37142,9 years,3,F,Sales,Yes,2021-11-05,Seattle
42.0,38004,21 years,8,Female,Marketing,No,,Austin
37.0,76569,11 years,3,F,HR,,2012-08-20,New York
38.0,45015,15 years,2,,Marketing,Y,2013-12-05,Boston
18.0,25000,0 years,3,Female,Sales,,2015-05-04,New York
26.0,33069,3 years,6,Male,HR,Yes,2016-04-02,Boston
24.0,31090,5 years,3,Male,Engineering,Yes,2011-08-13,Boston
46.0,50104,23 years,7,Female,Sales,Yes,2011-07-04,Austin
32.0,46952,8 years,3,,Marketing,Yes,,
30.0,35873,,8,Male,,Yes,2021-10-09,Austin
39.0,56532,,1,Male,Engineering,N,2018-02-27,
29.0,38760,7 years,9,Male,Engineering,,2021-09-27,Boston
41.0,41247,20 years,10,,HR,,2015-12-01,Boston
45.0,58106,24 years,8,,Sales,No,2021-08-11,Boston
18.0,39093,0 years,10,Female,HR,Yes,,New York
33.0,53490,12 years,6,F,,No,2017-09-12,Seattle
21.0,46134,4 years,9,F,HR,No,2014-02-07,Austin
41.0,83333,18 years,6,Male,HR,No,2013-09-11,Seattle
,51890,15 years,7,Female,Engineering,Y,,Boston
34.0,60155,12 years,8,,Sales,Yes,2023-10-10,Boston
37.0,38427,12 years,9,Female,Marketing,Y,2010-03-23,New York
34.0,25000,8 years,9,F,Engineering,Yes,2015-10-02,Austin
19.0,60833,0 years,6,,Sales,Yes,2011-11-09,Seattle
30.0,40772,11 years,4,,Sales,Y,2023-04-19,
34.0,57721,20 years,1,Female,,,2018-03-12,
35.0,70965,11 years,8,M,HR,Yes,,Seattle
20.0,26693,2 years,3,Female,Sales,,2013-09-17,Seattle
34.0,50444,10 years,4,,,Yes,2010-08-26,New York
47.0,40125,27 years,8,M,Engineering,Yes,2012-03-21,Seattle
31.0,36077,10 years,8,,,N,,
31.0,40610,12 years,1,M,Sales,Y,2012-08-22,Boston
35.0,36517,9 years,6,Male,Marketing,Y,2012-11-20,Boston
50.0,48332,26 years,4,,HR,Yes,2010-12-16,Austin
35.0,25000,16 years,1,M,,Y,2023-05-30,Austin
21.0,29566,0 years,5,,Sales,Y,2023-10-02,New York
51.0,66377,32 years,9,M,HR,Yes,2016-12-31,Seattle
23.0,34445,2 years,6,M,,Y,2016-07-05,New York
31.0,47363,5 years,6,Male,Marketing,Yes,2020-09-03,
44.0,47132,23 years,5,M,HR,N,2018-01-15,
32.0,40794,12 years,5,F,Marketing,Yes,2010-05-03,Seattle
33.0,44904,7 years,5,,Sales,No,2013-04-11,Austin
42.0,59675,18 years,3,M,Engineering,Yes,2016-10-31,New York
54.0,89882,37 years,4,Male,Marketing,Y,2022-10-26,Seattle
23.0,25000,2 years,8,,Marketing,Yes,,Austin
37.0,33141,11 years,9,F,Sales,,2017-10-24,
30.0,62423,6 years,5,F,HR,No,,Seattle
42.0,80694,22 years,4,Male,Sales,Yes,2010-02-23,New York
32.0,25000,5 years,10,M,Sales,,2022-03-16,Boston
53.0,25000,34 years,7,M,Engineering,Yes,2014-02-15,
38.0,25000,15 years,4,Male,Engineering,Yes,2016-08-26,Boston
41.0,45267,13 years,5,Female,Sales,Y,2011-05-09,Boston
32.0,40380,11 years,4,Female,Sales,No,2023-06-01,Austin
58.0,60851,32 years,9,Male,HR,Yes,,Austin
41.0,53843,16 years,1,,HR,N,2020-05-24,Seattle
41.0,64928,15 years,7,Male,Sales,Yes,2022-07-06,New York
53.0,70401,30 years,8,Female,Sales,Y,2017-04-26,New York
49.0,25000,26 years,1,F,Engineering,,2013-02-23,Boston
47.0,56310,27 years,10,Female,,Yes,2019-12-01,Austin
30.0,37753,7 years,5,M,Engineering,Y,2012-12-23,Seattle
29.0,25000,9 years,4,,Engineering,No,2022-04-23,
18.0,25942,0 years,6,,Sales,Y,2020-07-01,Seattle
41.0,41709,17 years,5,,Sales,,,
36.0,68860,15 years,1,,HR,Yes,2017-09-28,
19.0,25000,0 years,3,Female,Marketing,,2016-04-11,Boston
26.0,37475,6 years,4,Male,Engineering,Yes,2017-05-21,Seattle
18.0,53032,0 years,9,M,Engineering,No,2020-12-24,Seattle
33.0,25000,8 years,5,Male,,Yes,2017-05-29,
25.0,25000,3 years,1,Male,HR,Y,2021-06-20,Boston
30.0,25000,6 years,6,F,Engineering,Y,,
23.0,42027,0 years,1,M,Engineering,Y,2012-12-01,Seattle
26.0,39233,4 years,8,Male,Sales,No,2018-12-04,Boston
59.0,63747,32 years,5,Male,Engineering,Yes,2020-08-16,Austin
30.0,63252,9 years,9,Female,Sales,Yes,2023-04-10,Boston
28.0,40658,4 years,5,F,HR,,2023-06-11,
47.0,90514,21 years,5,,HR,Y,2014-06-18,New York
41.0,64789,18 years,6,Female,,Yes,2010-05-09,Austin
40.0,72200,23 years,9,M,,,2012-12-25,New York
40.0,33356,20 years,5,M,Sales,No,2013-03-08,Austin
21.0,45742,0 years,7,Female,,,,Boston
40.0,44249,16 years,5,F,,,2021-08-01,Austin
40.0,68563,20 years,9,M,Sales,Yes,2011-11-30,New York
18.0,37294,0 years,4,Female,,,2022-04-05,
40.0,49261,20 years,3,Male,Engineering,Yes,2015-05-04,
34.0,46256,12 years,3,Female,Sales,Y,2020-04-18,New York
44.0,77173,,2,Female,Marketing,Yes,2012-01-01,Seattle
37.0,46432,,5,F,Sales,Yes,2020-09-03,
36.0,62245,7 years,1,Male,Engineering,,2021-02-27,
37.0,48532,13 years,8,,Marketing,,2011-06-19,New York
42.0,30483,22 years,9,Female,Marketing,,2019-02-07,New York
55.0,56974,30 years,9,,HR,Y,2022-03-10,
24.0,43557,0 years,4,Female,Sales,,2019-03-08,
33.0,61100,5 years,9,Male,Sales,Yes,2014-01-21,Boston
34.0,42365,11 years,10,,HR,N,2022-06-27,Boston
50.0,59821,25 years,9,Female,Engineering,,2017-09-29,New York
23.0,42387,3 years,1,F,Marketing,Yes,,
19.0,25000,0 years,1,Male,Engineering,Yes,2010-03-08,New York
65.0,50673,40 years,7,F,HR,N,2014-05-02,New York
37.0,63575,13 years,10,Male,Sales,,,Austin
43.0,39162,,2,Male,HR,,2017-06-24,
43.0,29970,19 years,5,Female,HR,Yes,2020-08-18,Boston
38.0,64503,17 years,5,Female,,Y,,Boston
44.0,35437,26 years,5,Female,Engineering,Yes,2020-05-18,Austin
28.0,32050,0 years,3,Female,HR,No,2017-09-23,New York
32.0,44509,6 years,1,M,HR,Yes,2016-01-09,
25.0,27031,10 years,2,M,,N,,
22.0,63453,0 years,2,Male,HR,Yes,2023-08-29,New York
25.0,28411,1 years,8,Female,,No,2014-04-10,Boston
33.0,48052,10 years,3,Male,Engineering,Yes,2019-08-18,Austin
32.0,35534,9 years,1,,,Y,2019-11-15,New York
39.0,63786,20 years,5,Female,HR,Yes,2019-03-10,Seattle
38.0,69406,18 years,9,F,Engineering,Yes,,Austin
31.0,41554,7 years,6,Female,Marketing,No,2010-05-26,Austin
38.0,29085,16 years,3,Male,Engineering,Y,2012-10-18,Seattle
24.0,43595,1 years,9,,,No,2018-01-03,
37.0,76516,15 years,9,,Sales,Y,2013-12-10,Seattle
49.0,59542,27 years,7,F,Engineering,No,2022-01-07,Seattle
44.0,69939,17 years,5,Male,Marketing,Yes,2013-09-14,
45.0,61919,20 years,9,F,Engineering,Y,2017-05-29,Boston
31.0,26259,10 years,9,,,Yes,2015-04-08,Seattle
39.0,53748,18 years,3,F,Marketing,Y,2021-11-19,
27.0,31312,9 years,6,Female,Sales,Yes,2019-05-03,Austin
39.0,69566,21 years,2,Female,Marketing,Y,2012-03-23,Boston
35.0,48596,16 years,6,Male,Marketing,,2015-05-09,
35.0,45926,18 years,4,F,Engineering,,2019-07-10,
34.0,48863,15 years,9,Female,HR,Yes,,Boston
52.0,35483,31 years,8,Male,Sales,No,2020-07-27,Austin
21.0,44143,4 years,7,Female,Engineering,Y,2012-07-14,Boston
47.0,65415,22 years,9,Female,Marketing,No,,Austin
37.0,40816,21 years,7,Female,Marketing,Yes,2014-06-30,Austin
37.0,27272,15 years,7,F,Sales,,2017-08-28,New York
,39562,18 years,3,Female,,N,2021-10-16,Boston
25.0,40638,1 years,8,F,,Yes,,Seattle
35.0,64428,15 years,1,F,Sales,Y,2023-08-16,
31.0,39952,6 years,4,F,HR,Yes,,Boston
42.0,25654,20 years,5,,Marketing,Yes,2023-05-18,Austin
37.0,44877,18 years,5,F,,N,2016-10-16,Seattle
35.0,56852,15 years,10,,Marketing,No,2014-10-23,Boston
44.0,71446,20 years,8,M,,Y,,New York
26.0,50567,4 years,3,M,Sales,Yes,2014-01-11,Boston
21.0,49661,0 years,6,M,Engineering,,2016-05-13,
18.0,25000,0 years,8,Male,Marketing,Y,2014-06-21,
27.0,40327,4 years,2,Male,Sales,Y,2020-03-25,Seattle
37.0,56777,16 years,2,Male,,Y,2014-10-09,Seattle
21.0,31676,1 years,8,M,,Yes,2011-01-26,
50.0,63655,28 years,3,Male,Sales,Y,2012-09-09,Boston
53.0,77059,29 years,5,Male,Sales,,2023-04-26,New York
25.0,46478,2 years,4,M,Marketing,,2015-06-16,Austin
28.0,25000,,7,F,Marketing,,2014-09-09,Boston
45.0,58350,23 years,10,Male,,No,2018-10-15,
29.0,41529,6 years,4,M,,Y,2022-11-16,New York
19.0,25000,0 years,10,F,HR,N,2011-12-26,Boston
41.0,68915,27 years,8,Male,Engineering,Yes,2015-01-10,Seattle
38.0,48119,13 years,10,Male,Sales,Yes,2017-11-20,Seattle
47.0,54162,19 years,8,F,Marketing,No,2013-02-26,Austin
18.0,30743,0 years,10,,Marketing,No,2019-12-03,Austin
38.0,53523,20 years,7,F,Marketing,Y,2022-02-05,New York
37.0,51797,11 years,8,Female,Marketing,Yes,2013-03-30,Boston
31.0,27590,10 years,5,M,,No,2017-02-20,Austin
54.0,63119,34 years,10,M,Marketing,Yes,2017-02-27,Seattle
43.0,66764,20 years,7,Female,,,2017-12-13,
32.0,72512,7 years,1,M,Marketing,Yes,2015-05-29,
34.0,58681,6 years,10,Female,Marketing,Yes,2013-10-08,Boston
36.0,62999,16 years,9,Female,Marketing,Y,2013-05-19,New York
26.0,57779,1 years,4,Male,Marketing,Y,2017-01-30,
35.0,25000,16 years,2,Female,Engineering,Y,2018-05-28,Austin
,46031,11 years,2,Male,Sales,Yes,2020-04-03,Seattle
39.0,43468,15 years,7,,Sales,Y,2020-01-01,New York
22.0,55800,1 years,5,Female,Engineering,No,2014-11-01,Seattle
56.0,81847,37 years,7,M,HR,Yes,2018-10-09,
24.0,51028,3 years,8,Male,Sales,Yes,2023-09-18,New York
26.0,68540,5 years,8,Female,HR,No,2020-01-30,Seattle
47.0,49627,23 years,6,M,Sales,Yes,2023-05-23,Seattle
28.0,31469,9 years,6,,Sales,Y,2019-11-13,Boston
24.0,47572,2 years,7,F,Sales,Yes,2013-07-16,New York
21.0,25000,0 years,1,M,,No,2023-10-29,Austin
51.0,69708,27 years,8,Female,,Y,2023-08-28,
51.0,90251,25 years,4,F,,Y,,
18.0,30481,0 years,3,Female,Engineering,N,2015-02-07,
30.0,56238,5 years,3,Male,Marketing,,2023-08-30,Seattle
46.0,67434,28 years,6,,Engineering,Yes,2014-07-04,Boston
44.0,69207,25 years,3,Male,Sales,No,2017-01-16,
34.0,25000,13 years,1,,Sales,Yes,2016-09-27,Boston
33.0,78485,11 years,10,,Marketing,Y,,New York
,31591,5 years,3,M,,Y,,Seattle
27.0,25000,4 years,9,Female,Sales,Y,,New York
,25000,2 years,5,Female,Marketing,Y,2010-08-30,New York
47.0,56165,23 years,8,Male,Marketing,,2017-07-27,New York
49.0,56197,28 years,3,M,HR,,2014-04-27,Austin
26.0,31543,8 years,5,Male,HR,Y,2016-04-24,Austin
35.0,46936,18 years,4,F,HR,Yes,2016-12-30,New York
27.0,42922,0 years,5,Female,Engineering,Y,2020-01-31,Austin
31.0,25000,10 years,2,M,Engineering,Y,2017-01-01,Seattle
18.0,25000,0 years,3,,,N,2014-08-28,Austin
35.0,72702,7 years,7,Female,Engineering,Y,2012-02-03,
41.0,43042,15 years,4,Female,,N,,Boston
42.0,46148,25 years,6,M,Sales,No,2022-07-05,Austin
18.0,66539,0 years,1,,HR,,2021-05-27,Austin
25.0,43967,2 years,5,F,Sales,Yes,2021-12-20,Austin
37.0,30569,17 years,6,,,Yes,2016-12-26,Seattle
29.0,49337,8 years,1,F,HR,Yes,2014-12-25,
20.0,55862,0 years,10,Male,Sales,Y,2012-03-16,Seattle
48.0,65357,22 years,4,F,Engineering,Y,2023-01-28,New York
44.0,50727,24 years,2,M,Sales,Y,,Seattle
43.0,76702,25 years,3,,HR,Y,2021-07-23,
35.0,65292,10 years,1,F,HR,No,2021-05-30,Seattle
18.0,39437,0 years,8,M,Sales,Y,2011-05-23,
38.0,39522,13 years,3,,Engineering,Yes,2022-02-11,Seattle
20.0,25000,0 years,2,Male,Sales,Y,2021-05-26,Austin
42.0,34734,23 years,4,Male,Sales,,2020-12-24,Austin
37.0,74939,13 years,7,F,Sales,Yes,2020-09-28,Austin
18.0,54005,0 years,10,F,Engineering,,2018-08-19,
26.0,43973,5 years,2,,,,2020-11-26,
45.0,55489,22 years,4,F,Marketing,,2018-11-17,Boston
55.0,82840,32 years,6,M,Engineering,Yes,2019-06-17,Seattle
60.0,79098,37 years,2,Male,Engineering,Y,2010-09-01,Austin
28.0,25000,8 years,3,Female,Engineering,,2018-06-18,
37.0,50369,13 years,3,F,HR,Yes,2016-06-15,Seattle
18.0,52621,0 years,10,Female,Marketing,Y,2010-02-01,Boston
31.0,69345,8 years,7,Female,Engineering,Y,2014-07-16,New York
38.0,52904,14 years,5,M,,Yes,2010-04-10,Seattle
47.0,52755,29 years,7,M,Marketing,Y,2012-12-06,Seattle
37.0,25000,12 years,2,Female,Sales,No,2019-11-19,Seattle
25.0,25000,7 years,6,Female,HR,N,2019-03-20,Boston
32.0,77599,11 years,3,Male,HR,Yes,2016-05-19,Boston
32.0,44329,9 years,4,Female,HR,Yes,2020-04-24,New York
34.0,51686,6 years,9,Female,Sales,N,,Austin
25.0,29338,0 years,5,Female,Marketing,,2017-06-08,Seattle
21.0,58839,2 years,6,Male,HR,Y,2019-07-07,Austin
18.0,25000,0 years,3,Male,Sales,Yes,2014-01-18,Austin
33.0,55117,9 years,1,Male,Marketing,N,2020-11-13,Seattle
31.0,59418,4 years,3,Male,HR,,2016-07-02,
43.0,50223,16 years,8,Male,Marketing,No,,Austin
41.0,53530,18 years,8,F,Marketing,,2014-05-02,New York
31.0,42739,6 years,3,F,Sales,No,2022-08-10,Boston
39.0,51088,11 years,4,Male,HR,Y,2012-01-01,Austin
25.0,47326,3 years,7,Male,HR,,2023-04-29,Austin
26.0,40854,3 years,6,F,HR,No,2022-05-25,
18.0,25000,0 years,8,Male,Sales,,2012-05-18,Austin
38.0,25000,19 years,6,Male,,Yes,2022-01-21,Seattle
33.0,55912,9 years,4,Male,Engineering,Yes,,Boston
56.0,73462,33 years,5,,Engineering,No,2018-05-16,Boston
29.0,77275,7 years,2,F,,Y,2013-09-30,New York
27.0,25000,4 years,7,M,Marketing,Y,2018-04-23,
50.0,77042,31 years,5,,Marketing,N,2022-05-20,Boston
22.0,46116,0 years,8,Male,HR,Y,2020-09-10,New York
32.0,27236,9 years,9,Male,Sales,Y,2011-08-30,Seattle
39.0,65189,18 years,8,,,Yes,2016-05-20,Seattle
44.0,59757,24 years,10,,Marketing,Yes,2021-07-23,Boston
40.0,64608,16 years,1,Female,Sales,,2021-05-07,New York
18.0,25000,0 years,6,Male,Marketing,Yes,2020-07-26,
46.0,77282,29 years,9,Female,HR,Yes,2018-07-27,New York
35.0,35056,10 years,3,Female,Marketing,No,2022-10-07,Seattle
42.0,30888,17 years,1,Female,Sales,Yes,,Seattle
28.0,75878,8 years,4,,,Yes,2017-09-29,Seattle
33.0,25000,12 years,4,Female,Engineering,Y,2012-01-27,Austin
49.0,36189,30 years,7,,Sales,,2010-08-25,Boston
38.0,51421,13 years,5,Female,,,2020-07-23,Seattle
29.0,38609,9 years,5,Male,Marketing,,2015-02-08,Austin
36.0,56869,19 years,8,M,HR,Y,,Austin
36.0,61259,8 years,5,Male,Engineering,No,2016-05-09,Boston
55.0,80139,30 years,8,Female,Marketing,Yes,2023-07-26,Seattle
36.0,27294,14 years,10,F,Engineering,Yes,2011-03-16,New York
43.0,47576,29 years,8,M,Marketing,Y,2020-02-29,Boston
31.0,58766,9 years,9,F,Engineering,No,2021-10-07,Seattle
22.0,42535,0 years,3,,Marketing,Yes,2020-07-09,Seattle
40.0,28038,18 years,6,Female,HR,N,2011-05-13,
46.0,59052,28 years,7,Male,,Y,2021-11-24,New York
25.0,25000,5 years,10,,Marketing,Yes,2021-06-22,New York
20.0,34805,0 years,1,Female,Sales,,2021-10-18,New York
22.0,57979,4 years,6,,Marketing,Y,2011-02-03,New York
30.0,38093,4 years,1,M,,,2010-12-17,New York
18.0,26297,0 years,4,Female,,No,2018-09-19,New York
36.0,61173,16 years,7,Female,Sales,,2020-01-31,
34.0,56157,18 years,2,Male,,Yes,2020-09-06,Austin
37.0,57142,15 years,9,Male,Marketing,No,2018-01-04,
,42611,13 years,10,F,Engineering,Yes,2016-02-13,Boston
53.0,82251,33 years,9,Male,HR,Yes,2010-11-29,Boston
43.0,38480,23 years,2,M,HR,Y,2013-03-30,Boston
53.0,74859,33 years,10,Male,Marketing,Yes,,Seattle
37.0,59060,15 years,10,M,Sales,Yes,2014-01-18,New York
37.0,43348,11 years,5,Male,Marketing,Y,2020-05-27,Boston
46.0,47410,23 years,8,,Engineering,Yes,2015-05-03,
33.0,43818,18 years,7,Female,Marketing,,2011-07-14,Boston
49.0,82778,27 years,7,F,Marketing,Y,2018-12-01,Seattle
40.0,26739,20 years,10,,Marketing,Yes,,
35.0,40648,15 years,7,,Marketing,Yes,2015-12-24,
38.0,69087,17 years,10,F,Marketing,N,2023-07-03,New York
18.0,28327,1 years,7,M,Sales,Yes,2018-01-22,Boston
32.0,42302,8 years,5,F,,Y,,New York
18.0,45749,0 years,7,Female,Sales,N,2016-09-07,Seattle
24.0,45815,3 years,3,Male,Sales,Yes,2011-04-05,New York
36.0,25000,10 years,2,M,Engineering,Y,2022-09-21,Boston
29.0,50248,11 years,6,M,Engineering,Yes,2018-09-30,New York
38.0,39088,15 years,4,F,Engineering,Yes,,New York
29.0,48635,8 years,4,F,,Yes,2020-09-04,Boston
30.0,42307,8 years,10,Male,Sales,Y,2021-07-20,Boston
40.0,49212,13 years,7,,HR,Y,2014-03-04,Seattle
30.0,49380,7 years,9,Male,Marketing,Yes,2011-12-14,Boston
30.0,52975,1 years,2,Female,HR,Yes,2012-02-01,New York
37.0,57246,13 years,4,M,Sales,Y,2017-08-29,Austin
41.0,69933,12 years,3,Female,Marketing,Y,2017-08-19,Seattle
39.0,26665,17 years,6,,HR,N,2014-04-12,
21.0,25000,0 years,4,F,Marketing,Y,2018-05-26,Seattle
32.0,64621,13 years,8,M,Sales,Yes,2013-05-26,Boston
43.0,60932,26 years,1,Female,,N,2012-10-25,New York
40.0,52589,17 years,1,Male,HR,Yes,2020-05-03,Seattle
40.0,44539,22 years,3,F,,,2013-07-13,
25.0,36300,0 years,8,M,,Y,2016-03-10,Austin
35.0,53283,18 years,4,Male,Sales,,2012-10-28,Boston
32.0,31371,11 years,10,,Sales,Yes,2011-11-19,Boston
43.0,32178,20 years,8,Female,,Yes,2017-12-08,New York
35.0,72239,14 years,9,Male,HR,Y,2020-07-01,New York
,25000,10 years,10,M,Engineering,,2023-11-09,Boston
45.0,77188,19 years,2,Male,HR,,2014-01-09,Seattle
45.0,64013,23 years,9,F,Engineering,N,2022-11-30,Boston
18.0,42404,0 years,1,F,Sales,Y,2022-01-16,Seattle
39.0,50884,13 years,1,,Sales,Yes,2011-10-08,
44.0,26748,21 years,4,F,Engineering,Y,,
30.0,25903,6 years,8,F,HR,Yes,2012-07-23,Seattle
31.0,48244,5 years,6,Male,Marketing,Yes,2016-08-12,
49.0,58545,27 years,7,M,Marketing,Yes,2023-07-29,Seattle
33.0,39120,12 years,3,M,HR,Y,2011-03-30,Austin
39.0,71426,18 years,6,Male,,N,2016-06-11,New York
29.0,26413,0 years,4,M,HR,Y,2022-03-28,Austin
41.0,35321,18 years,10,M,Engineering,N,2018-02-21,Boston
20.0,39501,0 years,6,F,Marketing,Yes,2018-11-16,
28.0,52902,9 years,2,Male,HR,No,2019-06-20,New York
44.0,56142,18 years,7,F,Engineering,N,2015-03-22,New York
36.0,64778,10 years,4,Male,Engineering,Y,2017-06-25,Boston
41.0,77029,24 years,5,F,,Y,2011-06-01,Seattle
32.0,62419,12 years,6,Female,Marketing,Y,,Seattle
20.0,38417,0 years,8,Male,Sales,Y,2016-08-07,
31.0,40555,10 years,7,F,Engineering,No,,Seattle
45.0,68794,20 years,7,,Engineering,Y,2018-12-05,New York
38.0,46800,,3,F,,No,2012-07-24,Seattle
26.0,52388,4 years,10,M,,Yes,2011-01-12,Seattle
23.0,36035,,5,M,Sales,No,2012-11-05,New York
36.0,38513,16 years,2,Female,,,2023-11-03,
31.0,50580,9 years,3,F,HR,,2022-11-05,Austin
,75574,23 years,1,M,,Yes,2021-08-28,Austin
31.0,53612,4 years,2,Male,Engineering,No,2020-08-28,Austin
31.0,71919,,3,Female,Marketing,,2013-10-09,Seattle
39.0,74070,17 years,2,Male,Engineering,Yes,2022-11-02,Seattle
32.0,49754,10 years,9,Female,Marketing,Yes,2018-08-12,Austin
39.0,31930,15 years,4,Male,HR,Yes,2023-04-28,Boston
44.0,40729,14 years,1,F,Sales,Yes,2020-09-23,
46.0,36567,22 years,1,Male,Marketing,,2023-09-23,Seattle
43.0,29749,17 years,9,F,,Y,2015-01-23,Boston
34.0,63820,7 years,1,Female,HR,Yes,,Boston
45.0,30874,29 years,9,Male,Marketing,No,2017-07-10,Austin
44.0,73645,24 years,7,Male,Marketing,N,2019-05-06,Seattle
47.0,53902,22 years,4,F,Sales,Y,2022-06-14,Boston
51.0,64425,27 years,10,Female,Marketing,Y,2013-04-23,Boston
18.0,25000,,3,F,Sales,No,2015-05-15,New York
35.0,28568,13 years,9,Male,,Y,2012-01-09,New York
35.0,26634,14 years,3,,Engineering,,2020-04-26,Seattle
41.0,65451,13 years,2,Male,HR,Y,2022-09-09,
18.0,52950,0 years,5,Male,,No,2012-06-23,Austin
32.0,43137,13 years,1,,Sales,Y,2019-04-23,New York
32.0,50839,10 years,8,F,Engineering,No,2022-08-19,Austin
38.0,25000,13 years,9,Female,Sales,Yes,2015-12-28,Boston
25.0,79638,0 years,3,Female,,Y,2010-09-17,New York
32.0,32826,9 years,7,Male,Marketing,Yes,2019-08-15,New York
40.0,51426,18 years,3,M,Engineering,Yes,,Austin
33.0,25000,8 years,1,F,Sales,Y,2019-03-07,New York
55.0,49878,35 years,10,F,Engineering,Y,2023-03-14,Boston
42.0,34191,18 years,9,,HR,Y,2016-10-31,Austin
41.0,39822,23 years,5,,HR,,2023-05-31,
42.0,39707,20 years,7,Male,Engineering,No,,Seattle
26.0,25959,2 years,5,,Sales,,2013-06-02,
27.0,25000,5 years,10,Female,,Y,2015-07-20,
28.0,31831,6 years,2,Female,Engineering,Yes,2010-11-05,Boston
33.0,41960,12 years,7,Male,HR,No,2015-05-09,Austin
18.0,29739,0 years,10,Female,HR,No,2010-03-01,Austin
38.0,60251,10 years,1,F,Engineering,Y,2014-06-28,
25.0,42280,5 years,9,M,HR,Y,2019-11-18,Boston
,55941,25 years,10,Female,Sales,Y,2016-04-14,Austin
18.0,25000,0 years,3,Female,HR,N,2013-11-03,Seattle
22.0,44807,0 years,1,Female,Sales,Y,2023-08-02,Austin
33.0,52230,13 years,9,Female,Engineering,Y,2012-05-12,Boston
50.0,45271,28 years,1,M,Sales,N,2019-10-02,Seattle
18.0,25000,0 years,1,F,Engineering,Yes,2015-12-24,Boston
31.0,25000,2 years,4,,HR,,2010-06-02,Austin
38.0,54418,17 years,3,Male,Sales,No,2018-12-06,New York
18.0,25000,0 years,6,Female,HR,Yes,2014-12-13,Boston
40.0,46109,14 years,1,M,,Yes,2013-02-17,New York
43.0,27128,20 years,4,,Sales,Yes,2012-12-19,
43.0,53861,22 years,6,,,Yes,2018-07-26,Seattle
18.0,32217,0 years,9,Male,HR,No,2019-07-07,New York
24.0,25000,2 years,5,,Engineering,Y,2015-06-30,New York
20.0,25000,0 years,3,F,Engineering,No,2016-11-27,Seattle
42.0,64321,20 years,3,,HR,No,2013-04-05,Austin
,39401,6 years,8,M,Marketing,Yes,,Austin
24.0,64449,0 years,1,Female,,No,2013-06-11,Seattle
27.0,28174,3 years,6,,Marketing,,2019-03-30,Austin
37.0,50188,,4,M,Engineering,,2016-09-04,
28.0,42596,5 years,10,,Engineering,,2016-09-23,Boston
18.0,30215,0 years,10,Female,Marketing,Yes,2022-11-17,Austin
46.0,29037,24 years,10,F,Engineering,Yes,2019-01-23,Seattle
37.0,53487,16 years,6,Male,,Yes,2023-10-22,New York
25.0,37107,0 years,7,Male,Sales,Y,2011-01-03,
27.0,73165,3 years,5,M,Sales,Yes,2011-04-04,Boston
30.0,38036,11 years,8,,,N,2019-07-31,Boston
43.0,43578,19 years,2,M,Marketing,No,,New York
39.0,76266,11 years,6,,Sales,No,2011-04-28,New York
27.0,45206,0 years,6,Female,Sales,Yes,,New York
32.0,41557,13 years,10,,Sales,Yes,2019-07-29,
44.0,43770,20 years,9,Female,Marketing,Yes,2012-02-01,Boston
19.0,36145,0 years,5,Female,Engineering,N,2020-06-19,Seattle
51.0,99392,31 years,8,Female,Sales,Y,2015-03-01,Austin
26.0,25000,1 years,7,Female,HR,Yes,2015-05-28,
42.0,51510,18 years,10,Male,Marketing,Yes,,
33.0,67893,12 years,2,Male,Sales,,2017-03-28,Seattle
33.0,40823,5 years,5,Male,HR,No,2022-08-09,
39.0,25000,17 years,9,Male,Marketing,Yes,2020-03-07,
33.0,53356,10 years,4,,Sales,Yes,2014-05-22,New York
25.0,32360,2 years,3,F,Marketing,Yes,,Seattle
18.0,45040,0 years,9,,Sales,Y,2023-02-26,Seattle
23.0,33195,1 years,8,,Sales,,,Boston
25.0,27955,0 years,2,,Sales,No,2019-09-04,
41.0,64715,14 years,6,,,No,2012-11-13,
29.0,35583,6 years,5,M,,No,2018-03-26,Boston
29.0,40874,11 years,9,,Engineering,,2013-03-11,Boston
28.0,48897,1 years,7,M,,Yes,2023-08-05,New York
31.0,43775,9 years,10,M,Engineering,Yes,2013-06-23,Austin
33.0,54934,10 years,10,Male,,No,2020-03-05,Boston
35.0,68593,15 years,4,Female,,Yes,2022-11-23,Seattle
36.0,26231,11 years,8,F,Engineering,,2010-07-09,Boston
26.0,47060,2 years,5,F,HR,N,2019-09-16,Seattle
38.0,50473,14 years,9,Female,Sales,N,2012-05-23,Boston
18.0,39264,0 years,7,Female,Sales,Yes,2017-04-10,Seattle
44.0,63595,18 years,2,Male,,,2023-07-07,Boston
,56443,31 years,4,,Sales,N,2015-07-18,Boston
21.0,28941,0 years,9,M,Marketing,,2011-11-27,Seattle
41.0,71922,15 years,8,F,Sales,Yes,2020-12-10,Seattle
,32713,5 years,7,,Engineering,No,2016-10-25,Seattle
27.0,25000,9 years,4,,Engineering,Y,,Austin
40.0,60501,19 years,6,M,Marketing,Yes,2021-01-22,Seattle
40.0,41558,13 years,1,,,No,,Boston
36.0,58436,15 years,9,Male,Marketing,Yes,2015-09-10,Boston
18.0,25161,0 years,3,Male,HR,Y,2017-06-05,Austin
43.0,67770,26 years,3,M,Sales,Y,2015-12-28,Boston
29.0,48121,4 years,7,F,Engineering,,2021-05-17,Austin
42.0,25000,22 years,2,Female,,No,2010-06-02,Seattle
25.0,37592,3 years,3,F,,Yes,,Austin
32.0,41184,7 years,2,Male,Sales,,,Seattle
51.0,53996,30 years,3,Female,Sales,Y,2016-07-15,
37.0,39001,18 years,1,Male,HR,,2020-11-15,Austin
35.0,63160,13 years,10,,Engineering,Yes,2012-09-02,Boston
32.0,51848,10 years,6,M,Sales,Yes,2022-03-07,New York
37.0,49008,12 years,9,,Engineering,Y,2020-02-04,New York
54.0,81665,35 years,9,Male,Engineering,Y,2023-10-08,Boston
19.0,25000,,6,F,,Y,2011-07-17,Boston
21.0,25000,0 years,8,F,HR,Yes,2018-09-14,Seattle
30.0,49159,,6,Female,Sales,,,New York
31.0,30575,14 years,1,,HR,Y,2019-04-11,Seattle
28.0,25000,7 years,4,,,Yes,2023-02-02,New York
33.0,51951,6 years,5,,Engineering,,2020-03-13,Seattle
40.0,51603,18 years,2,,HR,N,2013-09-05,Boston
30.0,38880,6 years,9,,,Y,2019-01-12,
23.0,59057,1 years,6,Female,,No,2020-02-20,Seattle
18.0,25000,0 years,7,F,Marketing,Y,2017-04-08,
35.0,41394,15 years,9,F,Engineering,No,,Boston
52.0,51167,31 years,6,Female,Marketing,No,2021-01-13,Boston
45.0,73772,24 years,6,F,,Y,2017-06-05,Boston
31.0,42451,10 years,7,,Marketing,Y,,Boston
31.0,25000,5 years,8,F,Engineering,No,2011-06-02,
27.0,34578,1 years,3,F,Sales,Y,2019-09-14,Boston
44.0,64245,22 years,10,Female,Engineering,,2021-03-08,Seattle
30.0,65233,10 years,4,,Sales,No,2014-12-27,Austin
39.0,34003,16 years,3,M,Marketing,Y,2019-05-01,Austin
24.0,29933,0 years,5,,Engineering,,2022-06-26,Seattle
38.0,67197,14 years,6,M,,N,2016-06-27,Austin
,36513,4 years,9,M,Marketing,Yes,2012-06-14,New York
22.0,36771,0 years,3,Male,Sales,,2019-12-14,Austin
26.0,25000,3 years,6,Male,Marketing,Yes,2021-06-30,Seattle
47.0,65332,25 years,7,Female,HR,Yes,2012-02-03,Austin
32.0,25000,4 years,8,Female,Marketing,N,2020-07-29,Austin
57.0,69300,32 years,5,,HR,Y,2011-12-09,New York
26.0,28799,4 years,1,M,HR,Yes,2013-11-08,
34.0,52769,10 years,1,M,Sales,,2018-07-09,Seattle
33.0,55887,12 years,1,Male,Marketing,,2011-08-31,Austin
,49411,18 years,5,F,,,2022-05-19,Boston
36.0,52585,14 years,8,Female,HR,Yes,2015-11-10,Seattle
18.0,25000,0 years,4,,,,2012-01-09,New York
,55146,23 years,5,,Engineering,Yes,2021-02-18,New York
40.0,40001,21 years,2,Female,,No,2021-06-18,Seattle
43.0,63262,19 years,3,,HR,Y,,New York
33.0,45757,11 years,5,Male,Marketing,N,2016-01-14,
27.0,51786,5 years,10,,Engineering,,2011-08-22,Boston
40.0,34935,15 years,8,,Engineering,,,
24.0,38705,3 years,8,Female,,,2016-03-29,New York
39.0,49305,16 years,7,Male,HR,Yes,2014-11-21,Seattle
44.0,46747,14 years,3,Male,Engineering,,2012-06-02,New York
39.0,26182,13 years,10,Female,HR,Y,2015-03-11,Austin
42.0,77843,19 years,2,,,Y,2016-05-04,Seattle
39.0,63078,21 years,4,,Marketing,,2011-10-10,
22.0,42195,0 years,5,,,,2021-12-09,Austin
30.0,25000,12 years,1,Female,,Yes,2017-12-16,New York
41.0,56210,17 years,10,Male,Engineering,Yes,2016-10-20,
22.0,29140,0 years,6,Male,Engineering,Y,2022-11-04,
41.0,76387,14 years,6,,,Yes,2010-03-08,New York
37.0,65609,12 years,4,F,Marketing,Y,2015-03-23,New York
34.0,50796,12 years,9,Female,Engineering,Yes,2013-08-14,Boston
18.0,39903,0 years,8,Female,Sales,,2022-04-14,New York
48.0,75126,23 years,10,Female,Sales,,2017-06-16,Seattle
53.0,78723,34 years,4,F,Engineering,Yes,2020-11-25,Seattle
28.0,40225,6 years,3,Male,,Yes,2021-04-07,Austin
45.0,35222,23 years,4,Female,Engineering,N,2021-09-14,Seattle
34.0,40523,13 years,7,Female,,,2022-01-13,
34.0,25000,14 years,9,F,,Y,2021-04-12,Seattle
28.0,61963,6 years,3,F,Sales,Yes,2012-09-12,
32.0,53845,5 years,8,Male,Marketing,,2011-04-18,New York
25.0,52521,1 years,7,M,HR,Yes,,Austin
41.0,51827,18 years,3,Female,Sales,Y,2018-08-21,Seattle
28.0,84957,1 years,7,M,HR,No,2016-09-22,Seattle
31.0,55370,7 years,8,Female,HR,Yes,2016-07-17,Austin
49.0,67451,26 years,8,F,Engineering,,2012-06-23,Austin
49.0,55304,26 years,4,Male,,Y,2019-03-30,Austin
18.0,25000,,2,Male,Engineering,Yes,2014-01-13,Boston
36.0,50590,13 years,10,M,HR,No,2019-08-07,Seattle
24.0,47299,3 years,4,Male,Engineering,Y,2014-01-14,Boston
51.0,65022,,10,Male,Marketing,,,Boston
53.0,85745,33 years,10,M,Sales,Y,2023-10-09,Seattle
26.0,25000,3 years,3,M,HR,,2023-09-20,Seattle
35.0,48748,10 years,9,Female,,N,2015-04-08,New York
28.0,75525,5 years,2,Male,Engineering,Yes,2010-01-13,Boston
42.0,25391,19 years,2,Female,HR,Y,2010-06-26,New York
42.0,47573,25 years,1,Male,,No,2020-12-07,Seattle
27.0,31697,2 years,8,Male,Marketing,,2015-06-05,Austin
26.0,25000,4 years,7,,Engineering,N,,Austin
26.0,48324,1 years,5,M,Sales,Yes,,Seattle
18.0,25000,0 years,7,Female,HR,Yes,2017-02-28,Seattle
18.0,25000,0 years,7,,Engineering,Y,,
33.0,33998,13 years,6,,Marketing,No,2010-02-24,Boston
36.0,45266,15 years,5,F,,Yes,2017-07-31,
30.0,67322,6 years,4,Male,Engineering,,2016-05-31,
46.0,65755,23 years,4,,Engineering,Y,2018-01-29,Seattle
27.0,25000,3 years,1,Female,Engineering,,2012-07-29,Seattle
33.0,43374,9 years,1,M,Engineering,Yes,,Seattle
34.0,53338,19 years,2,Female,Engineering,Yes,2011-10-18,Seattle
34.0,33944,10 years,10,Female,Sales,Yes,2016-07-21,Austin
41.0,62917,14 years,9,F,Sales,Yes,2011-02-27,Austin
31.0,35259,,7,,Sales,Yes,2021-09-26,Boston
30.0,61168,11 years,5,,Sales,Yes,2014-03-13,Boston
21.0,27882,0 years,10,F,Sales,Yes,2016-08-16,New York
32.0,54010,9 years,7,F,Sales,Y,2010-12-27,Austin
26.0,32405,6 years,7,Male,Engineering,Y,2015-08-02,Austin
24.0,25000,0 years,4,M,Marketing,Yes,2012-09-26,New York
37.0,54212,13 years,3,M,Sales,No,2013-08-15,
44.0,71073,22 years,6,M,Marketing,No,2023-12-21,New York
39.0,58956,14 years,9,Female,HR,No,2010-05-25,
38.0,54347,18 years,10,,Engineering,No,,Austin
18.0,40806,0 years,5,,Marketing,No,2013-05-07,Austin
47.0,77136,26 years,7,M,Engineering,No,2016-11-30,
41.0,43932,17 years,4,Male,Engineering,Yes,2010-02-22,Austin
33.0,37305,13 years,10,M,,No,2020-12-30,
34.0,35931,10 years,10,Male,Sales,Y,2015-11-13,Boston
31.0,54894,11 years,3,M,Engineering,Y,2011-05-01,
41.0,50572,18 years,3,,,N,,New York
35.0,45355,16 years,6,Male,HR,No,,Austin
40.0,40774,18 years,4,M,Engineering,Y,2019-05-23,New York
33.0,34844,17 years,8,M,Marketing,Y,2019-02-12,Seattle
41.0,25000,18 years,2,,Engineering,,2012-04-05,
51.0,85392,33 years,6,Female,Engineering,,,Austin
38.0,56535,16 years,5,Male,Engineering,No,2011-12-23,New York
,39597,19 years,6,Male,,Yes,2022-05-31,Austin
,33489,11 years,5,,HR,Y,2016-10-04,Seattle
27.0,57080,3 years,4,M,Marketing,N,2020-12-16,
36.0,44707,15 years,10,Male,Sales,Yes,2019-02-07,Austin
21.0,36833,0 years,3,Male,HR,No,2022-06-09,Austin
18.0,34995,0 years,7,,,,,Austin
21.0,39495,0 years,4,F,,No,2018-03-10,New York
33.0,39087,6 years,6,Male,HR,,2014-04-02,Seattle
44.0,59289,20 years,7,Male,HR,N,2010-04-11,New York
47.0,53902,22 years,4,F,Sales,Y,2022-06-14,Boston
37.0,40535,13 years,5,,Marketing,Yes,2016-12-22,Boston
32.0,47724,13 years,9,,,No,2022-06-08,New York
26.0,69187,6 years,3,Male,HR,Y,2020-12-27,
37.0,59048,17 years,8,Female,Sales,Yes,2016-04-10,
34.0,44845,5 years,7,,Sales,Y,2011-11-25,Austin
,39867,6 years,3,Male,Marketing,Yes,2012-11-30,New York
43.0,45929,22 years,7,F,,No,2018-03-16,New York
39.0,68507,14 years,8,,Sales,Yes,2021-10-21,
48.0,47484,21 years,10,M,Marketing,Y,2011-10-21,Boston
26.0,33249,2 years,1,F,Engineering,Yes,2020-08-12,Seattle
23.0,32072,1 years,9,F,Engineering,Yes,2010-10-28,New York
22.0,25000,0 years,6,Female,Marketing,No,,
19.0,48433,0 years,2,Male,Sales,Yes,,Boston
39.0,35371,17 years,4,F,Marketing,Yes,2019-09-30,New York
47.0,44969,24 years,4,M,Engineering,No,2019-11-26,Boston
34.0,46427,12 years,3,,,Yes,2020-05-13,Boston
48.0,63805,27 years,7,Male,Engineering,,2013-07-13,
34.0,46207,17 years,6,F,HR,Yes,2013-06-02,New York
36.0,57055,13 years,7,M,Sales,Yes,2011-01-07,Seattle
32.0,29387,11 years,2,,Engineering,No,2013-06-24,Boston
32.0,33498,15 years,4,Male,HR,,2014-06-22,
40.0,39856,17 years,3,M,Engineering,Yes,2022-05-04,Seattle
40.0,61852,21 years,1,Female,,No,2021-01-21,Austin
27.0,49113,8 years,6,M,Marketing,No,2010-12-27,
45.0,51194,25 years,4,F,Engineering,N,2021-02-13,
35.0,56660,10 years,5,F,Sales,Y,2014-06-23,Boston
32.0,81153,6 years,10,M,Engineering,No,2023-11-25,
28.0,43049,5 years,2,M,Marketing,,2019-08-20,Seattle
43.0,45602,17 years,10,M,,Yes,2022-10-31,Boston
,25000,6 years,5,Male,Sales,No,2010-06-11,Austin
34.0,48097,9 years,10,Female,HR,Yes,2015-04-12,Boston
31.0,55370,8 years,1,F,,Yes,2022-02-22,New York
33.0,25000,6 years,5,,,,2016-07-11,
42.0,87168,16 years,4,,,Yes,2016-11-08,Seattle
18.0,31108,0 years,8,,Marketing,Y,2019-07-06,Boston
25.0,26351,0 years,4,Female,HR,Y,2020-03-29,
36.0,39525,12 years,9,F,Marketing,Yes,2016-03-09,Austin
44.0,46701,26 years,6,Male,Sales,,2018-03-21,Austin
27.0,29877,0 years,3,M,HR,N,2020-01-01,Boston
33.0,44346,11 years,6,Male,HR,N,2023-12-22,Seattle
26.0,26946,5 years,1,F,Engineering,,2015-04-09,
32.0,69763,11 years,10,Male,Marketing,N,,Austin
18.0,25000,0 years,9,Male,Sales,Yes,2017-11-26,Boston
38.0,35747,15 years,8,F,Marketing,,,Seattle
44.0,72493,20 years,5,Male,,Y,2010-05-01,Boston
18.0,30250,0 years,6,Male,Marketing,Yes,,New York
37.0,52945,17 years,9,M,Sales,Yes,2019-05-16,Austin
32.0,40021,8 years,3,F,HR,,,Boston
38.0,87279,20 years,9,F,Sales,N,2017-03-23,Boston
42.0,76744,19 years,2,M,Sales,,2011-05-02,Austin
31.0,66739,10 years,6,,,Y,2021-03-25,Seattle
43.0,74760,17 years,5,,Engineering,No,2018-09-27,New York
34.0,30173,10 years,9,Female,,Yes,2012-06-27,Austin
36.0,38087,10 years,2,Male,Engineering,Yes,,Boston
34.0,25000,13 years,9,Female,Sales,N,2013-01-05,New York
30.0,45302,5 years,1,Male,HR,Y,2022-06-29,New York
32.0,49533,7 years,10,F,Engineering,Y,2019-12-29,
40.0,44053,16 years,9,,Marketing,Y,2017-08-28,New York
34.0,52675,13 years,7,F,Marketing,Y,2022-11-13,Austin
36.0,71868,11 years,4,F,,Y,2017-01-29,
33.0,27290,13 years,3,Female,Marketing,,2010-02-17,Boston
23.0,33195,1 years,8,,Sales,,,Boston
32.0,53658,14 years,9,Male,Marketing,Yes,2014-01-30,
63.0,60132,40 years,6,Male,Marketing,Yes,2022-05-31,Seattle
44.0,49577,18 years,4,,,No,2019-04-09,Boston
51.0,73859,29 years,10,Male,HR,No,2015-10-13,Seattle
27.0,47366,4 years,6,Male,Engineering,,2011-10-14,
38.0,48725,14 years,3,Female,Marketing,Yes,2020-02-22,Boston
49.0,87112,28 years,10,F,Engineering,,2020-07-06,New York
44.0,48356,19 years,8,Female,Sales,Y,2018-03-17,Boston
27.0,47509,3 years,8,M,Marketing,Yes,2010-07-21,Boston
32.0,41064,11 years,8,Female,Engineering,Yes,2022-09-21,Seattle
25.0,25000,0 years,10,Female,Marketing,Y,2014-02-08,
35.0,74335,9 years,2,,,N,2018-02-12,Seattle
37.0,44249,11 years,7,Female,Marketing,,2023-07-18,Boston
37.0,54731,19 years,7,Male,Sales,,2015-12-16,Boston
38.0,38296,9 years,10,F,,N,2019-12-09,
31.0,54773,10 years,5,Female,Sales,Yes,2021-02-27,Austin
50.0,86844,33 years,7,Female,Marketing,N,2015-04-27,Seattle
25.0,42917,4 years,10,Male,Engineering,Y,2010-06-12,New York
28.0,42073,8 years,9,M,Sales,Yes,2015-02-23,
18.0,57300,0 years,4,Male,Marketing,,2022-06-02,New York
38.0,58662,15 years,2,Female,Marketing,Yes,2016-04-03,Boston
54.0,86751,28 years,6,Male,,Yes,2022-05-07,Boston
19.0,32452,0 years,9,Male,HR,Yes,2018-08-09,
33.0,31463,12 years,1,F,Marketing,Yes,2016-06-11,
25.0,47743,6 years,8,Male,Engineering,,2010-10-28,New York
19.0,62736,0 years,3,Female,Sales,,2023-10-05,Seattle
57.0,56454,35 years,3,Male,Sales,Y,2020-01-21,New York
29.0,34000,7 years,6,Female,,,2012-02-05,Seattle
52.0,64571,27 years,1,,HR,Y,2011-08-21,New York
27.0,39267,3 years,8,Female,HR,No,2014-11-20,Austin
35.0,48012,12 years,3,,HR,Y,2012-01-17,
41.0,37048,17 years,9,M,Marketing,Y,2014-04-21,New York
29.0,43066,9 years,4,M,Engineering,Yes,2017-10-12,Seattle
26.0,54149,4 years,6,,HR,Yes,2011-11-03,New York
40.0,39748,19 years,3,Female,,Y,2022-07-03,New York
38.0,69878,17 years,10,F,Engineering,Yes,2021-03-13,Boston
40.0,51891,19 years,10,Male,Sales,Yes,2015-07-03,Seattle
42.0,44594,18 years,1,,,,2017-01-18,Boston
44.0,63911,18 years,8,M,HR,Yes,2019-05-04,New York
,47428,18 years,4,Female,Marketing,Yes,2020-12-01,Boston
49.0,59482,30 years,7,Female,HR,Y,2012-07-12,Boston
43.0,48492,23 years,9,Female,HR,,2020-07-28,Boston
43.0,73881,22 years,5,F,,Yes,2021-06-23,New York
23.0,39914,0 years,9,,Sales,N,2021-10-02,Seattle
44.0,38443,20 years,5,Female,,Yes,2019-04-19,Boston
44.0,38914,22 years,7,F,HR,Y,2012-08-22,Seattle
36.0,71514,15 years,4,,Engineering,No,2014-05-23,Austin
32.0,39978,7 years,7,,HR,,2021-11-03,Austin
35.0,59951,16 years,6,Female,Marketing,Y,2019-02-18,New York
26.0,31733,1 years,9,Female,Marketing,No,2021-02-09,Austin
35.0,55230,15 years,2,Female,Marketing,No,2013-12-21,Austin
35.0,44921,15 years,1,F,HR,Y,2015-03-24,Austin
45.0,53739,20 years,8,M,Engineering,Yes,2017-02-10,Boston
35.0,52112,16 years,8,F,Engineering,N,2021-03-16,Seattle
38.0,56851,14 years,6,,Engineering,,2023-12-14,New York
24.0,25000,0 years,9,Male,Sales,No,2019-07-14,Boston
28.0,27113,5 years,8,,Engineering,,,Austin
43.0,59851,21 years,8,F,Engineering,,2013-06-26,Austin
27.0,35180,5 years,5,,,Yes,2015-01-16,
28.0,49335,2 years,7,M,,,2022-01-21,Boston
31.0,54157,8 years,9,Female,Marketing,,2018-10-09,Boston
44.0,66983,24 years,1,Female,Marketing,N,2010-03-14,New York
18.0,25000,2 years,9,M,HR,Yes,2018-12-07,
35.0,39794,8 years,2,,Engineering,No,2013-07-29,
21.0,35149,0 years,3,Male,Engineering,Yes,2018-04-15,Seattle
35.0,42714,6 years,3,Female,Marketing,,2017-11-04,Austin
27.0,58962,4 years,6,Female,,Y,2014-01-05,New York
48.0,25226,22 years,10,,HR,No,2015-02-01,New York
45.0,47910,20 years,9,Male,,Y,2023-09-02,Austin
43.0,64847,17 years,9,,,Yes,2014-11-12,Austin
27.0,25000,3 years,7,F,Sales,Y,2020-03-19,Austin
26.0,54682,5 years,4,F,Sales,Y,2011-05-08,
31.0,29801,19 years,2,,Engineering,No,2016-09-02,Boston
42.0,31086,21 years,7,M,HR,Yes,,Boston
32.0,57403,10 years,9,,Engineering,No,2014-11-12,Seattle
50.0,50882,23 years,3,Female,Marketing,Yes,2023-02-07,
43.0,54168,26 years,2,F,Sales,Y,2023-07-02,
32.0,81867,9 years,6,Female,Sales,Yes,2021-10-30,Boston
23.0,25000,0 years,9,,,,2020-01-04,Austin
23.0,46219,7 years,6,,HR,,2020-03-13,Seattle
49.0,74704,31 years,5,F,Sales,,2022-07-08,
32.0,55164,7 years,5,Female,Marketing,,2018-05-07,
24.0,48764,3 years,8,F,HR,,2023-09-17,Austin
29.0,71287,9 years,8,Male,Marketing,No,2010-07-15,New York
36.0,25000,7 years,8,M,Marketing,Yes,2017-12-16,Austin
18.0,43889,0 years,8,Female,HR,Yes,,Boston
31.0,39432,6 years,8,F,Marketing,,2018-12-12,Austin
41.0,44840,17 years,7,M,HR,No,2010-01-10,Seattle
44.0,51318,17 years,1,Female,Marketing,Y,2018-07-02,
40.0,39274,20 years,1,Female,,Yes,2011-03-13,Seattle
40.0,53000,13 years,6,Female,,,2011-01-14,Seattle
34.0,41071,12 years,1,F,Engineering,No,2019-01-18,
44.0,33420,21 years,7,F,,Yes,2014-06-03,Seattle
18.0,53032,0 years,9,M,Engineering,No,2020-12-24,Seattle
28.0,26827,2 years,5,M,HR,No,2013-10-22,Seattle
37.0,55612,13 years,9,Female,,N,,Austin
34.0,25000,,2,Male,HR,N,2020-11-10,Boston
37.0,43909,15 years,5,Female,Engineering,No,2011-02-25,Seattle
35.0,61520,12 years,10,M,Sales,Y,2014-03-27,
28.0,55557,0 years,9,F,HR,,2018-12-28,Austin
44.0,31271,20 years,1,Female,Marketing,Y,2010-04-06,Austin
19.0,25000,3 years,7,Female,Engineering,,2019-12-02,
27.0,36744,3 years,2,,Sales,No,2018-06-27,
26.0,37020,3 years,10,F,Engineering,Yes,2021-10-10,
45.0,58600,27 years,6,Male,Engineering,,2011-09-23,Seattle
48.0,57451,27 years,10,Male,Marketing,Y,,New York
45.0,64300,25 years,2,Male,HR,Y,2010-03-29,
34.0,49133,12 years,2,Male,HR,Y,,
20.0,52017,0 years,8,,,,2011-02-12,Austin
33.0,72867,10 years,1,Female,Marketing,No,2017-03-04,New York
34.0,27766,10 years,10,M,Sales,,2023-02-17,Boston
31.0,29508,7 years,3,Female,Sales,Y,2016-01-20,Boston
27.0,59801,2 years,9,F,Engineering,Yes,2012-02-12,Boston
38.0,27878,21 years,5,Female,HR,No,2012-01-11,New York
27.0,46229,1 years,10,F,HR,Yes,2012-02-05,New York
38.0,35191,19 years,4,F,Marketing,,,New York
28.0,37751,0 years,9,,Marketing,Yes,2011-10-30,Boston
34.0,44841,11 years,9,Male,HR,,2017-01-29,New York
18.0,25000,0 years,8,Male,Marketing,Y,2012-10-31,New York
44.0,43211,23 years,3,F,Marketing,Y,2010-05-18,Seattle
20.0,31666,0 years,9,,,N,,Seattle
39.0,25000,16 years,1,,Marketing,No,2022-06-01,Boston
28.0,51976,8 years,3,Male,Sales,Y,2014-06-23,New York
31.0,31778,0 years,3,Female,Marketing,No,2023-08-06,Boston
45.0,43969,22 years,10,M,HR,Y,2021-08-26,Boston
39.0,25000,12 years,2,Male,,Yes,2010-08-08,Boston
33.0,49340,10 years,8,Female,Engineering,,2017-05-28,Austin
48.0,49364,22 years,7,,,,2015-05-25,Boston
38.0,48646,16 years,8,F,,Yes,2021-12-20,Boston
30.0,42945,9 years,8,,,Yes,2010-10-15,New York
45.0,50746,19 years,9,,HR,,2018-02-21,Seattle
18.0,30743,0 years,10,,Marketing,No,2019-12-03,Austin
38.0,33245,14 years,8,,Sales,,2015-12-15,Austin
50.0,41945,26 years,7,Male,,No,2015-08-20,Seattle
53.0,75237,26 years,4,Female,Sales,No,2012-05-26,Seattle
29.0,37610,6 years,1,,Engineering,Yes,2011-10-09,New York
40.0,37547,22 years,7,M,Engineering,Yes,2023-11-29,Seattle
31.0,66459,5 years,1,Female,Engineering,,2022-10-18,New York
44.0,56555,18 years,3,M,HR,,2012-09-24,Seattle
29.0,43186,5 years,2,M,,,,Austin
40.0,31506,24 years,3,Female,Marketing,Y,2010-08-15,Austin
51.0,52989,31 years,10,Male,Engineering,No,2018-10-25,Boston
24.0,66360,1 years,9,M,Marketing,Yes,,Seattle
48.0,41513,27 years,5,F,,Y,2016-08-18,New York
20.0,44379,1 years,9,,Sales,Y,2017-05-16,
32.0,49719,7 years,9,Female,Engineering,N,2012-01-10,Austin
43.0,61621,22 years,9,F,Sales,,2011-07-11,Boston
28.0,34195,9 years,7,F,Sales,Yes,2017-01-14,Boston
24.0,47752,0 years,1,F,,Yes,2018-09-15,Seattle
27.0,25000,8 years,7,,Sales,No,2022-08-31,Boston
64.0,55234,40 years,3,F,Engineering,Y,2022-04-02,Boston
28.0,32542,3 years,10,Female,Sales,,,Austin
19.0,25000,0 years,1,M,Engineering,N,2015-07-24,New York
40.0,51642,17 years,9,Male,Marketing,,2019-12-14,Seattle
29.0,47452,9 years,4,Female,,Yes,2020-12-11,Boston
47.0,46625,23 years,6,F,Sales,No,2014-08-02,
22.0,37666,0 years,8,Male,Engineering,,2014-02-23,New York
33.0,44814,10 years,8,,Engineering,Y,2011-02-21,
18.0,25000,0 years,1,F,Marketing,Y,2019-12-21,Austin
42.0,50943,18 years,4,,,Yes,2018-12-08,Austin
41.0,44070,16 years,2,Male,Marketing,Yes,2015-12-13,Boston
37.0,51960,12 years,9,Female,Sales,Yes,2019-03-14,Austin
24.0,59357,0 years,10,Female,HR,,2019-01-02,
30.0,51584,5 years,2,M,Engineering,N,2017-12-12,Seattle
38.0,77102,14 years,2,,Sales,Yes,2023-08-08,Austin
36.0,31352,14 years,6,Female,,No,2012-05-01,Austin
41.0,64022,17 years,1,,Marketing,No,2012-08-27,Boston
33.0,38996,9 years,9,M,Engineering,Y,2013-10-16,Boston
37.0,49486,15 years,10,F,Engineering,Yes,,Austin
35.0,46993,16 years,8,,Marketing,No,2018-08-15,Seattle
36.0,49679,14 years,6,M,Engineering,N,,
51.0,90094,25 years,3,Male,Engineering,Yes,2017-08-31,New York
42.0,52659,16 years,10,Female,HR,Yes,2018-02-02,
55.0,57838,32 years,6,M,Sales,Y,2018-12-07,Boston
29.0,25000,9 years,8,F,Engineering,Y,2013-05-15,New York
23.0,31993,0 years,9,Male,,Yes,2013-12-27,
51.0,34014,27 years,6,Male,Marketing,No,2023-07-25,Austin
38.0,33273,12 years,4,,HR,Yes,2015-03-10,New York
22.0,52105,0 years,2,,HR,,2010-04-16,Boston
18.0,25000,0 years,6,,Sales,Yes,2016-02-20,Austin
51.0,61529,25 years,9,Female,,Yes,2011-08-31,New York
49.0,45835,25 years,5,,,Yes,2018-04-17,
18.0,29086,0 years,6,F,HR,Yes,2023-08-11,Austin
33.0,51327,6 years,7,Male,Engineering,Y,2013-08-19,Austin
42.0,82872,14 years,1,F,Marketing,Yes,2021-08-15,Austin
29.0,52458,8 years,7,Male,Sales,Yes,2022-09-11,
44.0,36350,21 years,7,Male,Marketing,,2019-09-08,Austin
42.0,47683,23 years,2,Male,HR,,2011-06-05,New York
37.0,31271,17 years,10,Male,,Y,2018-10-03,Seattle
39.0,60998,11 years,2,,Sales,Yes,2020-07-31,Seattle
47.0,50009,,3,M,Sales,,,Austin
29.0,32701,7 years,3,,HR,N,2022-05-06,Austin
39.0,69242,16 years,9,,Engineering,,2010-05-09,Austin
30.0,49688,7 years,9,M,Engineering,,2023-07-11,Seattle
42.0,63240,16 years,9,,,Yes,2012-12-10,New York
45.0,42139,20 years,8,Female,Engineering,Yes,2023-09-11,Seattle
41.0,31602,16 years,8,Female,Marketing,No,2010-11-23,Seattle
29.0,30864,6 years,4,Male,Engineering,,,Boston
26.0,25000,0 years,10,M,Marketing,No,2016-10-16,Austin
33.0,53037,6 years,4,F,HR,No,2022-11-15,Seattle
32.0,41043,10 years,7,,Sales,,2019-07-30,Boston
34.0,38146,14 years,4,Female,Engineering,No,2010-10-10,Seattle
26.0,52052,0 years,9,Male,Marketing,,2012-07-19,Austin
40.0,54780,21 years,3,Male,,Yes,2022-09-03,
51.0,58082,34 years,3,Male,Engineering,Yes,2023-02-08,New York
43.0,69747,18 years,9,,Sales,No,,Boston
38.0,54416,10 years,3,Male,,Y,,New York
46.0,50403,19 years,7,Female,HR,Y,2015-03-21,
36.0,35817,16 years,6,Male,Engineering,Y,2010-09-20,Austin
25.0,31380,1 years,8,Female,Marketing,Yes,2020-10-27,
30.0,38601,6 years,5,,Sales,No,2012-01-11,Austin
45.0,42491,26 years,9,F,Sales,Y,2022-06-09,Austin
22.0,27959,0 years,9,Male,Engineering,,2022-08-23,
33.0,31661,9 years,4,,Engineering,Yes,2023-05-31,
23.0,34152,0 years,6,,Sales,Y,2022-04-15,Austin
35.0,54306,14 years,4,Male,Sales,No,,Austin
36.0,26298,15 years,8,Female,Marketing,,,Boston
30.0,34819,4 years,8,M,Sales,Yes,2021-12-04,Austin
46.0,54408,22 years,8,,Sales,,2010-08-04,Seattle
32.0,25000,11 years,9,F,HR,,2018-06-07,Seattle
27.0,34311,4 years,5,Female,Marketing,Y,2017-03-27,Boston
38.0,41626,21 years,7,M,,Y,2011-08-05,Boston
22.0,61512,0 years,6,Female,Sales,Yes,2011-01-08,New York
26.0,31152,7 years,3,,Engineering,,2019-05-06,Austin
38.0,45376,,2,,Marketing,No,2012-04-03,Austin
27.0,49503,6 years,9,Male,Engineering,No,2016-10-07,Boston
25.0,53139,0 years,5,Male,,Y,2018-07-18,New York
48.0,58095,24 years,4,F,Sales,Yes,2017-11-11,
43.0,46232,23 years,2,M,Sales,Y,2020-09-28,Austin
43.0,45066,21 years,4,Male,Marketing,Y,2023-01-03,Austin
50.0,53196,22 years,9,F,Engineering,Y,2011-07-15,Seattle
36.0,50336,13 years,4,Female,HR,,2010-03-06,Seattle
41.0,36644,23 years,3,F,Marketing,,,
33.0,37675,7 years,8,Female,Engineering,Yes,2022-12-01,New York
37.0,44495,18 years,8,F,HR,No,2013-10-02,Austin
27.0,33869,6 years,5,Male,Marketing,,2017-06-23,New York
18.0,39568,0 years,5,Female,,Yes,2013-01-23,Seattle
46.0,58219,23 years,7,F,HR,N,2020-08-26,
38.0,71102,18 years,8,Male,,,2022-05-30,Boston
42.0,56793,19 years,8,Female,,Y,2022-08-09,Austin
42.0,63127,16 years,3,Male,Sales,No,2013-01-25,
30.0,51950,8 years,10,M,HR,Yes,2010-05-14,New York
54.0,73598,39 years,9,,Sales,No,2017-11-03,
27.0,40090,3 years,8,Female,HR,Yes,2019-02-11,Boston
18.0,25000,0 years,8,Female,Sales,Y,2014-08-20,Boston
36.0,50643,13 years,7,Female,,,2023-03-12,New York
29.0,33162,7 years,8,Male,Engineering,Yes,2019-10-18,Boston
26.0,59016,4 years,10,Male,HR,Yes,2018-05-27,Seattle
24.0,38380,2 years,8,,Marketing,Yes,2010-07-30,Seattle
43.0,29749,17 years,9,F,,Y,2015-01-23,Boston
41.0,72301,20 years,6,,Sales,Yes,,Seattle
38.0,37167,19 years,2,Male,HR,Yes,2021-03-07,Austin
47.0,47783,25 years,6,Female,Engineering,,,Boston
50.0,59518,25 years,6,Male,,Y,2015-11-03,
45.0,68449,21 years,6,Female,,No,2011-01-14,New York
18.0,26866,0 years,5,Male,Engineering,Yes,2016-04-05,
37.0,51561,12 years,10,F,Sales,Yes,2018-01-18,Seattle
25.0,46577,0 years,9,F,Marketing,Y,2018-09-27,New York
18.0,25000,0 years,7,Male,HR,Y,2018-06-10,Austin
27.0,44793,13 years,8,Female,HR,,2016-02-19,Austin
,49027,9 years,1,,,Yes,2013-04-07,New York
41.0,25000,21 years,9,Male,Marketing,Y,2019-05-20,Seattle
50.0,56124,30 years,6,M,Sales,,2012-04-19,New York
23.0,25000,7 years,6,F,Marketing,Yes,2013-11-15,Austin
47.0,79660,16 years,6,Female,Sales,Yes,2020-02-16,New York
20.0,25000,0 years,5,,HR,,2021-10-25,Boston
24.0,33305,2 years,2,Female,Sales,Y,2016-12-28,Austin
38.0,81068,11 years,7,M,Sales,No,2011-06-14,
18.0,34720,0 years,6,F,HR,Y,2016-03-28,Seattle
46.0,81435,,9,Female,Sales,Yes,2017-06-03,Boston
23.0,25000,0 years,4,,Sales,Yes,2020-03-14,New York
31.0,78160,7 years,10,M,HR,Y,2015-09-20,Austin
46.0,74640,28 years,8,Male,Engineering,No,2011-10-27,
37.0,34858,11 years,4,F,HR,Yes,2018-07-31,
35.0,66843,12 years,9,Male,,Y,2016-10-06,Austin
31.0,49974,7 years,5,Male,Marketing,Yes,2017-01-08,Boston
56.0,44821,29 years,6,Female,,,2016-05-16,New York
33.0,47631,8 years,2,,Sales,Yes,,
46.0,62798,19 years,5,F,Marketing,N,2017-02-10,New York
45.0,61387,26 years,3,,Sales,Y,2019-05-12,
40.0,41290,17 years,3,Male,Marketing,No,2016-10-10,Austin
23.0,25000,0 years,5,Male,Engineering,,2012-12-26,Austin
32.0,36089,10 years,3,F,Marketing,,2017-09-22,Seattle
30.0,25000,9 years,5,Female,Marketing,No,,Boston
38.0,53196,13 years,3,F,Sales,Yes,2016-06-21,Austin
32.0,51620,7 years,10,Female,Sales,No,2015-11-07,Seattle
29.0,62297,9 years,2,Female,Marketing,N,,Boston
28.0,48213,4 years,1,Female,,No,2020-09-16,
41.0,30115,20 years,4,Female,HR,Yes,2015-06-30,Boston
49.0,63136,25 years,7,,HR,Y,2023-04-18,New York
32.0,36053,6 years,1,Male,Marketing,N,2019-06-29,New York
48.0,68265,25 years,4,F,,Y,2019-03-28,Austin
43.0,52941,28 years,4,Female,Engineering,Yes,2018-03-13,New York
41.0,94146,14 years,9,,Marketing,Yes,2017-05-05,Seattle
39.0,38420,21 years,7,,,No,2014-09-28,Seattle
39.0,31753,19 years,2,Female,,No,2015-07-03,Seattle
30.0,39792,7 years,6,F,Engineering,Y,2019-10-30,
29.0,38081,3 years,1,M,HR,No,2021-06-29,New York
40.0,40935,19 years,4,M,,Yes,2022-06-27,Boston
46.0,79106,24 years,3,M,HR,Yes,2019-02-03,
32.0,48502,9 years,8,,HR,Yes,2022-10-01,
51.0,76062,33 years,1,,,N,2017-06-08,Austin
29.0,43233,7 years,2,Male,Marketing,,2020-11-30,
30.0,41707,3 years,9,Female,Sales,N,2020-06-04,Boston
28.0,45549,4 years,9,F,,Yes,2016-10-07,Boston
53.0,63043,33 years,9,Male,Engineering,Yes,2010-07-10,Austin
29.0,76142,9 years,2,,,Y,,
,30162,13 years,10,,HR,Yes,2022-11-01,
24.0,32254,3 years,2,,Sales,,2020-04-08,Austin
26.0,31404,4 years,9,Female,Engineering,Y,2018-08-07,Seattle
37.0,45635,13 years,8,,HR,,2018-02-03,
37.0,53773,23 years,8,,,No,2011-01-11,Boston
41.0,51424,17 years,9,Female,,Yes,,
27.0,30954,10 years,3,F,HR,,2019-08-29,New York
37.0,47857,14 years,10,Male,Marketing,,2017-01-19,New York
33.0,53817,7 years,10,,Engineering,Yes,2021-11-19,New York
38.0,40151,12 years,8,Male,Sales,Y,2014-09-23,New York
52.0,65952,34 years,3,Male,Engineering,No,2013-01-14,Austin
25.0,30538,0 years,8,,Sales,Yes,2019-04-27,Austin
41.0,37400,20 years,10,Male,HR,Yes,2017-01-03,Boston
41.0,56619,22 years,1,Male,HR,N,2020-11-13,Austin
25.0,25000,6 years,2,F,,Yes,2021-10-19,Boston
43.0,55498,22 years,6,F,Marketing,,2017-06-10,Austin
31.0,25000,9 years,6,Male,,Yes,2023-05-09,
,65923,19 years,5,Male,HR,Yes,2014-08-19,Boston
29.0,34907,12 years,4,F,Engineering,Yes,2015-06-17,New York
18.0,25000,0 years,5,,Sales,Y,,Boston
39.0,29999,13 years,8,M,Marketing,Yes,2015-07-21,Seattle
48.0,38159,23 years,3,Male,Sales,Y,2013-02-19,Boston
37.0,59229,14 years,9,Male,HR,,2020-08-14,New York
42.0,55713,15 years,5,M,Sales,Yes,2012-08-30,Boston
18.0,32615,0 years,7,,Marketing,Yes,2014-06-11,
43.0,65413,24 years,8,F,Engineering,Yes,2015-12-12,Austin
38.0,59694,16 years,2,Female,HR,Yes,2022-06-07,Boston
37.0,29297,20 years,1,Female,,Yes,2014-04-15,New York
46.0,68507,19 years,7,F,Engineering,Yes,2019-04-05,Boston
39.0,50659,20 years,2,,Engineering,Yes,2018-06-06,Boston
36.0,51072,19 years,6,Female,Marketing,No,2014-08-20,Austin
34.0,73235,8 years,5,F,,,2017-04-03,Seattle
31.0,39805,12 years,6,,Sales,Yes,2021-07-15,Seattle
33.0,62727,10 years,8,Male,Marketing,Yes,2018-11-08,Seattle
34.0,29498,9 years,9,Male,Marketing,,2011-06-15,Austin
18.0,32578,0 years,6,Female,Engineering,Yes,2016-03-26,Seattle
19.0,31147,0 years,10,,Marketing,Y,,Austin
26.0,26998,7 years,9,Female,HR,Y,2012-03-19,
36.0,71514,15 years,4,,Engineering,No,2014-05-23,Austin
33.0,58633,8 years,7,Male,HR,Yes,2017-07-14,
,47067,19 years,6,Male,Engineering,No,,New York
43.0,55004,27 years,2,Female,HR,Yes,2022-08-07,
30.0,52239,5 years,2,F,,No,2021-05-08,
37.0,57457,10 years,7,Female,Engineering,Yes,2010-06-13,Austin
34.0,57266,11 years,6,Male,Engineering,,2020-02-20,
27.0,29049,3 years,7,Female,Engineering,Y,2017-01-08,
52.0,51704,25 years,2,Female,Engineering,,2020-08-10,New York
23.0,25000,0 years,2,,HR,No,2020-02-21,Seattle
18.0,26915,0 years,7,,Engineering,Y,2023-03-22,New York
38.0,51400,18 years,1,Female,HR,No,2018-01-09,
32.0,25959,11 years,7,F,,Y,2021-12-11,New York
29.0,51457,4 years,3,Female,HR,Y,2018-09-21,Austin
45.0,59214,24 years,1,,,No,,Seattle
41.0,66963,18 years,8,Female,Marketing,Yes,2013-12-17,Boston
38.0,25000,12 years,4,Female,Marketing,,2012-08-10,
24.0,33777,5 years,6,Male,Marketing,N,2016-09-22,Seattle
31.0,46687,8 years,5,,Sales,No,,Seattle
48.0,65880,25 years,5,Male,Sales,Yes,2021-12-06,
41.0,32925,17 years,5,,Marketing,Yes,2016-11-02,New York
18.0,61918,0 years,1,F,Marketing,No,2023-11-11,
24.0,47304,1 years,6,Male,Marketing,Y,2022-05-02,
31.0,50222,12 years,4,M,Sales,Y,2014-01-30,Austin
39.0,34180,19 years,8,Female,Engineering,Y,2023-04-02,New York
40.0,69973,20 years,4,M,Sales,Yes,2020-07-01,
39.0,59339,12 years,1,Female,HR,,2015-06-28,Austin
39.0,36705,17 years,4,Male,HR,Yes,2023-08-05,
41.0,61941,14 years,5,,Marketing,Y,2021-02-09,
44.0,49132,20 years,3,Male,HR,No,2013-05-04,Boston
35.0,47300,11 years,6,,Sales,No,2022-07-11,New York
47.0,57750,23 years,10,Male,Marketing,,2016-11-01,New York
39.0,79362,10 years,10,Male,Marketing,Yes,2012-10-05,Austin
47.0,58920,24 years,3,Female,Engineering,Yes,,
32.0,57811,16 years,2,M,Sales,Yes,2011-03-07,Austin
37.0,36546,16 years,7,Female,Engineering,N,2018-12-20,New York
23.0,25000,0 years,2,,HR,Yes,,
47.0,85205,21 years,2,Female,Engineering,No,2023-09-26,New York
18.0,39596,0 years,4,F,HR,No,2022-12-13,Boston
18.0,37642,0 years,6,Female,Marketing,No,2019-01-22,Austin
23.0,50015,0 years,6,F,Engineering,Yes,2017-04-18,
23.0,25000,1 years,1,M,Sales,Yes,2017-11-25,Boston
18.0,51075,0 years,2,F,HR,Y,2020-03-01,
34.0,45965,12 years,1,Male,HR,,,Seattle
36.0,25000,14 years,1,Female,Engineering,,2010-02-12,
32.0,60554,9 years,10,,Sales,N,2011-06-05,Seattle
31.0,63024,8 years,8,M,Sales,No,2016-03-18,
37.0,43974,13 years,5,Male,,Yes,2012-04-06,Seattle
27.0,55918,,3,F,HR,No,2010-10-12,Seattle
42.0,47683,23 years,2,Male,HR,,2011-06-05,New York
34.0,66566,8 years,4,Male,HR,Yes,2017-05-23,Austin
28.0,30757,6 years,2,F,,Y,2019-04-17,Austin
35.0,64299,11 years,9,,HR,,2011-04-23,Austin
47.0,34927,23 years,7,,Marketing,No,2020-02-08,
34.0,47025,14 years,3,Male,Marketing,Yes,2019-12-21,
38.0,39660,21 years,9,Male,Sales,Y,2016-07-29,New York
34.0,41032,12 years,2,M,Sales,N,2016-11-15,Austin
54.0,63554,,9,Female,,Y,2018-05-09,Seattle
47.0,81352,,3,,Marketing,,2017-03-03,Austin
50.0,83951,28 years,1,F,Engineering,N,2021-02-16,
28.0,45935,6 years,4,Male,HR,Yes,2023-11-16,Austin
32.0,35855,10 years,4,Female,Marketing,Yes,2010-06-02,New York
32.0,75681,10 years,5,M,Engineering,No,2023-05-18,Boston
18.0,25000,0 years,3,F,HR,Yes,2012-08-12,Austin
29.0,31332,8 years,2,M,Engineering,Yes,2018-02-10,Seattle
31.0,70734,12 years,7,Female,,Yes,2017-10-22,New York
40.0,53774,16 years,6,M,Engineering,Yes,,Seattle
30.0,41053,11 years,1,Male,Engineering,Yes,,Boston
49.0,51495,28 years,9,M,Sales,Yes,2013-08-24,New York
46.0,53283,28 years,6,Female,HR,Yes,2022-11-22,Seattle
19.0,25000,0 years,8,F,Marketing,No,,Seattle
37.0,62749,20 years,10,F,HR,N,2011-05-23,Seattle
28.0,41838,6 years,10,M,Marketing,No,2019-05-11,Austin
25.0,25000,4 years,3,,HR,Y,2013-07-15,Boston
30.0,33673,12 years,10,,Marketing,Yes,,Boston
20.0,61091,0 years,10,Female,Marketing,,2019-09-07,Boston
40.0,71586,15 years,5,F,Sales,No,2018-07-09,Seattle
21.0,42814,0 years,5,F,HR,Yes,2014-12-12,
48.0,63472,22 years,10,Male,,No,2022-01-08,Austin
56.0,57406,30 years,3,Male,,Y,2023-06-15,New York
20.0,37481,3 years,2,M,Engineering,N,2013-05-10,New York
31.0,27174,9 years,10,,,No,2015-08-08,Austin
52.0,59049,33 years,3,Male,HR,N,2023-10-16,Austin
35.0,38996,10 years,10,F,Marketing,N,2020-04-01,
33.0,25000,8 years,1,F,Sales,Y,2019-03-07,New York
51.0,78465,30 years,7,,HR,Yes,2018-07-27,Seattle
39.0,51008,14 years,10,Male,HR,Y,2022-06-09,Austin
30.0,60048,10 years,3,F,Engineering,N,,Austin
31.0,30365,8 years,3,,Marketing,No,2021-10-19,New York
28.0,25000,5 years,2,Female,Marketing,Yes,2022-09-27,New York
25.0,34253,7 years,9,F,Engineering,Yes,2010-08-12,New York
48.0,45140,23 years,3,F,Sales,Yes,,
44.0,28006,19 years,6,Male,Marketing,Y,2010-09-13,New York
41.0,56352,,6,F,Marketing,No,2017-08-05,Seattle
50.0,54394,23 years,10,M,,Yes,2015-11-04,
18.0,25888,0 years,4,Male,Marketing,Y,2010-04-16,
34.0,40492,13 years,7,F,Sales,Yes,2021-10-14,Seattle
26.0,55403,7 years,5,Male,Marketing,N,2011-10-13,
31.0,49450,8 years,7,Female,Engineering,Yes,2022-03-16,New York
18.0,49844,0 years,3,,Sales,N,2015-09-17,
40.0,86561,18 years,4,Male,HR,Yes,2013-08-06,Boston
48.0,79386,26 years,2,M,Sales,Y,,Boston
37.0,51041,15 years,8,Male,Marketing,N,2015-07-21,
30.0,65034,6 years,1,M,Engineering,,,Seattle
65.0,93952,40 years,2,M,Marketing,Yes,2018-09-20,Austin
23.0,25000,0 years,10,,Engineering,Y,,New York
38.0,33010,12 years,1,Male,,No,2023-05-13,
48.0,56407,25 years,3,Male,,Y,2017-06-01,
30.0,31507,11 years,7,F,,,,Seattle
19.0,48691,0 years,5,M,HR,Y,2022-09-18,New York
44.0,67286,17 years,10,Male,,Yes,2023-01-07,New York
31.0,25518,12 years,1,F,Marketing,N,2022-02-05,Boston
35.0,56736,15 years,7,Male,,Yes,2021-03-18,Boston
48.0,54168,21 years,6,F,HR,Y,2011-09-29,Boston
43.0,36001,19 years,4,M,Marketing,Yes,2016-09-25,Seattle
25.0,25000,2 years,5,,,No,2017-11-05,Seattle
37.0,54591,14 years,1,F,,No,2021-11-11,
18.0,25000,0 years,5,M,HR,No,2012-04-23,Seattle
24.0,25000,1 years,8,Female,Marketing,Y,2021-05-02,Seattle
46.0,52739,23 years,7,Male,,Y,2012-02-26,Seattle
36.0,70995,13 years,6,Female,Engineering,No,2017-03-21,Boston
36.0,59920,14 years,9,Male,Sales,Y,2021-03-09,Boston
31.0,43246,10 years,3,Female,Sales,No,2023-04-17,Boston
33.0,40158,11 years,7,F,Sales,No,2015-05-11,
44.0,57071,18 years,4,Male,Marketing,,2012-01-18,Seattle
33.0,60237,7 years,9,,,,2017-05-21,New York
43.0,64847,17 years,9,,,Yes,2014-11-12,Austin
47.0,52472,27 years,5,Female,Engineering,Yes,2016-06-24,Austin
29.0,50701,9 years,10,F,Sales,Y,2016-11-30,
35.0,48990,11 years,5,Female,Engineering,Yes,2014-03-25,
18.0,29778,0 years,1,F,HR,,2014-12-17,
34.0,26332,9 years,7,,Engineering,Y,2018-06-04,Austin
38.0,40715,10 years,1,M,HR,Y,2014-07-07,Boston
37.0,50429,19 years,8,M,HR,No,2010-12-20,Boston
28.0,50368,9 years,1,F,Engineering,Yes,2015-06-24,
32.0,31736,9 years,4,Female,Sales,,2012-12-23,
51.0,33874,27 years,6,Female,Marketing,Y,2011-03-19,New York
25.0,46568,6 years,5,F,Marketing,,2021-06-12,Austin
18.0,63673,0 years,7,M,Engineering,Yes,2010-09-01,New York
32.0,50157,7 years,7,Male,HR,Yes,2023-09-02,New York
37.0,40320,13 years,2,Male,HR,Yes,2018-04-19,
37.0,62304,20 years,3,Male,,No,2013-07-29,
33.0,60433,9 years,4,,Engineering,Yes,2023-03-16,Austin
42.0,59852,22 years,9,F,Sales,Y,2010-09-10,New York
48.0,64714,24 years,2,Male,,No,2020-05-10,New York
39.0,58563,,10,Female,Marketing,N,2016-10-14,
36.0,33795,15 years,3,M,Engineering,,2019-10-10,Boston
26.0,40827,1 years,10,Female,Sales,Y,2022-06-09,
30.0,37464,10 years,2,Male,,Y,2021-01-11,Seattle
61.0,61347,35 years,8,Female,Marketing,Y,2022-05-17,Austin
30.0,26520,8 years,3,Male,Sales,Yes,2016-03-20,Seattle
21.0,25000,0 years,1,M,HR,N,2019-01-18,
40.0,75191,17 years,8,M,Sales,Y,2019-11-27,Austin
34.0,25000,7 years,9,Male,,Y,2013-11-11,
44.0,45345,24 years,4,Male,Engineering,Y,2017-09-20,Seattle
35.0,37052,16 years,8,Male,Marketing,,2011-03-08,New York
31.0,41242,6 years,5,F,Marketing,Yes,2022-05-08,Seattle
46.0,68699,25 years,9,Male,Engineering,Y,2012-10-25,New York
42.0,66034,22 years,4,F,Marketing,,2019-01-18,New York
30.0,52583,6 years,1,Male,Sales,No,,Austin
32.0,25000,10 years,5,Female,Engineering,Y,2014-04-11,Austin
23.0,25000,3 years,1,,,N,2021-10-27,Seattle
26.0,56557,4 years,3,Male,Engineering,No,2022-02-20,Boston
24.0,34287,5 years,10,Male,Sales,,2023-03-30,Boston
48.0,52582,25 years,10,Female,Marketing,Yes,2013-12-07,New York
25.0,51392,4 years,4,F,Engineering,Y,,Boston
40.0,41207,21 years,3,Male,Engineering,No,2022-01-19,New York
45.0,77026,17 years,2,Female,,Y,2013-05-09,Boston
36.0,46362,10 years,6,M,HR,No,2018-12-16,Austin
32.0,25000,10 years,10,Female,HR,,,
38.0,48135,,8,M,HR,Y,,
43.0,89499,21 years,10,Male,HR,,2020-03-03,Seattle
33.0,25000,11 years,10,Male,Sales,Y,2014-06-24,New York
23.0,25000,0 years,2,M,,,2019-07-13,Austin
43.0,78545,20 years,9,Female,Sales,,2019-12-26,Austin
36.0,62029,12 years,10,Male,,Yes,2021-11-21,Boston
51.0,79303,28 years,2,Female,HR,Y,2019-01-27,New York
41.0,48251,13 years,2,M,HR,No,2015-09-03,Boston
44.0,35825,18 years,5,Female,HR,No,2019-02-04,
34.0,36890,11 years,5,Male,,No,2013-09-21,Seattle
,68605,17 years,1,Female,,Y,2023-07-23,Seattle
25.0,27224,4 years,9,F,HR,Y,2013-09-06,Seattle
49.0,78509,24 years,9,,Sales,,2011-01-02,Seattle
37.0,50691,15 years,7,F,,No,2018-08-18,
40.0,49397,22 years,7,Male,,No,2017-04-03,Boston
18.0,43524,0 years,5,Female,,Y,2011-06-02,Seattle
29.0,38915,4 years,3,Female,Marketing,Yes,,New York
41.0,25000,20 years,1,Female,HR,N,2017-02-18,Austin
18.0,44047,0 years,2,F,Engineering,Y,2019-08-04,Seattle
20.0,34708,0 years,10,M,,N,2018-08-19,Austin
39.0,35330,13 years,1,F,Marketing,Y,2013-11-14,Seattle
25.0,48444,1 years,4,Male,Sales,Y,2016-01-21,
,51324,28 years,3,F,Marketing,Y,2017-05-24,
43.0,81955,21 years,4,F,,No,2017-04-27,Boston
24.0,62846,3 years,10,F,Marketing,N,,New York
25.0,28640,1 years,6,M,Marketing,No,2012-05-19,
34.0,29110,11 years,5,F,Engineering,,2023-07-25,Austin
,50560,29 years,1,Male,Engineering,,2011-04-06,New York
45.0,54697,24 years,7,F,,,2021-01-11,Seattle
35.0,47504,9 years,6,Female,Sales,,2022-09-21,Austin
34.0,62583,13 years,8,M,Engineering,,2019-05-06,New York
29.0,69682,6 years,1,F,Marketing,Yes,2022-11-05,Seattle
34.0,41061,11 years,4,,,,2015-12-31,Austin
46.0,51325,22 years,5,Male,Sales,Yes,2018-01-12,Seattle
47.0,43578,26 years,7,F,Sales,Yes,2022-02-09,Boston
20.0,39303,0 years,10,,Engineering,Y,2016-07-29,Austin
52.0,53927,28 years,9,F,Marketing,Yes,2013-06-20,Boston
38.0,39510,15 years,2,,Engineering,No,2018-04-23,
37.0,25000,24 years,5,Female,Sales,,2022-04-27,Seattle
42.0,41728,19 years,10,Male,,,2020-04-17,
35.0,46580,9 years,4,Male,,Y,2018-12-22,Seattle
30.0,44707,11 years,7,Female,HR,Y,,
23.0,25000,0 years,3,F,,Yes,2021-07-27,Boston
53.0,44219,28 years,4,F,Marketing,,2020-05-12,Seattle
38.0,47881,15 years,6,Male,Engineering,Y,2018-11-16,Austin
36.0,40814,14 years,3,Male,HR,No,2012-07-01,New York
24.0,25000,6 years,7,,Marketing,,2010-11-20,Boston
24.0,25000,4 years,9,Female,,,2018-09-12,New York
22.0,52291,0 years,4,Female,Sales,,2012-11-05,Boston
45.0,51679,22 years,7,,HR,Yes,2011-06-09,Seattle
36.0,32961,20 years,9,Male,Marketing,,2023-12-07,Austin
27.0,35703,4 years,5,Male,Sales,Y,2022-02-02,Seattle
18.0,40190,3 years,10,,,Yes,2021-04-20,Seattle
18.0,25000,0 years,9,Female,Sales,Yes,2021-08-21,
36.0,52363,15 years,10,F,Engineering,No,2011-01-12,
33.0,62827,11 years,7,M,Engineering,Yes,2011-07-18,Austin
30.0,47318,11 years,7,Male,Marketing,,2011-07-15,New York
32.0,68028,,1,Male,Marketing,No,2010-08-20,
32.0,37114,12 years,10,Female,HR,Yes,2023-02-15,Seattle
37.0,67977,15 years,7,Male,HR,N,,
27.0,39331,3 years,4,Male,Sales,Y,2017-03-29,New York
33.0,42184,8 years,8,F,Sales,,2010-07-31,Austin
18.0,25000,0 years,2,M,,Y,2012-02-01,Austin
45.0,56314,,1,,Engineering,Y,2014-10-02,
31.0,53665,10 years,4,,HR,Yes,2013-05-08,Seattle
35.0,90111,13 years,6,M,Engineering,Y,2012-08-23,
22.0,25000,1 years,4,Female,,Y,2016-08-09,Boston
34.0,33656,10 years,5,M,HR,Y,2018-04-11,Seattle
22.0,38882,2 years,7,Female,Sales,N,2022-02-15,Seattle
,59564,18 years,5,Male,Marketing,,,
33.0,30137,9 years,1,M,Engineering,Y,2020-05-27,New York
34.0,44060,11 years,4,Male,HR,,2013-04-22,
34.0,57923,,2,M,Engineering,Y,2012-05-23,Boston
48.0,47117,27 years,9,M,Marketing,Yes,2014-12-19,
37.0,52100,11 years,4,Female,Marketing,Yes,,Seattle
39.0,63750,16 years,7,F,Sales,N,2021-04-08,Austin
32.0,53351,7 years,2,Male,Marketing,,2015-04-12,Austin
41.0,56679,23 years,6,Female,Engineering,,2017-06-06,New York
30.0,35535,9 years,10,Male,,Yes,2014-01-09,Seattle
23.0,25000,0 years,9,F,Marketing,Y,2020-05-21,Seattle
42.0,52881,23 years,6,Female,,Y,2015-12-26,Seattle
29.0,54227,3 years,7,,HR,Yes,2010-03-01,New York
31.0,49311,11 years,7,F,Engineering,Y,2021-11-25,Seattle
34.0,54504,8 years,9,,HR,Yes,2023-03-12,Seattle
40.0,37805,19 years,8,F,Marketing,Y,2016-12-16,Austin
40.0,63791,24 years,10,,Marketing,Yes,2017-11-09,
28.0,56267,5 years,6,Male,,Yes,2023-11-21,Seattle
36.0,48648,13 years,1,Female,HR,Yes,2015-07-27,
37.0,45073,14 years,2,,Marketing,N,2018-02-23,Boston
34.0,44009,10 years,9,Female,Engineering,,2020-01-12,
23.0,47875,0 years,3,,Marketing,No,,Boston
,25000,1 years,2,F,Engineering,No,2017-05-09,Boston
43.0,64728,20 years,5,M,HR,Y,2011-06-07,
41.0,34976,17 years,4,Female,Engineering,Yes,2018-07-31,Austin
27.0,46830,7 years,2,Female,,Yes,2010-08-26,Boston
23.0,25000,5 years,9,,Engineering,No,2020-03-13,New York
37.0,61615,16 years,10,Female,HR,Y,2011-03-07,Seattle
54.0,74144,29 years,6,,HR,No,2023-02-01,Seattle
42.0,58038,18 years,2,Male,HR,Y,2012-11-25,
36.0,67516,9 years,9,Female,Marketing,N,2010-01-18,
33.0,67727,12 years,9,F,,Y,2012-01-31,Austin
32.0,47458,6 years,7,Male,,Yes,2013-07-31,New York
28.0,37078,2 years,4,M,Marketing,Yes,,Austin
41.0,51816,21 years,7,,,Y,2016-05-06,
47.0,54480,27 years,3,M,Sales,,2011-06-25,Austin
46.0,45460,23 years,2,Female,,N,2017-02-05,Boston
53.0,80562,28 years,4,Female,Sales,Y,2010-07-27,Seattle
19.0,25000,0 years,4,Male,Sales,Y,2017-04-02,Boston
22.0,56131,0 years,8,Female,Sales,Y,2019-12-31,Boston
27.0,34218,7 years,2,M,Sales,Y,,Austin
56.0,50680,37 years,4,,Sales,,,Boston
18.0,26372,0 years,1,Female,Engineering,Y,2023-03-08,Austin
18.0,25000,0 years,10,Female,Marketing,Yes,2013-02-01,Austin
56.0,57235,31 years,8,F,Engineering,Yes,2017-04-11,Austin
33.0,25000,11 years,3,,Marketing,,2011-04-16,New York
40.0,60351,24 years,3,F,Marketing,Y,2014-07-18,New York
43.0,83286,21 years,1,M,Sales,Yes,2018-11-26,Boston
43.0,47576,28 years,8,Female,Engineering,Yes,2014-06-26,Seattle
32.0,54476,7 years,2,Female,Engineering,Y,2017-03-08,Seattle
37.0,73889,14 years,2,F,Marketing,,2014-05-07,Austin
29.0,54493,6 years,6,M,,,,Austin
24.0,28978,2 years,3,Male,,Y,2013-06-26,Boston
40.0,49943,15 years,2,,Sales,No,2016-02-21,
29.0,40776,4 years,8,Female,,Y,2012-07-21,Austin
46.0,63031,19 years,4,Male,Marketing,,,Boston
35.0,36115,,3,F,Sales,,2017-01-09,Austin
32.0,55382,13 years,8,Male,Marketing,Yes,2018-05-30,Boston
26.0,50522,0 years,10,,HR,Yes,2013-09-20,
49.0,58625,27 years,5,Female,HR,,,Seattle
35.0,48725,12 years,2,,HR,Y,2011-05-04,Austin
44.0,33370,17 years,3,,,Yes,2017-03-03,Austin
34.0,25000,14 years,8,M,Engineering,Yes,2013-02-09,Seattle
34.0,42730,9 years,3,Male,Engineering,No,2012-01-20,New York
39.0,49692,16 years,1,F,Engineering,Yes,,Austin
18.0,56559,0 years,6,,Marketing,,2018-11-11,Seattle
37.0,32545,10 years,1,Female,Sales,Yes,2017-05-03,Seattle
23.0,44793,2 years,5,M,HR,Yes,2014-03-22,New York
41.0,68989,19 years,10,Male,HR,No,2013-12-10,New York
28.0,40660,5 years,7,,HR,,,Austin
35.0,73976,12 years,3,,,No,2013-05-23,
22.0,45624,0 years,5,,Sales,Yes,2019-03-14,New York
32.0,34832,13 years,1,Male,HR,,2019-12-01,New York
20.0,35948,0 years,2,F,Sales,,2012-10-06,Seattle
35.0,45533,18 years,6,Male,,Yes,2016-02-21,Austin
31.0,56914,7 years,5,,Engineering,Yes,2010-12-29,New York
48.0,63550,24 years,4,Female,,No,2016-02-14,Boston
35.0,37449,8 years,10,M,,Y,,
37.0,51409,,10,,,Yes,2020-07-24,Seattle
24.0,38160,0 years,3,Female,,Yes,2021-10-01,Boston
33.0,60471,13 years,3,Female,Marketing,,2018-02-17,Boston
33.0,25000,10 years,9,F,Engineering,,2015-06-15,Seattle
33.0,45564,11 years,9,,Sales,Yes,2017-02-17,Seattle
43.0,47086,17 years,3,Male,Sales,No,2020-10-23,Austin
22.0,43630,0 years,9,F,Sales,No,2012-07-16,New York
39.0,37999,19 years,1,F,Sales,,,Seattle
40.0,54719,17 years,6,Male,Sales,,2013-07-04,New York
39.0,50680,18 years,5,Male,,Yes,2017-10-08,Boston
41.0,59256,,2,,,Yes,2013-07-01,Boston
34.0,25000,15 years,2,Male,,Y,2023-08-04,Boston
36.0,60904,17 years,9,F,HR,Yes,2014-01-29,Austin
18.0,43727,0 years,4,F,Marketing,Yes,2023-06-17,Seattle
27.0,25555,6 years,8,Male,Engineering,,2023-03-07,Boston
22.0,30637,2 years,7,F,Marketing,Yes,2010-01-31,Seattle
26.0,49079,10 years,8,Male,,Yes,2017-01-05,Austin
29.0,38272,5 years,4,Male,Sales,Y,2016-08-13,Boston
24.0,25088,5 years,2,Female,Engineering,Y,2021-09-08,
20.0,25000,4 years,6,M,Sales,Y,2014-10-18,Boston
35.0,54445,15 years,6,,HR,Yes,2019-04-24,Seattle
22.0,38608,0 years,6,,Sales,Yes,2013-09-09,Austin
31.0,25000,4 years,9,,Sales,N,2011-09-28,
33.0,46542,,10,Male,Engineering,Yes,2012-06-27,Boston
21.0,44944,0 years,1,Male,,Y,2011-08-02,
18.0,28831,0 years,9,Female,Engineering,No,2010-10-11,
22.0,25000,2 years,2,F,Sales,,2018-07-05,
37.0,62111,17 years,6,F,Marketing,No,2015-07-12,Austin
33.0,48634,11 years,7,,,Yes,2017-06-21,Austin
50.0,57397,,6,Female,HR,N,,Seattle
41.0,45576,21 years,5,,Sales,Yes,2015-08-10,Boston
47.0,49627,23 years,6,M,Sales,Yes,2023-05-23,Seattle
23.0,25000,0 years,9,M,Marketing,No,2014-08-08,Austin
42.0,46875,18 years,10,,,No,2018-09-09,Austin
37.0,60350,11 years,4,Male,Sales,Yes,2012-09-05,Austin
25.0,25000,5 years,3,M,,,2022-04-01,Boston
36.0,63916,13 years,4,Female,Sales,Yes,2021-02-07,Austin
45.0,35560,21 years,8,Male,Marketing,Yes,2015-04-24,Austin
40.0,61944,16 years,2,Female,Engineering,Yes,2013-03-12,
29.0,41703,4 years,5,Female,,No,2022-11-08,Austin
40.0,53461,18 years,6,Female,Engineering,No,2014-01-14,Boston
32.0,35224,8 years,9,Female,HR,,,New York
,25733,9 years,9,Male,Marketing,Y,2019-08-14,Austin
39.0,73919,15 years,4,M,,,2017-06-20,
52.0,87785,29 years,7,Female,HR,No,,Seattle
24.0,28384,2 years,7,F,Sales,,2016-09-25,
22.0,34663,0 years,4,M,Engineering,No,2017-05-21,
47.0,57948,23 years,1,Female,Marketing,N,2016-05-26,New York
51.0,71751,30 years,7,M,Engineering,,2019-07-04,Seattle
45.0,58526,19 years,7,,,Y,2017-12-01,Boston
,67102,37 years,10,,Marketing,Yes,2014-04-09,
40.0,43479,17 years,2,Male,Engineering,Y,,New York
31.0,48153,9 years,10,Female,Sales,Y,2019-07-29,
37.0,28270,18 years,1,Female,Engineering,,2023-07-31,Seattle
18.0,36130,0 years,9,Female,Engineering,Yes,2011-09-10,New York
35.0,39259,13 years,6,M,Marketing,No,2017-03-01,
20.0,25000,2 years,9,Female,Engineering,Y,2010-01-26,Seattle
44.0,50574,,6,Male,,,2012-04-14,Seattle
18.0,25000,0 years,4,Female,,Yes,2011-11-22,New York
55.0,82189,32 years,10,F,Engineering,Yes,2015-06-08,New York
35.0,46566,10 years,9,Female,HR,Yes,2019-07-12,
52.0,66199,28 years,6,,,,,Boston
27.0,40865,1 years,1,Female,HR,No,2018-12-18,Austin
,54212,8 years,6,Female,Engineering,Y,2017-01-05,Boston
30.0,41588,7 years,8,Male,Engineering,Y,2012-11-16,Seattle
29.0,61804,7 years,6,F,Engineering,Yes,2017-07-18,Austin
28.0,69529,6 years,9,Male,Sales,Y,2013-10-17,Boston
47.0,59521,28 years,2,Female,Sales,Y,2016-11-02,
44.0,77141,17 years,6,Female,Sales,Yes,2018-11-21,New York
42.0,37172,22 years,9,,HR,Yes,2011-08-04,Austin
28.0,39665,11 years,9,,HR,Y,2017-01-04,Austin
29.0,36144,10 years,3,,,No,2016-07-05,New York
51.0,64168,27 years,1,M,Sales,Y,2017-12-11,New York
25.0,26506,6 years,9,Male,Engineering,,,Austin
29.0,42477,8 years,2,F,HR,Yes,2012-12-22,Austin
33.0,62378,5 years,3,Male,Marketing,N,2017-10-03,
41.0,27421,19 years,5,F,Sales,,2010-07-23,
18.0,42458,0 years,4,Male,,No,2019-06-28,
37.0,65253,16 years,9,F,Sales,,2021-03-10,New York
36.0,51537,14 years,5,Male,Engineering,Y,2012-01-12,New York
50.0,62756,25 years,5,Male,Engineering,Y,2021-01-10,Seattle
24.0,25000,0 years,9,,Engineering,N,2021-11-19,Austin
45.0,77215,24 years,10,,,Yes,2015-12-31,Austin
34.0,27658,7 years,6,,,No,2010-12-24,
33.0,45419,12 years,3,Male,Engineering,Y,2015-10-14,Boston
29.0,25000,3 years,6,F,Sales,Yes,2020-04-23,
18.0,25000,0 years,1,M,Engineering,,2011-10-16,Seattle
34.0,48826,,5,M,Engineering,Yes,2018-06-09,Seattle
32.0,42329,,10,M,Sales,Yes,2014-06-22,New York
24.0,48233,0 years,3,Male,HR,,,Boston
32.0,40420,13 years,4,Female,Engineering,Y,2021-02-09,Seattle
32.0,42798,11 years,1,Male,HR,Y,2023-10-13,Austin
42.0,39343,14 years,6,M,Marketing,,2012-01-22,New York
39.0,66926,18 years,6,M,Sales,,2017-05-29,Austin
23.0,41229,0 years,9,F,Marketing,No,2023-08-10,
28.0,62258,6 years,6,Female,,,2023-09-07,Boston
41.0,68981,18 years,10,M,Sales,Y,2022-01-18,Austin
43.0,61234,26 years,1,Male,Engineering,Y,2023-07-31,Seattle
38.0,45102,16 years,2,M,,Y,2017-09-08,Seattle
35.0,32944,14 years,8,,Sales,Y,2011-07-08,New York
22.0,25000,1 years,9,Male,HR,No,2017-01-31,Boston
34.0,36127,9 years,4,Male,Marketing,N,2022-01-25,
29.0,41828,7 years,1,Male,HR,,2010-12-04,New York
29.0,31341,6 years,8,,HR,No,2011-11-09,
23.0,25000,0 years,4,F,Engineering,No,2010-02-28,
33.0,60861,9 years,4,Female,Engineering,Yes,2013-07-13,Seattle
24.0,43765,6 years,8,F,Engineering,Yes,,Austin
55.0,59277,25 years,2,M,Marketing,,2023-05-11,
40.0,69217,14 years,3,F,Engineering,Yes,2018-06-17,Seattle
36.0,76027,14 years,8,,Sales,Yes,2018-01-19,New York
32.0,25000,11 years,9,F,HR,,2018-06-07,Seattle
42.0,41905,21 years,9,,Sales,Yes,,Seattle
,53660,8 years,3,,Sales,Yes,2011-03-03,
26.0,48141,2 years,7,M,,Yes,2021-01-08,Seattle
47.0,50286,26 years,7,M,Sales,,2013-11-27,Boston
29.0,55492,9 years,5,M,Marketing,,2015-03-21,Seattle
44.0,47072,16 years,5,,Marketing,No,2015-09-09,New York
18.0,41736,0 years,9,F,,,2022-03-12,New York
26.0,31351,,2,Female,Sales,No,2020-10-31,Austin
26.0,52076,,9,M,Marketing,,2011-02-03,Boston
26.0,44784,4 years,7,M,,Y,,Boston
35.0,63142,15 years,6,Male,Sales,Yes,,New York
34.0,25000,12 years,6,M,,Yes,2021-08-14,
26.0,56457,6 years,9,F,Marketing,Yes,2020-10-05,Seattle
35.0,36679,13 years,5,,,Y,2013-11-05,Austin
22.0,47540,5 years,3,M,Marketing,Y,,Austin
42.0,62271,22 years,8,Female,Engineering,Y,,Austin
42.0,60570,23 years,3,F,Sales,,2017-02-12,
32.0,54483,8 years,9,Female,Engineering,Yes,2010-12-26,Seattle
38.0,41117,16 years,10,M,Marketing,No,2011-11-20,
39.0,29837,12 years,4,Female,Marketing,,2022-11-11,Boston
39.0,45033,9 years,9,Male,HR,No,2012-07-09,Austin
18.0,30583,0 years,8,Male,HR,,2019-01-28,
28.0,34186,5 years,2,Male,Engineering,Y,2021-11-23,Austin
51.0,55565,28 years,8,Male,Engineering,Yes,2011-12-10,
29.0,40520,6 years,5,Female,Engineering,Yes,2020-02-06,New York
23.0,59260,1 years,3,M,HR,Yes,2015-10-22,New York
48.0,55275,21 years,9,,Marketing,,2013-03-15,Austin
51.0,76760,30 years,1,F,HR,,2016-05-05,Boston
28.0,64221,2 years,4,Female,,Yes,2022-12-15,Boston
40.0,46024,14 years,7,Female,Marketing,No,2014-10-26,Boston
28.0,58150,11 years,7,M,Engineering,N,2015-10-06,Boston
24.0,25000,2 years,1,,Sales,N,,
38.0,50763,23 years,8,Male,Sales,Y,2012-07-24,New York
28.0,36807,6 years,8,F,,Y,2017-09-28,
49.0,73220,21 years,8,,Sales,Yes,2011-10-10,Austin
19.0,28580,0 years,8,M,HR,Yes,2018-01-24,Seattle
31.0,54497,7 years,5,,,No,2010-06-05,Seattle
30.0,51590,6 years,8,Male,HR,Yes,2020-11-20,
46.0,25000,26 years,6,M,HR,No,2010-09-09,Seattle
35.0,31626,16 years,2,Male,Sales,Yes,2012-05-22,
42.0,80128,27 years,4,Female,,Y,2016-01-08,New York
55.0,55185,35 years,7,Male,Sales,N,2018-06-01,New York
31.0,39011,6 years,2,,Engineering,,2015-02-10,New York
49.0,76390,28 years,8,F,Sales,,,Boston
28.0,47889,3 years,8,Male,Sales,,2011-11-28,New York
39.0,33054,18 years,8,Female,HR,N,2014-06-18,Austin
31.0,50808,3 years,7,Female,Engineering,Y,2010-06-20,Seattle
55.0,72347,31 years,4,Female,Engineering,Yes,2019-04-06,Boston
43.0,61066,21 years,4,F,Engineering,Y,,Austin
42.0,60373,18 years,6,F,Sales,,2014-12-25,Seattle
51.0,65541,26 years,4,M,,,2021-01-02,Austin
30.0,31236,7 years,1,,Marketing,Yes,2022-07-13,Seattle
,68623,23 years,3,Female,Engineering,Y,2016-09-02,Seattle
53.0,91474,27 years,3,Female,Sales,Yes,2016-01-13,Boston
61.0,28094,35 years,4,M,Sales,,2016-06-29,New York
34.0,45407,11 years,8,F,Engineering,Yes,2013-08-14,New York
35.0,51448,11 years,9,,,N,2010-08-01,Seattle
27.0,26730,5 years,9,F,Sales,Yes,2021-12-28,Boston
42.0,64101,24 years,9,Female,Sales,No,2023-07-28,Seattle
40.0,63327,15 years,3,Female,HR,No,2021-07-24,Boston
27.0,51954,10 years,5,Male,Engineering,Yes,2016-10-27,Seattle
28.0,64439,6 years,8,Female,Sales,Yes,2014-09-13,Seattle
51.0,48733,25 years,8,M,Sales,Yes,2010-09-22,Austin
36.0,28439,12 years,8,M,Marketing,Y,2014-02-02,New York
52.0,46277,29 years,4,,Marketing,Yes,2021-02-27,New York
31.0,47406,10 years,4,F,Sales,N,2020-07-14,
37.0,57017,11 years,7,M,HR,No,2021-05-27,Boston
47.0,78690,28 years,2,F,Sales,No,2014-03-28,Boston
34.0,38230,14 years,6,,HR,No,2016-04-15,
50.0,44794,31 years,4,,Engineering,,2016-06-14,Seattle
32.0,67864,5 years,8,F,Marketing,Y,2020-11-18,
39.0,50528,12 years,10,F,Engineering,Y,2020-06-21,Seattle
33.0,50137,11 years,8,M,Sales,N,2018-11-10,New York
36.0,52315,10 years,10,,Marketing,Yes,2011-03-27,New York
41.0,51773,21 years,3,,HR,Y,2018-01-30,
39.0,44500,16 years,7,Male,Marketing,,2014-07-22,Austin
31.0,25000,4 years,3,M,Sales,Yes,2023-06-13,New York
,47031,10 years,3,Male,Marketing,Y,2020-02-07,
36.0,52674,11 years,10,Female,,Yes,2017-03-25,Austin
32.0,61530,16 years,1,Female,Marketing,,2018-12-21,Boston
40.0,59458,16 years,8,,HR,Yes,2011-12-14,Boston
32.0,42183,12 years,2,Female,Engineering,Yes,2014-10-13,Seattle
29.0,40591,11 years,9,F,Marketing,Y,2023-05-07,New York
23.0,30737,0 years,2,M,Sales,Y,2011-02-02,Boston
31.0,28511,13 years,4,,Engineering,,2011-04-25,Seattle
35.0,39859,19 years,2,Female,,No,2021-03-23,Austin
22.0,32571,2 years,4,F,Engineering,,2017-04-11,Austin
34.0,30861,10 years,3,,Marketing,,2020-07-22,Boston
45.0,46372,19 years,2,Male,,Y,2019-07-02,Boston
46.0,45937,26 years,6,F,HR,,2018-01-06,Seattle
41.0,64653,23 years,5,F,Engineering,Y,2019-10-16,New York
25.0,44823,0 years,2,Male,HR,Yes,2012-04-19,
26.0,37324,4 years,5,Male,Marketing,Y,2017-11-19,Boston
32.0,25000,8 years,1,F,Marketing,Yes,2017-03-10,
38.0,32328,19 years,8,F,HR,No,2012-08-21,Austin
44.0,56142,18 years,7,F,Engineering,N,2015-03-22,New York
33.0,52180,9 years,6,Male,Marketing,Y,,
38.0,81293,12 years,2,Male,Marketing,,2023-10-07,Austin
25.0,51925,4 years,10,Female,HR,Yes,2012-05-05,Boston
20.0,70419,0 years,6,M,Sales,Yes,2012-07-22,Austin
34.0,60906,9 years,3,Female,,Yes,2011-01-12,Boston
22.0,25000,0 years,4,Male,Engineering,Yes,2010-08-20,Austin
33.0,39202,11 years,7,M,,Yes,2016-04-27,Boston
30.0,28377,9 years,10,Male,,,,Boston
29.0,44261,3 years,1,Female,Engineering,Yes,,
34.0,25000,10 years,1,,Sales,Yes,,
30.0,36019,5 years,8,Male,Engineering,No,2011-11-25,Austin
39.0,53540,18 years,7,M,Sales,No,2013-10-05,New York
18.0,25000,0 years,2,Female,Marketing,Y,2016-10-15,
18.0,43676,0 years,9,F,Engineering,Yes,2019-06-22,Austin
24.0,38630,9 years,7,Female,,Yes,2023-01-19,Boston
36.0,30174,13 years,6,,Marketing,,2018-05-17,New York
23.0,51713,0 years,5,Female,Sales,Y,2017-12-23,
28.0,52274,7 years,5,F,Sales,No,,Austin
62.0,55172,38 years,2,Female,Engineering,,2022-05-16,
36.0,50895,19 years,9,F,Sales,Yes,2017-08-28,Boston
31.0,39238,12 years,1,F,,Yes,2022-12-18,Seattle
21.0,47273,3 years,2,,Marketing,,2016-03-02,Seattle
25.0,29681,5 years,3,M,Sales,Y,2020-06-05,Austin
40.0,59190,23 years,2,Male,Sales,Yes,2021-08-02,
35.0,64428,15 years,1,F,Sales,Y,2023-08-16,
34.0,50213,10 years,1,Female,,Y,2015-08-22,Seattle
18.0,36911,0 years,5,,,Y,2011-03-06,Boston
39.0,28690,21 years,7,F,Sales,Yes,2016-07-16,Seattle
31.0,26198,8 years,10,Male,Sales,Y,2020-09-22,
32.0,43212,6 years,10,,,Y,,Boston
51.0,86073,32 years,7,Female,Engineering,,,New York
40.0,52483,16 years,2,Male,Sales,Yes,2011-08-04,Seattle
37.0,28175,8 years,8,Female,Marketing,Yes,2012-11-13,
18.0,25000,,2,,Marketing,No,2017-09-22,Seattle
,50800,13 years,9,,,Yes,2017-09-09,Austin
38.0,64320,14 years,3,Female,Sales,N,2022-01-18,
23.0,34204,4 years,7,Female,Engineering,Y,2020-01-31,Boston
30.0,46547,12 years,4,Male,Marketing,No,2014-02-22,Austin
35.0,25000,12 years,8,M,,,2017-08-04,Boston
18.0,34236,0 years,7,F,Marketing,Yes,2015-10-21,Boston
27.0,36195,6 years,10,Female,HR,Yes,2023-09-19,Austin
26.0,75548,3 years,5,Female,Marketing,Y,2014-04-29,New York
25.0,46808,4 years,9,F,Marketing,Yes,2012-07-13,
,37304,11 years,7,M,Engineering,Y,2018-09-21,
29.0,25000,9 years,4,,Sales,No,2019-03-20,Seattle
40.0,38406,19 years,1,,Engineering,No,2023-11-26,New York
36.0,62029,12 years,10,Male,,Yes,2021-11-21,Boston
46.0,71179,24 years,3,Female,Marketing,,,Boston
40.0,61058,10 years,1,,Sales,No,2011-06-16,Seattle
25.0,29064,6 years,6,M,Marketing,Yes,2013-04-02,New York
40.0,73536,16 years,1,Male,,Y,2016-02-06,Seattle
42.0,66381,17 years,4,M,Engineering,Yes,,New York
44.0,61309,24 years,4,Female,Marketing,,2010-02-03,Seattle
52.0,72927,25 years,6,Female,Engineering,No,2022-12-15,Boston
35.0,29706,10 years,1,Male,Sales,No,2012-04-25,New York
30.0,30127,7 years,7,F,HR,Yes,2022-10-17,New York
23.0,25278,0 years,10,F,,N,2017-12-20,Boston
54.0,70341,31 years,4,F,Sales,,2020-07-11,Austin
43.0,65508,22 years,8,Male,Sales,Yes,2017-07-28,Seattle
21.0,42121,0 years,8,Male,,Yes,2014-07-25,New York
34.0,33757,4 years,6,Female,Sales,,2020-09-01,Seattle
39.0,52961,17 years,3,Female,HR,Y,2019-10-30,Austin
45.0,47038,23 years,5,M,Engineering,No,2020-01-12,
27.0,25000,3 years,9,Male,Marketing,Y,2019-06-07,Seattle
35.0,58608,14 years,5,Male,,Yes,2011-11-27,
36.0,48002,14 years,1,Female,,Y,2010-08-25,
34.0,41963,6 years,7,Male,HR,,2023-06-16,
28.0,34695,10 years,9,,Marketing,,2015-05-23,New York
39.0,41411,19 years,5,Female,Engineering,N,2023-11-08,Boston
43.0,56142,20 years,7,Female,Engineering,Yes,,Austin
36.0,45265,8 years,1,M,Engineering,Yes,2017-07-06,
32.0,59050,9 years,9,Female,Engineering,No,2019-08-11,Austin
41.0,33716,16 years,3,Female,Sales,Yes,2014-03-24,Austin
28.0,25498,13 years,8,Female,Sales,Yes,2018-05-15,Seattle
47.0,63007,25 years,7,M,,Y,2021-02-06,Austin
26.0,56171,2 years,8,,,Yes,2012-09-18,
38.0,42756,13 years,9,F,Marketing,Yes,2022-10-11,Austin
26.0,30269,4 years,2,Female,Sales,,2021-01-10,New York
45.0,46280,22 years,9,F,,No,2022-06-02,
29.0,25000,5 years,4,F,Sales,Yes,2017-11-24,Seattle
33.0,33527,12 years,3,Female,Sales,No,2019-07-15,
44.0,39614,17 years,10,,Marketing,N,2013-10-08,Seattle
39.0,45370,14 years,6,Female,Marketing,No,2019-07-20,Seattle
38.0,30861,15 years,9,Female,,No,2015-12-27,
42.0,74141,21 years,2,,Engineering,No,,
44.0,51160,23 years,7,Female,,Yes,2021-12-11,Boston
38.0,41146,13 years,2,Female,HR,Yes,2017-05-25,Seattle
43.0,46797,20 years,7,M,,,2014-02-16,Seattle
33.0,48077,13 years,9,Male,Engineering,No,2010-04-04,Seattle
64.0,49769,40 years,6,Male,Engineering,N,,Austin
30.0,67946,11 years,2,Female,Marketing,No,2013-05-02,Seattle
33.0,43785,11 years,7,Female,Engineering,Yes,2014-04-01,New York
41.0,53405,17 years,10,Female,Marketing,No,2017-06-10,Austin
43.0,85605,24 years,9,Female,HR,,2022-01-30,New York
33.0,47726,8 years,3,,Marketing,No,2011-01-21,New York
45.0,71980,27 years,10,M,HR,Y,2016-04-17,Seattle
43.0,71994,25 years,7,Male,Sales,,2014-03-17,New York
23.0,50038,1 years,5,Female,,Yes,2011-03-19,New York
48.0,68406,26 years,6,Male,Sales,No,2022-12-03,New York
53.0,62829,32 years,10,Male,Marketing,Yes,2015-11-23,
31.0,56225,9 years,8,Male,Sales,No,,Seattle
50.0,53444,29 years,1,,Engineering,Yes,2013-08-19,Seattle
49.0,64596,29 years,4,F,HR,,2016-09-07,New York
24.0,25000,3 years,8,F,Sales,,2014-09-22,Seattle
22.0,42896,1 years,7,Male,,No,2017-01-20,
33.0,25546,4 years,7,Female,,,2018-11-17,
43.0,78165,23 years,5,M,Engineering,,2016-11-28,
48.0,85889,25 years,5,,Marketing,,2018-01-11,New York
42.0,38127,21 years,6,Male,Engineering,Yes,2019-04-22,Austin
37.0,41429,14 years,2,F,Marketing,,2018-07-31,Seattle
24.0,39578,1 years,10,Female,HR,Yes,2017-03-29,Boston
32.0,75674,11 years,9,Female,Sales,Y,,Boston
18.0,25000,0 years,7,Female,Marketing,N,2017-01-15,Boston
40.0,52696,18 years,2,F,,Yes,2022-07-14,Austin
42.0,51652,19 years,10,Male,Marketing,No,2012-09-25,
35.0,46158,11 years,7,Female,Marketing,,2010-12-01,New York
30.0,42121,,7,Male,Marketing,Y,2021-03-09,
49.0,54374,24 years,3,M,Sales,Yes,,New York
26.0,55294,0 years,1,Female,HR,Yes,2022-03-18,Boston
36.0,63012,10 years,9,,HR,Y,2016-08-04,Austin
21.0,30392,0 years,9,Male,Marketing,Yes,2015-03-29,Boston
34.0,51302,7 years,3,,Sales,Y,2012-11-11,Seattle
34.0,72951,13 years,5,Female,Engineering,Yes,2017-05-16,New York
44.0,78509,21 years,3,,HR,Yes,2023-10-28,Boston
33.0,54838,12 years,8,Female,HR,N,2018-05-03,
37.0,45293,17 years,2,M,HR,,2017-08-23,Austin
30.0,72548,9 years,4,F,Marketing,Y,2011-06-06,Boston
41.0,25878,19 years,5,Male,Engineering,No,2015-03-20,Seattle
49.0,47153,29 years,4,Female,Sales,Y,2011-03-22,Austin
38.0,75265,15 years,9,M,HR,Yes,2021-01-13,Seattle
51.0,52810,29 years,10,Male,,Y,2023-04-16,Seattle
28.0,45565,13 years,1,Female,Sales,,2019-04-22,Austin
29.0,25000,0 years,3,Female,Marketing,Y,2016-07-16,
19.0,25000,1 years,9,Female,Engineering,No,2012-06-04,Austin
25.0,54663,0 years,2,Male,Sales,Yes,2014-01-06,
28.0,56777,2 years,2,M,Sales,,2014-07-08,Boston
26.0,41548,1 years,4,Male,,,2012-08-16,Austin
43.0,63950,24 years,7,,HR,Y,2014-05-18,Boston
30.0,52975,1 years,2,Female,HR,Yes,2012-02-01,New York
38.0,52907,13 years,8,,Marketing,,2023-02-06,Seattle
31.0,53604,14 years,3,Female,Marketing,Y,2023-11-23,New York
31.0,39539,9 years,4,,Sales,Y,2020-11-19,New York
38.0,42647,19 years,8,,Marketing,,2020-09-22,Boston
28.0,58795,9 years,6,,Sales,N,2017-05-15,Boston
34.0,40216,,5,,Engineering,No,2017-12-24,New York
22.0,25000,1 years,5,M,Marketing,No,2010-02-12,
52.0,43574,20 years,8,Male,,Y,2015-02-08,New York
31.0,62031,11 years,10,Female,Sales,Yes,2017-12-20,Seattle
42.0,32496,21 years,10,M,,Y,2017-02-22,Austin
34.0,62833,8 years,7,Female,Marketing,Yes,2021-06-06,New York
44.0,60176,19 years,4,,Engineering,Y,2014-06-28,New York
32.0,45966,13 years,6,Female,Sales,Yes,2015-04-19,Seattle
51.0,54421,,7,,HR,Yes,2016-05-09,New York
36.0,70730,14 years,10,F,,,,Boston
33.0,44517,9 years,10,M,,Y,,New York
18.0,27269,0 years,6,,Marketing,Y,2019-02-28,New York
38.0,27884,18 years,5,,Marketing,Y,2013-01-22,Boston
41.0,53658,,5,Male,Marketing,Yes,2011-11-03,New York
24.0,26477,2 years,1,M,Engineering,N,2023-03-31,Seattle
45.0,40123,,4,,Marketing,,2015-04-21,
31.0,25000,10 years,3,Male,Engineering,Y,2013-09-09,New York
33.0,66508,14 years,2,Female,Sales,Yes,2014-11-15,Boston
33.0,28006,10 years,3,Female,HR,Yes,2019-06-23,Seattle
40.0,43116,19 years,5,Male,Sales,Yes,2018-05-26,Austin
32.0,51217,8 years,8,M,,Yes,2019-10-13,Austin
32.0,38183,5 years,3,Female,HR,No,2018-10-15,New York
24.0,25000,3 years,6,Male,Marketing,N,2013-12-16,Austin
18.0,33778,2 years,9,Male,,No,2017-03-12,Seattle
18.0,42328,2 years,9,Male,Marketing,Yes,,Seattle
21.0,25000,1 years,6,F,HR,Y,2022-09-08,
37.0,64731,18 years,7,Male,Marketing,Yes,2010-05-17,Austin
25.0,25000,0 years,8,,Sales,,2016-11-13,New York
39.0,66600,14 years,3,Male,,Y,2020-06-17,New York
52.0,63399,28 years,8,M,Engineering,,2020-03-19,Austin
38.0,42650,18 years,6,Female,Engineering,,2023-04-16,Austin
44.0,44068,28 years,2,Male,,N,2017-08-04,Austin
34.0,40513,13 years,2,Female,Marketing,Yes,,Boston
42.0,25000,14 years,5,Male,Engineering,No,,Boston
30.0,64292,9 years,4,,Engineering,Y,2011-09-13,Austin
37.0,39929,12 years,3,F,Engineering,Y,,New York
46.0,42358,24 years,7,Male,HR,Yes,2019-10-19,Boston
40.0,31242,20 years,1,Female,Engineering,,2018-12-01,
46.0,62652,26 years,2,Male,HR,Yes,2013-01-03,Austin
34.0,81320,8 years,4,Female,Engineering,Y,,Boston
,44611,1 years,5,,Marketing,,2013-10-31,Seattle
32.0,32791,10 years,8,Female,Sales,No,2022-08-03,Austin
30.0,43907,9 years,8,,Sales,Y,2023-10-20,New York
,43125,7 years,6,F,Marketing,No,2020-02-04,Boston
29.0,53398,8 years,5,Female,,N,2015-12-23,Austin
35.0,68707,16 years,7,,HR,Yes,2013-11-23,Austin
46.0,44740,27 years,7,Female,,No,2018-04-26,Austin
43.0,69854,23 years,5,Female,Engineering,Yes,2014-07-11,
30.0,31269,12 years,4,M,HR,Y,2019-09-28,Austin
32.0,35162,4 years,9,,Engineering,,2023-03-19,New York
41.0,43950,15 years,8,Male,HR,Yes,2014-11-28,New York
26.0,65581,4 years,5,Male,Sales,Yes,2021-11-29,Boston
55.0,82580,32 years,1,Male,Sales,Y,2021-04-03,New York
36.0,47879,16 years,2,Male,HR,Yes,2013-08-30,New York
31.0,30465,8 years,4,Female,Sales,No,2021-10-16,
51.0,47556,29 years,5,Male,Engineering,Y,2011-01-02,New York
22.0,45619,0 years,4,Male,HR,No,2011-03-21,
26.0,25000,5 years,6,Female,HR,Yes,2017-06-25,Boston
24.0,25000,3 years,5,Female,Engineering,Y,2012-07-21,Boston
40.0,47367,21 years,7,F,HR,Yes,2018-06-12,Austin
30.0,41766,11 years,8,,Engineering,Y,2011-06-16,
25.0,46196,0 years,3,F,,No,2012-06-13,Boston
32.0,54483,8 years,9,Female,Engineering,Yes,2010-12-26,Seattle
18.0,53121,0 years,9,F,HR,Yes,,
37.0,60904,13 years,1,Female,Sales,No,2012-04-05,
33.0,44116,6 years,9,Male,Marketing,,2019-11-11,Seattle
41.0,25838,13 years,8,,Engineering,No,2017-11-19,Boston
36.0,79909,14 years,1,,Sales,Yes,2016-05-25,
30.0,44410,4 years,6,Male,,Yes,2013-07-19,Seattle
47.0,90718,29 years,3,Female,HR,No,2017-03-07,Seattle
28.0,58353,5 years,10,,Marketing,Y,,Seattle
41.0,45290,16 years,3,Female,Sales,Yes,2012-06-22,Austin
40.0,74563,22 years,2,Male,Engineering,Y,2015-05-15,New York
34.0,47074,7 years,4,Male,Sales,No,2014-09-01,New York
44.0,39947,23 years,2,Female,HR,Yes,,
18.0,25000,0 years,6,F,Marketing,,2019-04-10,
32.0,36897,9 years,4,,,Yes,2012-04-26,Boston
27.0,62652,,9,,Marketing,No,,Boston
48.0,90521,28 years,3,Female,Engineering,Yes,2012-01-29,Boston
29.0,25000,8 years,8,,Sales,Y,2021-08-03,
35.0,41301,10 years,8,Male,,Y,2012-02-25,Austin
18.0,25227,0 years,7,F,,Yes,,Boston
36.0,35262,13 years,6,Female,Engineering,Y,2014-12-11,
31.0,25000,14 years,1,M,,Yes,2010-04-15,Seattle
31.0,38890,11 years,7,Female,Engineering,,2015-09-25,Seattle
37.0,25784,14 years,3,F,Sales,N,,Austin
35.0,55962,10 years,7,M,,Yes,2014-03-14,
,32936,12 years,6,Female,HR,No,2021-12-13,Seattle
47.0,78543,24 years,6,Female,Sales,Y,2013-11-28,Seattle
37.0,36482,14 years,7,F,Marketing,,2011-11-14,New York
22.0,28712,0 years,9,Female,,N,2013-08-02,Seattle
27.0,42997,6 years,7,Female,Sales,Y,2022-01-23,
22.0,31070,0 years,2,Male,,Yes,2018-05-02,Seattle
25.0,30552,4 years,5,Female,Marketing,,2019-05-20,New York
47.0,67620,29 years,6,Female,Engineering,No,2020-02-03,Austin
46.0,53331,21 years,4,,Marketing,Yes,2019-10-26,
42.0,45050,15 years,10,Female,,No,2016-05-23,New York
39.0,26426,20 years,5,Male,Engineering,N,2021-08-10,Seattle
33.0,50428,10 years,10,Male,,Yes,2018-10-23,Austin
27.0,38731,2 years,3,Female,Engineering,,2020-07-22,
18.0,56706,0 years,7,Male,HR,Y,,Boston
51.0,66335,30 years,5,Male,,Yes,2015-04-08,New York
26.0,50146,3 years,6,M,Marketing,Yes,2011-10-22,
28.0,48157,4 years,4,Male,HR,Yes,,Boston
29.0,54861,8 years,3,Male,HR,Yes,2011-09-30,Seattle
42.0,54815,19 years,3,M,,Yes,,New York
33.0,45173,8 years,7,M,Sales,,2018-08-05,Seattle
43.0,52973,25 years,9,Female,HR,,2022-03-30,Austin
30.0,52023,11 years,7,Male,Sales,Y,2010-06-27,New York
30.0,40208,11 years,1,,Engineering,Y,,Austin
35.0,55860,15 years,6,M,HR,Yes,2012-11-30,
25.0,41867,3 years,4,,Sales,No,2015-04-07,Boston
43.0,68052,20 years,8,,Marketing,,2012-03-29,Seattle
31.0,50006,8 years,10,F,Engineering,,2010-05-10,Boston
32.0,66410,12 years,1,,Marketing,N,2021-03-08,Seattle
38.0,48460,15 years,6,Female,HR,,2016-06-28,
53.0,71932,34 years,4,Female,Marketing,Y,2023-02-02,Seattle
41.0,39827,20 years,4,Female,HR,Y,2022-06-25,Boston
42.0,53998,25 years,8,M,Engineering,,,New York
45.0,65034,22 years,8,Female,Engineering,,2010-04-15,Austin
21.0,53264,0 years,8,F,Engineering,No,2021-06-16,New York
30.0,41941,10 years,3,F,,Y,2013-02-05,Boston
49.0,55130,25 years,5,,Engineering,,2016-09-07,Seattle
19.0,33716,0 years,6,F,HR,Yes,2018-01-16,New York
40.0,42062,22 years,3,Female,Engineering,Y,2010-05-16,Boston
33.0,41460,13 years,3,Female,HR,Yes,2015-04-22,Boston
36.0,26315,9 years,4,Female,Sales,N,2014-04-05,Boston
29.0,34696,6 years,6,F,HR,No,2014-05-23,New York
29.0,51604,11 years,3,M,HR,Y,2020-02-04,Boston
49.0,48266,27 years,9,F,Sales,Yes,2011-06-20,
41.0,26959,13 years,6,Female,Sales,Yes,2013-12-28,Austin
35.0,42058,16 years,1,Male,,Yes,2020-10-27,Austin
40.0,61807,15 years,1,Male,Marketing,N,2016-09-14,
42.0,73143,20 years,3,,,No,2015-08-30,Seattle
18.0,37554,0 years,1,Female,Sales,Yes,2010-02-23,New York
37.0,33201,12 years,5,M,,Yes,,Seattle
59.0,95357,31 years,8,M,,,2019-03-30,New York
26.0,43754,0 years,6,Female,Sales,,2017-07-28,Austin
36.0,57442,17 years,8,Male,HR,Y,2013-01-29,Boston
52.0,77829,29 years,3,Female,Sales,Yes,2018-06-02,Austin
18.0,31069,0 years,8,F,Sales,No,2019-09-02,Austin
50.0,62936,27 years,3,M,Sales,Yes,2012-01-11,Austin
18.0,25000,0 years,7,,Marketing,Yes,2015-05-09,New York
32.0,25000,10 years,8,M,HR,Yes,2016-03-12,New York
18.0,29257,,3,,HR,Y,2014-04-03,
41.0,54888,16 years,3,Male,HR,,2014-12-07,Boston
33.0,39361,10 years,3,Female,Sales,Yes,2017-09-28,New York
25.0,25000,6 years,10,Female,,Yes,,New York
45.0,85360,26 years,2,M,Marketing,,,New York
30.0,38526,12 years,8,Male,Sales,Y,2014-06-19,Boston
44.0,37959,21 years,4,,,Y,2019-07-24,Austin
46.0,72296,21 years,1,Male,Marketing,Yes,,Boston
22.0,25000,,3,F,,Yes,2019-12-01,Austin
50.0,65118,28 years,6,F,Engineering,Yes,2012-01-09,Boston
46.0,77882,25 years,4,F,,,2016-08-20,New York
24.0,25000,4 years,4,Female,Engineering,Yes,2018-11-12,Boston
42.0,49481,21 years,8,Female,Engineering,No,2015-11-04,Boston
39.0,50143,21 years,1,Female,,Y,2017-10-24,Boston
41.0,44698,17 years,1,Female,HR,No,2020-07-22,
33.0,25000,10 years,7,Male,HR,N,2014-04-21,New York
40.0,50565,,3,Male,,Y,2019-09-14,
39.0,71174,24 years,6,M,,No,2016-04-27,Austin
32.0,42238,10 years,5,Male,Engineering,Y,2023-05-24,New York
55.0,76029,34 years,8,Female,Engineering,No,2014-12-14,Seattle
52.0,41408,31 years,5,,HR,No,2022-09-08,New York
20.0,31026,0 years,2,Male,HR,Y,2012-12-12,New York
43.0,49617,24 years,10,Female,HR,No,2022-11-23,New York
19.0,25000,0 years,3,Male,Marketing,Yes,2023-04-21,Austin
34.0,55897,10 years,8,Female,HR,No,2023-01-09,Seattle
30.0,62561,5 years,1,Female,,No,2012-10-21,Boston
38.0,51614,11 years,7,F,Engineering,No,2013-07-13,New York
37.0,35387,10 years,8,,Engineering,Yes,2020-04-11,Austin
34.0,26018,8 years,1,Female,Engineering,Yes,2022-06-21,New York
19.0,35116,0 years,5,Male,Marketing,Yes,2021-08-08,Seattle
47.0,53508,23 years,7,Female,Sales,No,2013-07-29,Boston
45.0,58197,22 years,6,M,HR,Yes,2014-02-16,
35.0,48663,9 years,10,M,Engineering,N,2018-03-27,
21.0,25000,0 years,4,F,,Y,2016-09-23,New York
39.0,64957,15 years,6,M,HR,Y,2018-04-21,
35.0,53634,17 years,7,F,HR,Y,2016-03-29,Austin
27.0,25000,4 years,5,Female,HR,No,2020-12-23,Boston
48.0,55442,25 years,6,M,HR,Yes,2022-01-28,Austin
52.0,76353,31 years,7,Male,Sales,,2012-05-26,Boston
20.0,32204,,6,,,Y,,Boston
34.0,45184,13 years,7,Female,,Yes,,Seattle
18.0,57850,0 years,10,F,HR,,,
49.0,78128,31 years,7,M,Engineering,,2013-02-07,New York
40.0,51036,18 years,6,Female,Sales,N,,Austin
23.0,29524,0 years,1,Male,Engineering,Y,2015-10-20,Seattle
46.0,47229,21 years,8,,,No,2010-04-26,Boston
32.0,58936,9 years,8,F,Sales,,2010-09-25,New York
35.0,64927,10 years,5,Female,Engineering,Yes,2014-06-07,Boston
37.0,53104,10 years,8,Female,Sales,N,2021-03-24,
19.0,38105,0 years,9,F,,Y,2022-04-24,
46.0,37211,18 years,8,M,,Y,2017-07-09,Seattle
38.0,55131,15 years,1,M,HR,Yes,2014-01-13,
43.0,40684,16 years,4,,Engineering,No,2023-08-22,Boston
27.0,52013,4 years,8,,Marketing,Yes,2011-02-03,Austin
48.0,40702,28 years,4,,Sales,No,2018-08-28,Austin
32.0,69384,12 years,2,Female,Marketing,No,2015-01-01,Boston
32.0,53152,9 years,9,F,,,2017-07-27,
28.0,28778,3 years,3,F,Sales,,2019-09-04,New York
40.0,39226,21 years,7,,Engineering,Yes,2018-05-04,Austin
35.0,42026,20 years,2,,Sales,Yes,2017-09-09,
35.0,32515,13 years,4,Male,Marketing,Y,2020-05-04,Austin
44.0,76986,21 years,7,F,Sales,,2017-07-08,Boston
18.0,36696,0 years,7,M,Sales,Y,2016-06-07,Seattle
36.0,75826,11 years,2,Female,HR,,2016-11-30,Boston
45.0,72257,25 years,5,Female,Engineering,,2016-06-05,Austin
26.0,53432,0 years,4,M,HR,Y,2010-05-31,Austin
31.0,54221,6 years,8,,Engineering,Yes,,Boston
25.0,25000,3 years,1,Female,Marketing,No,,Boston
24.0,32362,3 years,6,Male,Engineering,No,2019-05-29,Seattle
30.0,57488,4 years,7,M,Engineering,Y,2011-08-05,New York
44.0,47146,26 years,5,Male,Engineering,Y,2010-03-18,
26.0,29495,7 years,7,Female,Sales,Y,2010-07-19,
38.0,51666,13 years,4,F,Engineering,N,2011-10-10,New York
23.0,34937,4 years,9,Male,Sales,Yes,2012-04-03,Seattle
27.0,59493,8 years,3,M,,Yes,2016-11-16,New York
34.0,30226,10 years,1,Male,Sales,Yes,2022-07-08,Boston
22.0,37890,4 years,1,M,Sales,,2023-09-02,Boston
23.0,42064,0 years,8,,HR,,2010-10-27,
29.0,26413,0 years,4,M,HR,Y,2022-03-28,Austin
33.0,53787,7 years,2,Male,Marketing,,,New York
34.0,54855,12 years,2,,Marketing,Y,,Seattle
27.0,34515,5 years,6,F,Sales,,2021-12-23,Seattle
34.0,35562,9 years,6,M,,Yes,2022-08-07,New York
38.0,37518,14 years,5,Female,Marketing,No,2019-06-06,
24.0,47541,0 years,4,Female,,No,2020-10-24,New York
22.0,59172,0 years,10,Male,Sales,,,Seattle
46.0,41111,23 years,7,M,Marketing,No,2021-03-31,Seattle
,107450,29 years,4,Female,Marketing,Yes,2023-05-07,
35.0,48224,12 years,5,M,Sales,No,2023-06-29,
37.0,36868,13 years,10,,,Y,2019-01-18,Austin
20.0,43484,0 years,2,Male,,,2015-03-08,Seattle
41.0,53712,20 years,7,Male,,Yes,2010-07-27,New York
29.0,48688,9 years,5,Male,Sales,Yes,2010-11-22,
18.0,25000,0 years,10,F,Engineering,No,2013-10-11,New York
44.0,65211,21 years,2,,Engineering,Yes,2018-02-24,Boston
34.0,28573,11 years,2,,Sales,Y,2023-01-30,Austin
34.0,44880,9 years,9,,,No,2014-09-16,
38.0,48824,18 years,6,Female,Sales,Yes,2015-03-22,New York
43.0,35759,25 years,6,Female,Engineering,,2012-06-14,Austin
53.0,81638,31 years,6,Female,Sales,Yes,2014-07-20,Seattle
24.0,69496,1 years,7,Female,,,2021-06-21,Austin
37.0,66552,7 years,2,,Engineering,,2016-06-30,New York
30.0,30819,13 years,2,M,,Yes,2019-12-07,New York
39.0,48599,17 years,2,Male,HR,,2011-02-19,Austin
38.0,25000,20 years,8,M,,N,2017-05-02,Austin
53.0,66700,29 years,1,Male,,Y,2022-05-10,Boston
25.0,41658,2 years,5,,Engineering,,2016-08-01,Austin
23.0,49685,0 years,8,F,HR,,2022-09-27,
22.0,25000,0 years,7,F,Marketing,Yes,2018-01-17,New York
42.0,45297,18 years,1,Male,HR,,2014-07-13,Seattle
34.0,68292,12 years,5,Female,Sales,Yes,2023-04-10,New York
45.0,62535,21 years,2,Female,Marketing,Yes,2016-08-20,
44.0,56732,24 years,9,Female,Engineering,Y,2018-06-01,New York
42.0,83160,21 years,4,F,Marketing,No,2013-06-21,New York
22.0,30795,0 years,7,Female,Engineering,N,2020-08-14,Austin
18.0,27187,0 years,3,,,No,2022-01-23,Seattle
26.0,25000,0 years,6,Male,,Yes,2018-01-24,Boston
,25000,0 years,2,F,,Y,2021-04-27,Boston
40.0,27997,12 years,5,Male,HR,Yes,2017-07-16,Boston
36.0,68683,17 years,1,Female,Sales,Y,2010-06-17,
47.0,70789,22 years,7,Female,,,2020-11-27,
32.0,30378,11 years,2,Male,Sales,,2021-07-07,Austin
20.0,25000,0 years,8,M,Engineering,Yes,2015-09-24,New York
42.0,74773,19 years,1,Female,,,,Boston
32.0,44337,11 years,1,F,HR,,2015-01-03,New York
30.0,70389,9 years,2,Male,HR,Yes,2023-11-26,Austin
24.0,69670,0 years,1,,HR,,2020-09-15,
43.0,29159,28 years,6,Female,HR,Yes,2018-07-29,
23.0,25000,2 years,7,Female,Engineering,Y,2022-02-11,New York
26.0,70876,0 years,7,M,Sales,,2019-08-29,New York
,57562,6 years,3,M,HR,Yes,2012-11-17,Austin
48.0,52556,,3,,Sales,,2019-02-10,Seattle
32.0,58817,6 years,9,F,Marketing,Y,2012-10-11,Seattle
47.0,52229,24 years,5,Female,HR,,2017-05-26,Seattle
29.0,30075,,6,Male,Sales,Yes,2020-01-01,Boston
32.0,52324,10 years,6,Male,,Y,2016-09-13,
34.0,50854,13 years,6,M,HR,N,2022-02-23,Austin
37.0,40466,11 years,3,F,Engineering,Y,2011-01-06,Boston
32.0,70068,8 years,6,F,HR,N,2014-11-13,Boston
56.0,81608,35 years,6,M,,Y,2019-05-11,New York
32.0,49663,14 years,1,Male,HR,,2016-12-08,
36.0,58471,11 years,4,F,Engineering,N,2017-10-24,New York
47.0,50372,29 years,6,Female,Sales,Y,2022-09-05,
49.0,61932,23 years,6,F,Engineering,No,2011-10-03,Seattle
47.0,72416,26 years,3,Female,Marketing,,2016-12-30,New York
24.0,25000,0 years,8,Male,,Y,2011-01-17,
39.0,25000,20 years,1,F,Sales,N,2022-12-10,Austin
34.0,52339,10 years,8,Female,,Yes,,
28.0,48994,7 years,3,Male,Engineering,Yes,2020-02-25,Boston
29.0,40226,9 years,9,Male,Sales,,2022-11-26,Seattle
37.0,51556,12 years,6,,,Y,2011-12-12,
40.0,61725,16 years,8,Female,,Yes,2012-08-16,New York
45.0,42128,25 years,7,,HR,Y,2014-12-29,Austin
34.0,70694,13 years,9,F,Engineering,Yes,2013-10-14,New York
25.0,48898,2 years,5,Female,Engineering,Yes,2019-10-15,Austin
46.0,48659,,1,F,Marketing,Yes,2018-08-02,Seattle
53.0,79265,26 years,3,Female,HR,,2018-12-26,New York
19.0,49224,0 years,2,Male,HR,Yes,2022-01-16,Austin
38.0,60503,11 years,4,Female,Engineering,Y,,New York
18.0,38689,0 years,8,M,HR,Yes,2019-11-30,
32.0,25000,15 years,5,M,Engineering,Y,2023-09-17,
56.0,84801,,6,Male,,Y,2014-12-03,
24.0,25000,0 years,8,F,,Yes,2021-08-16,Austin
37.0,30305,11 years,1,Male,,No,2021-10-04,New York
39.0,62557,14 years,5,Female,HR,N,2011-08-07,Austin
30.0,42590,7 years,2,Female,,No,2020-12-16,Austin
40.0,53083,13 years,9,,HR,Y,2011-08-26,Austin
38.0,42963,14 years,5,M,Marketing,,2014-12-19,
18.0,42701,0 years,1,M,HR,No,2015-04-20,Seattle
18.0,32803,0 years,9,Male,Sales,,2013-12-21,Seattle
31.0,28000,8 years,5,,Marketing,No,2015-02-27,Austin
33.0,52618,9 years,8,Male,HR,No,,Seattle
35.0,29658,10 years,5,,Engineering,No,2023-11-11,Boston
40.0,65419,20 years,2,Female,HR,Y,2014-07-28,Austin
33.0,55722,10 years,5,,,Yes,2018-04-27,
43.0,61249,22 years,5,F,Sales,No,,New York
45.0,28121,19 years,1,Female,HR,Y,2015-05-04,New York
29.0,53342,8 years,9,Male,,Y,2021-03-19,Austin
37.0,44439,15 years,7,Female,HR,Yes,2023-08-04,Boston
34.0,34003,14 years,5,,Engineering,Y,2014-07-02,Seattle
41.0,33654,11 years,5,F,HR,Yes,2023-03-25,Austin
37.0,54286,14 years,3,,,Yes,2023-09-17,
30.0,41955,7 years,7,,Sales,Yes,2010-12-09,Seattle
31.0,63954,9 years,4,Male,Engineering,Yes,2019-11-11,Seattle
32.0,29876,5 years,9,Male,Engineering,Yes,2018-07-08,
38.0,39510,15 years,2,,Engineering,No,2018-04-23,
39.0,59539,20 years,10,Female,Sales,Y,2010-10-27,Boston
43.0,46143,20 years,6,Female,Engineering,,2022-05-15,Boston
28.0,67985,8 years,2,Male,,Y,2012-04-09,Boston
20.0,35564,0 years,10,M,,Yes,2013-04-22,New York
34.0,50621,9 years,5,,,Yes,2020-12-05,Seattle
18.0,33643,0 years,5,Male,Marketing,N,2011-06-26,
32.0,33968,10 years,9,Female,Engineering,,2010-07-01,Boston
38.0,44187,12 years,3,Female,HR,Yes,,Austin
35.0,47873,13 years,10,F,Sales,Yes,2017-01-26,
18.0,25000,0 years,4,Female,Marketing,No,2011-10-19,Boston
30.0,30495,7 years,6,F,Marketing,No,2010-07-14,New York
30.0,29405,9 years,8,Male,,No,2016-03-21,New York
35.0,47139,7 years,1,Female,,Yes,2010-06-30,Seattle
34.0,65183,13 years,2,,HR,Yes,,
43.0,53360,18 years,6,Female,HR,Yes,2017-10-20,New York
18.0,25000,0 years,2,Male,Engineering,,2021-05-31,
20.0,62848,3 years,9,,Sales,Yes,2012-04-29,Seattle
29.0,55021,6 years,8,Female,HR,No,2020-10-23,Seattle
26.0,32780,5 years,10,,Marketing,Yes,2019-06-29,Seattle
37.0,44571,13 years,8,Male,Engineering,Yes,2011-08-11,Boston
39.0,68149,15 years,5,Female,HR,No,2011-04-09,New York
20.0,61900,0 years,4,F,Sales,Yes,2013-05-10,
34.0,36272,12 years,2,,HR,No,2010-11-18,Austin
46.0,61092,26 years,3,M,HR,No,,Austin
33.0,47439,14 years,6,Male,HR,Yes,2014-04-01,
28.0,25000,3 years,2,M,Sales,Yes,,
18.0,35015,0 years,5,,HR,Y,2022-11-30,Boston
32.0,46426,8 years,5,M,Engineering,Y,2020-09-01,New York
30.0,38997,9 years,7,Male,Engineering,,,Boston
43.0,46265,23 years,1,F,,Yes,2014-01-09,New York
40.0,54431,18 years,10,,,No,2014-06-29,New York
27.0,42013,9 years,8,M,Marketing,Yes,2016-07-27,Austin
18.0,39100,0 years,4,Female,,Yes,2011-12-19,New York
36.0,57833,13 years,9,F,,,,Austin
18.0,27922,0 years,8,Female,Marketing,Yes,2022-03-28,Austin
24.0,25000,4 years,1,,Sales,N,2013-07-24,Boston
41.0,59904,18 years,4,Female,,,2011-04-05,Austin
53.0,74859,33 years,10,Male,Marketing,Yes,,Seattle
18.0,25000,0 years,4,F,,No,2018-05-31,Boston
43.0,61635,19 years,7,Female,Marketing,,2023-12-24,Boston
38.0,58940,15 years,2,M,,Y,2012-06-04,New York
18.0,38955,0 years,10,,Sales,Yes,2018-09-02,
23.0,53225,0 years,7,Female,Marketing,Yes,,Austin
38.0,25000,17 years,9,M,Sales,Y,2023-04-15,Seattle
34.0,27860,14 years,2,F,,Yes,2010-10-06,Boston
42.0,65464,22 years,9,M,Sales,N,2022-04-30,New York
27.0,36186,2 years,2,M,Engineering,Y,,New York
41.0,51032,21 years,10,M,Sales,Yes,2016-10-25,
42.0,61802,25 years,6,Male,Sales,No,,Austin
36.0,44647,13 years,7,,Marketing,,2017-02-20,
24.0,28546,0 years,6,F,Marketing,,2019-12-09,Austin
47.0,61680,,6,Male,Marketing,No,2016-10-06,Boston
22.0,26603,0 years,1,,Marketing,Y,2013-12-31,
19.0,26644,0 years,9,Female,Sales,Y,2012-11-18,Seattle
25.0,60433,1 years,10,,Engineering,Y,2022-01-09,New York
51.0,61290,27 years,10,Female,HR,No,2016-03-10,Austin
45.0,37181,20 years,8,F,,No,,
47.0,68495,21 years,6,M,Marketing,Yes,2018-11-17,Austin
37.0,42732,9 years,6,Male,,No,2014-09-11,Seattle
31.0,39619,9 years,7,Female,HR,Yes,2015-05-04,New York
46.0,51165,26 years,10,,,Yes,2018-06-28,
39.0,37700,15 years,7,Male,,No,2010-06-09,New York
35.0,54396,8 years,7,Female,HR,Y,2023-01-12,Seattle
38.0,62839,17 years,3,Male,,Yes,2011-05-08,
27.0,25000,6 years,3,Female,Sales,No,2013-10-04,Seattle
51.0,58819,32 years,6,Female,,Y,2022-12-18,
40.0,73304,16 years,1,Male,Sales,Y,2012-05-02,Boston
19.0,25000,0 years,8,F,Marketing,Y,2014-07-20,
,55190,13 years,6,Female,,Y,2016-05-24,Boston
27.0,47440,7 years,3,M,Marketing,,2010-03-01,
33.0,70580,9 years,6,M,,,2011-08-18,Boston
27.0,40958,0 years,5,,HR,No,2016-01-19,New York
25.0,47307,0 years,4,F,,No,2015-07-22,Boston
40.0,87413,22 years,7,,Marketing,Yes,2010-12-12,Boston
33.0,38213,,6,,HR,,2015-01-04,Seattle
38.0,32554,14 years,6,M,,Y,2018-02-17,Boston
20.0,47476,0 years,9,F,,No,2010-08-13,New York
27.0,25000,0 years,9,Female,Sales,Yes,2016-11-28,Boston
39.0,53921,22 years,1,M,Marketing,Yes,2021-12-07,
34.0,77576,11 years,4,F,Engineering,Y,2012-01-10,
37.0,53895,16 years,10,Female,Marketing,Yes,2015-10-27,New York
29.0,42706,5 years,8,Male,Engineering,Y,2021-05-03,Boston
34.0,31905,14 years,10,Male,Engineering,No,2016-04-19,
42.0,56970,14 years,5,Male,,Y,2020-03-11,Seattle
22.0,67938,1 years,2,,HR,,2010-06-09,New York
21.0,25007,2 years,3,Male,Sales,,,
50.0,51284,24 years,5,Female,HR,N,2022-02-20,
38.0,48765,17 years,7,F,HR,,2020-09-17,Boston
21.0,26904,0 years,8,F,HR,,2021-10-05,Austin
19.0,29877,0 years,7,Female,Engineering,Y,2016-12-11,Seattle
26.0,45303,7 years,9,Female,Engineering,Yes,2013-09-06,New York
29.0,40017,5 years,8,Male,Engineering,No,,Boston
54.0,73791,27 years,4,F,,,2015-02-09,Austin
20.0,32269,0 years,4,Male,Marketing,No,2019-11-16,New York
34.0,31159,10 years,4,,,Yes,2020-06-18,Austin
43.0,27563,19 years,9,F,Engineering,Y,2020-02-12,Austin
25.0,40923,7 years,1,M,Sales,N,2010-07-23,Boston
33.0,45238,11 years,6,Female,,Y,2011-09-18,New York
44.0,63386,22 years,4,F,Engineering,Yes,2013-11-17,Austin
31.0,28046,15 years,3,F,,,2017-12-13,Boston
23.0,25000,0 years,5,M,HR,Yes,2023-04-18,New York
18.0,25000,0 years,1,,Sales,N,2013-09-24,Seattle
28.0,41388,9 years,3,,HR,Yes,2016-09-21,Seattle
39.0,76181,17 years,2,F,,No,2018-05-22,New York
31.0,44123,9 years,2,,Engineering,Yes,2017-01-13,
42.0,62451,16 years,4,Female,HR,Y,2022-04-03,Austin
30.0,30825,11 years,9,Male,HR,Y,,Seattle
18.0,46491,0 years,8,F,Marketing,No,2010-08-04,Austin
35.0,57861,10 years,4,,Sales,Yes,2018-08-01,
32.0,33469,12 years,7,F,,Yes,2019-12-22,Austin
44.0,58006,23 years,4,Male,,Yes,2014-07-24,
24.0,35529,0 years,2,Male,Marketing,Y,,Boston
18.0,25000,0 years,6,F,HR,,2022-04-24,Boston
32.0,51376,10 years,4,F,Engineering,No,2011-11-26,Seattle
39.0,61478,,6,Male,Sales,No,2019-10-13,New York
39.0,25045,20 years,6,Female,Sales,No,2010-11-17,Seattle
25.0,35427,,5,F,Marketing,Yes,,New York
29.0,62541,7 years,5,Male,Marketing,,2011-09-15,Austin
39.0,58877,17 years,7,Male,Marketing,Y,2013-01-28,New York
35.0,53390,16 years,10,,Marketing,Yes,2021-01-28,Austin
43.0,41748,23 years,8,,Engineering,Y,2017-09-11,
19.0,25000,0 years,5,Male,Engineering,Yes,2011-06-02,Boston
32.0,34668,8 years,6,,Sales,Y,2013-07-21,
18.0,54111,0 years,5,Male,Sales,Yes,2021-10-24,Seattle
30.0,50548,9 years,4,Male,Sales,N,2016-09-19,
38.0,53140,17 years,9,F,Engineering,Y,2021-02-12,Boston
18.0,25000,0 years,3,Female,HR,No,2017-12-07,
24.0,49151,0 years,6,,Marketing,N,2022-05-11,Austin
47.0,47736,23 years,10,Male,HR,Yes,2012-01-02,Seattle
40.0,25000,21 years,4,M,Engineering,No,,
29.0,64004,8 years,7,Female,Marketing,Yes,2017-03-23,
31.0,56077,11 years,3,F,Sales,No,,Austin
27.0,25000,7 years,4,M,Sales,N,2018-01-10,Austin
27.0,43577,4 years,9,Male,Engineering,Y,2012-01-24,Seattle
42.0,40450,16 years,8,Male,Marketing,Y,2018-12-30,Boston
31.0,25000,13 years,2,F,HR,No,2022-11-26,New York
27.0,25000,7 years,7,Male,,,2022-07-31,Boston
35.0,25000,8 years,9,,HR,Y,,New York
31.0,63643,10 years,9,,Engineering,,2014-05-28,New York
42.0,30905,20 years,3,Male,Marketing,Y,,
37.0,35466,9 years,1,Female,Marketing,Yes,2019-05-08,
32.0,32306,9 years,6,Male,Engineering,Yes,2016-02-01,New York
37.0,49471,12 years,7,F,Sales,Y,2013-09-08,
28.0,37856,3 years,5,Male,Engineering,Y,2010-04-19,Austin
,86391,15 years,1,,,No,2016-04-30,
35.0,49690,6 years,6,Male,Marketing,,2016-11-18,Boston
18.0,25000,0 years,3,Female,,Y,2022-10-07,Seattle
39.0,41128,18 years,7,,Marketing,Yes,2012-11-02,New York
39.0,57592,18 years,2,M,Marketing,,2018-01-07,New York
46.0,76843,27 years,2,Female,Marketing,No,2015-09-07,Boston
33.0,34056,10 years,1,Female,Marketing,No,2010-04-12,Boston
48.0,53773,26 years,1,F,Engineering,No,2016-12-10,New York
24.0,44822,1 years,4,Male,,No,2011-03-05,Austin
54.0,68201,31 years,4,F,,,2017-02-23,Seattle
30.0,35786,8 years,1,Female,Marketing,Yes,2014-07-03,New York
44.0,37127,23 years,5,,Engineering,N,2011-10-01,Boston
30.0,25000,8 years,7,Male,Engineering,Y,2015-10-28,Seattle
18.0,44014,0 years,8,,Engineering,No,2017-09-11,Seattle
30.0,75554,2 years,3,Male,HR,,2019-05-15,Seattle
35.0,45915,9 years,5,M,Engineering,Yes,2015-07-26,Seattle
25.0,37521,6 years,1,M,Engineering,,2017-07-26,New York
26.0,47147,2 years,6,Female,,No,2022-04-11,New York
37.0,60280,11 years,6,,,Y,2018-04-24,Austin
42.0,31036,20 years,9,Female,Sales,N,2019-12-28,
39.0,70741,15 years,4,Male,Sales,Y,2014-01-23,
30.0,45892,6 years,6,Female,Marketing,No,2016-02-08,
21.0,57574,0 years,2,Female,,,,Boston
43.0,57990,18 years,6,F,Engineering,,2022-11-06,Boston
30.0,46514,,5,M,Marketing,No,2022-10-25,New York
18.0,45836,0 years,7,M,HR,Yes,2016-09-06,
37.0,53639,10 years,9,Male,HR,Yes,2023-09-23,Seattle
22.0,36502,0 years,1,M,HR,N,2012-10-17,New York
37.0,25000,12 years,4,Male,Sales,Y,2018-10-31,Seattle
46.0,33903,23 years,6,M,Sales,Yes,2013-12-26,Austin
44.0,61179,18 years,6,,HR,,2016-02-23,Austin
50.0,74399,25 years,2,Female,Engineering,Yes,2019-05-31,Boston
20.0,41542,0 years,5,M,,Yes,2022-09-21,Seattle
26.0,27800,6 years,4,F,,Yes,2022-06-07,Austin
35.0,25747,12 years,5,,Engineering,,2010-02-15,Boston
18.0,25000,1 years,10,M,Marketing,Yes,2014-01-02,
26.0,39510,1 years,3,Male,HR,No,2022-10-25,
26.0,47819,0 years,3,Female,Sales,Yes,2016-04-27,Austin
18.0,25000,0 years,5,Male,Sales,No,2011-04-06,New York
44.0,46163,19 years,6,M,Engineering,Y,2012-09-12,Seattle
43.0,49116,19 years,5,Male,Sales,Y,2020-05-17,
18.0,25000,0 years,9,Male,,No,2019-02-15,Boston
32.0,25000,12 years,4,Male,HR,,,New York
37.0,57508,14 years,4,F,Engineering,Y,2022-01-12,Seattle
44.0,30574,21 years,2,M,,Yes,2015-04-03,Seattle
21.0,41823,0 years,7,,Marketing,,2012-05-20,Seattle
28.0,27750,5 years,7,Female,Marketing,,,Boston
29.0,40374,3 years,2,M,Sales,Yes,2018-07-14,Seattle
41.0,48933,19 years,7,Male,Marketing,Y,2010-08-29,
40.0,57244,23 years,4,,Sales,Yes,2020-12-23,Boston
36.0,85795,11 years,8,Male,Engineering,Yes,2020-09-23,Seattle
34.0,31060,6 years,9,Female,,Y,2014-01-12,Seattle
45.0,61161,21 years,5,,Marketing,Y,2013-06-08,Boston
51.0,29109,26 years,2,Female,Sales,Y,2014-03-23,Boston
18.0,44222,,1,Female,Sales,N,2013-03-06,Austin
22.0,48858,0 years,2,F,Marketing,Y,,
37.0,36655,6 years,6,M,Sales,Yes,2014-03-22,
18.0,33958,,3,F,Marketing,Yes,2021-01-01,
36.0,25223,15 years,9,Female,,N,2023-12-20,New York
18.0,25000,0 years,4,,,Y,2020-02-12,Austin
45.0,54987,25 years,6,M,Engineering,Yes,2021-01-16,New York
32.0,25000,14 years,9,F,,Y,2011-06-09,
45.0,58217,23 years,9,F,Sales,Y,2020-02-26,Boston
33.0,25000,14 years,5,,Marketing,N,2014-01-13,New York
30.0,58096,8 years,6,Male,Sales,,2019-10-24,Austin
35.0,29949,16 years,3,Female,HR,No,2022-10-12,
19.0,25000,0 years,8,Female,Engineering,No,2019-11-29,Boston
37.0,61481,15 years,3,M,,Y,2020-05-01,New York
45.0,59691,24 years,6,Female,,N,2015-08-16,
39.0,43142,14 years,6,,HR,Y,2020-11-10,Seattle
33.0,63155,14 years,1,Male,HR,,2021-06-03,Seattle
45.0,50359,23 years,10,,Marketing,,,Seattle
35.0,31232,8 years,5,Male,,No,2019-11-14,
48.0,78692,21 years,3,Male,HR,Y,2016-08-20,Boston
36.0,46757,14 years,10,,Engineering,Y,2012-11-23,Boston
21.0,32329,2 years,1,M,,Yes,2013-12-14,New York
38.0,60548,20 years,10,Male,HR,N,2016-01-01,Boston
18.0,25000,0 years,3,,,Yes,2015-05-21,Seattle
29.0,42640,6 years,8,Male,Sales,Yes,2017-06-19,New York
38.0,52853,18 years,5,Female,HR,Y,2015-03-18,New York
28.0,50518,3 years,3,,Engineering,,2013-12-11,New York
39.0,79631,16 years,6,F,Sales,No,,Austin
32.0,53376,16 years,4,Male,,Y,2011-10-11,
37.0,52452,14 years,6,F,Marketing,Y,2010-09-19,Seattle
45.0,41427,21 years,7,F,,,2014-10-06,Seattle
46.0,64628,26 years,1,Female,Marketing,,2023-09-25,Seattle
45.0,46649,23 years,3,F,HR,Yes,2022-02-05,Austin
45.0,60060,21 years,5,M,Engineering,Yes,2016-10-04,Austin
42.0,25762,17 years,1,F,,Y,2022-03-26,Seattle
45.0,55489,22 years,4,F,Marketing,,2018-11-17,Boston
42.0,41321,19 years,2,M,Marketing,,2023-04-04,Seattle
39.0,61940,13 years,6,,Sales,Yes,2017-03-08,Seattle
26.0,25000,2 years,8,F,Sales,No,2020-04-12,Seattle
50.0,58928,31 years,2,Male,HR,Yes,2017-11-22,Austin
40.0,37519,20 years,5,,HR,Y,2016-09-17,Austin
37.0,32883,15 years,4,Female,Sales,No,2021-01-20,Austin
18.0,29147,0 years,4,Male,Marketing,No,2010-10-28,New York
34.0,25000,11 years,7,Male,Sales,N,2020-10-22,
28.0,47549,7 years,4,,Marketing,,2016-07-10,New York
25.0,25000,2 years,4,F,HR,Y,2012-10-09,Seattle
53.0,63092,33 years,5,,Sales,Y,2014-09-14,New York
45.0,54193,25 years,1,Male,Engineering,N,2014-11-15,
35.0,42670,14 years,1,Female,,Yes,2016-10-27,Seattle
32.0,81256,6 years,7,Female,Engineering,No,2015-01-08,
37.0,65746,14 years,6,Female,Sales,Yes,2014-02-17,Boston
42.0,55000,25 years,9,F,HR,Yes,2018-02-20,Seattle
36.0,50088,19 years,5,Male,,,2013-12-13,Austin
29.0,46044,3 years,7,Male,Marketing,,2010-11-03,Seattle
35.0,59269,9 years,9,Male,Engineering,,2012-11-30,
28.0,48574,5 years,1,,HR,Yes,2021-07-01,Seattle
35.0,44999,11 years,7,Male,Sales,No,2015-12-06,
35.0,32162,11 years,2,Male,Sales,,2013-07-12,Austin
43.0,40458,19 years,9,,,Y,2012-07-24,
55.0,91379,33 years,5,Male,,,2016-11-05,Seattle
,50855,31 years,10,M,,Yes,2021-12-10,
28.0,62116,4 years,5,,Sales,Yes,,Austin
18.0,25000,0 years,6,Female,HR,Yes,2012-02-07,New York
39.0,25000,17 years,2,Female,HR,Yes,2023-09-07,Seattle
33.0,40183,16 years,9,M,Sales,Yes,2023-09-14,New York
23.0,40153,1 years,7,,Engineering,No,2013-07-28,New York
41.0,55354,15 years,10,,Sales,Yes,2020-05-11,New York
35.0,69267,14 years,10,Female,Engineering,Yes,2010-02-11,Austin
47.0,43337,25 years,5,F,Engineering,Y,2013-07-10,New York
33.0,35873,8 years,1,Female,Marketing,Yes,2022-04-11,New York
24.0,33297,3 years,9,M,Sales,Yes,2018-03-21,Austin
36.0,53935,,4,F,Sales,,2021-03-13,New York
37.0,50500,17 years,8,,HR,Yes,2020-07-08,Seattle
32.0,49011,9 years,3,Female,Sales,No,2014-12-20,Austin
41.0,57840,20 years,2,F,Sales,Yes,2019-09-28,Austin
25.0,63730,2 years,7,,Engineering,Yes,2015-11-25,New York
39.0,76169,18 years,2,F,Engineering,Yes,2011-06-03,Seattle
39.0,57004,13 years,4,Male,Marketing,Yes,2020-02-21,
30.0,49283,11 years,1,M,,Y,2021-01-30,Austin
32.0,43331,9 years,9,Male,Marketing,No,2022-12-19,New York
31.0,25000,15 years,10,Male,HR,N,2022-10-08,Seattle
18.0,25000,0 years,9,Female,Engineering,,2016-03-21,Austin
18.0,47088,0 years,1,Female,,Yes,2010-03-01,Seattle
31.0,38125,9 years,10,F,,No,2023-06-24,Seattle
39.0,50375,12 years,7,Male,,Yes,2014-07-12,New York
,61150,24 years,5,Male,,Y,2014-04-26,Boston
34.0,33562,11 years,8,M,,Y,2017-04-11,Seattle
35.0,34817,14 years,2,Female,Engineering,Y,2011-09-30,Seattle
,61075,,6,M,Marketing,Yes,,Seattle
29.0,49077,10 years,4,Female,Sales,,2022-05-19,Seattle
50.0,76971,30 years,10,M,Sales,Yes,2016-02-19,New York
34.0,48556,7 years,6,F,Engineering,Yes,2020-12-18,Austin
,51345,12 years,3,Female,Marketing,Y,2012-10-08,Austin
38.0,52451,16 years,5,M,HR,Yes,2017-11-21,Austin
36.0,42948,15 years,9,F,,,2016-10-08,Boston
42.0,60624,22 years,4,Female,Engineering,,2019-01-09,Boston
48.0,72681,28 years,7,Female,Engineering,Yes,2019-07-31,
31.0,47424,6 years,7,Male,HR,N,2017-04-19,New York
39.0,32666,15 years,6,,Sales,,2022-03-08,Seattle
48.0,71370,29 years,8,F,Engineering,,2017-04-03,Austin
23.0,54205,0 years,2,F,,Y,2012-08-02,New York
36.0,50738,15 years,9,Female,HR,,2023-02-18,Seattle
30.0,61594,4 years,5,Male,,Yes,2015-09-15,Austin
41.0,70178,17 years,10,M,Engineering,Yes,2018-01-27,
47.0,42795,23 years,10,Male,Sales,,2015-02-19,Austin
24.0,25000,0 years,9,Female,Sales,Y,2011-03-23,
47.0,49537,,5,F,,,2019-12-03,Austin
37.0,35068,11 years,3,Male,Marketing,Yes,2018-08-05,New York
48.0,53428,28 years,10,F,Sales,,2015-12-20,
50.0,85803,24 years,8,M,,,2022-07-31,New York
36.0,64567,13 years,9,M,,No,2020-06-03,Seattle
34.0,67770,10 years,6,,Engineering,Yes,2017-09-17,
25.0,29418,7 years,4,Male,Sales,Yes,2022-11-25,Boston
27.0,61315,4 years,2,Female,Engineering,,2020-05-24,
44.0,41673,24 years,2,F,,Y,2016-08-03,Austin
32.0,64177,10 years,4,,Sales,No,2016-09-28,
18.0,44198,0 years,1,Male,Marketing,N,2010-03-11,Austin
23.0,49238,0 years,9,Male,HR,N,2017-04-01,Boston
41.0,65361,21 years,9,Female,Marketing,Y,2022-09-12,New York
23.0,42417,0 years,3,Male,HR,No,2012-07-08,Seattle
49.0,75630,30 years,2,F,Sales,Y,,Seattle
50.0,56500,31 years,7,M,Marketing,Yes,2013-04-25,New York
20.0,27765,1 years,10,,Sales,,2010-03-02,Boston
35.0,40768,11 years,4,Female,,Yes,2014-02-25,
39.0,81163,17 years,9,,Sales,Yes,2014-12-11,Seattle
37.0,40706,10 years,6,Female,Engineering,No,2011-06-11,
19.0,25461,0 years,10,M,Engineering,Yes,,
48.0,49683,19 years,4,Female,Sales,No,,
41.0,34380,17 years,6,M,Engineering,,2021-09-07,New York
36.0,35208,,2,,Marketing,,2020-01-07,Seattle
37.0,63987,18 years,7,,Sales,N,2012-10-18,
29.0,34632,5 years,10,F,,,2012-11-17,Boston
31.0,38053,10 years,8,Male,Marketing,Yes,2013-02-07,Boston
30.0,73381,7 years,10,M,Sales,Y,2012-05-19,Austin
30.0,54147,7 years,6,,,Y,2016-12-17,Seattle
23.0,57909,0 years,6,Female,Engineering,Yes,2015-08-08,Boston
42.0,57659,20 years,7,Female,HR,Y,2013-07-26,Austin
32.0,49382,16 years,9,,Marketing,Y,2013-02-17,
21.0,29598,0 years,5,Female,Marketing,Y,2011-12-19,
38.0,55113,12 years,10,Female,,No,2014-01-17,Boston
47.0,71214,25 years,5,F,,No,2020-06-08,New York
41.0,71223,24 years,8,Male,Marketing,N,2020-12-03,Boston
37.0,32458,19 years,4,,Engineering,Yes,2015-05-27,Austin
30.0,46947,2 years,10,Female,,,2020-09-12,Seattle
55.0,87998,28 years,3,M,HR,Y,2019-02-19,
40.0,80872,19 years,6,,Sales,No,2019-04-03,Austin
33.0,46657,19 years,6,,Sales,,2013-07-23,Seattle
37.0,46330,15 years,4,F,Marketing,Yes,2023-09-18,Seattle
38.0,51778,13 years,9,,,No,2019-05-06,
20.0,38820,3 years,8,Male,Sales,N,2012-07-16,
26.0,51220,1 years,9,F,Engineering,Y,2010-05-17,Seattle
33.0,49798,10 years,8,Female,HR,Yes,2020-01-26,Austin
27.0,45200,15 years,1,Male,Sales,Yes,2011-11-19,
27.0,35821,5 years,7,Male,Engineering,,2016-11-25,Austin
28.0,25000,3 years,3,Female,Sales,No,2021-01-11,Boston
23.0,25000,4 years,1,M,Sales,Y,2016-06-29,New York
36.0,48927,16 years,5,M,HR,No,2021-12-24,Austin
34.0,71834,20 years,3,Male,Marketing,Y,2020-06-22,New York
46.0,70814,23 years,5,Male,HR,Yes,2022-05-17,Austin
31.0,43744,10 years,1,Male,Engineering,No,2018-09-30,New York
24.0,25000,2 years,5,,Engineering,Y,2015-06-30,New York
22.0,33707,1 years,7,Male,,,2019-01-25,Boston
46.0,48578,23 years,1,F,Engineering,Y,2021-11-16,Boston
42.0,55576,19 years,3,Male,Sales,No,2018-05-23,Seattle
37.0,63289,11 years,4,,Engineering,Yes,2014-09-24,Seattle
,25000,8 years,2,,Engineering,,2010-08-06,Austin
50.0,72402,29 years,1,F,Sales,Y,2012-08-25,New York
33.0,47153,13 years,9,Male,HR,Yes,2019-07-25,Seattle
32.0,57668,7 years,9,M,HR,Y,2010-02-07,Boston
35.0,39227,11 years,3,Male,Engineering,No,2017-08-11,New York
32.0,25000,12 years,2,Female,Engineering,,2014-03-11,Austin
22.0,25000,2 years,3,Female,Marketing,,2012-04-17,
29.0,25000,13 years,10,Female,HR,Yes,2015-07-21,Seattle
29.0,51134,4 years,7,F,Engineering,Yes,2023-08-07,Boston
40.0,41459,11 years,8,M,,No,2019-06-13,
47.0,67618,26 years,10,,Sales,Yes,,New York
44.0,49395,22 years,6,Male,,No,2014-09-28,New York
42.0,58010,20 years,7,,Marketing,Y,2022-04-16,Boston
32.0,32032,10 years,7,Female,Marketing,Yes,2011-11-04,Boston
39.0,55051,14 years,4,,,Y,2017-02-27,Boston
51.0,62519,30 years,6,M,Marketing,Yes,2012-06-29,
46.0,68127,22 years,10,F,Sales,Yes,2013-08-08,New York
19.0,25000,1 years,2,,,No,2013-06-13,New York
,61229,12 years,2,M,,N,2019-11-08,Boston
43.0,71235,19 years,1,,,Yes,2022-01-17,
18.0,44730,0 years,1,F,Sales,Yes,2021-07-06,
41.0,44833,14 years,10,Male,,Y,2012-01-14,Austin
23.0,52977,0 years,7,,Engineering,Yes,2016-03-17,Austin
44.0,42613,22 years,6,,HR,Yes,2015-02-16,Seattle
33.0,52216,13 years,10,M,,Y,2016-01-22,
34.0,60416,12 years,5,Female,,Yes,2021-08-18,Seattle
35.0,54704,10 years,10,,Sales,N,2012-08-09,
32.0,29390,7 years,5,Male,Sales,Yes,2014-04-27,
51.0,47433,32 years,4,Male,HR,Yes,2013-10-13,Austin
47.0,47380,25 years,3,F,HR,Y,2015-08-10,Seattle
37.0,41127,8 years,3,Male,,N,,Seattle
37.0,39005,16 years,8,,HR,Y,2022-05-18,Seattle
54.0,53439,27 years,5,F,Sales,Yes,2019-09-12,Boston
41.0,54116,22 years,5,M,Sales,No,2012-02-04,Austin
22.0,26826,0 years,1,M,,,2014-04-01,Seattle
49.0,77764,27 years,10,Male,Marketing,Yes,2019-12-12,
29.0,25429,1 years,3,,HR,Yes,2020-07-04,Seattle
53.0,67044,29 years,4,Female,HR,Y,2016-01-17,Seattle
35.0,35186,8 years,2,Male,HR,No,2013-11-24,Austin
23.0,45861,0 years,3,,Marketing,No,,New York
65.0,87429,40 years,1,M,,Yes,2012-09-26,Austin
33.0,27844,14 years,7,,,Yes,2018-01-11,New York
48.0,48508,,10,,,N,2018-11-10,New York
21.0,50083,0 years,8,Male,,N,2018-09-17,
32.0,36129,10 years,7,M,,Y,2013-10-09,New York
25.0,45154,2 years,2,Female,Sales,,2023-04-09,New York
18.0,25000,0 years,3,Female,HR,Yes,2022-06-12,Boston
34.0,34220,14 years,3,,Sales,No,2016-10-12,New York
42.0,57185,18 years,6,Female,,N,2016-07-09,
23.0,33173,3 years,9,M,,N,2013-02-19,
54.0,74645,36 years,5,F,,,2021-11-17,Austin
35.0,48031,10 years,6,,HR,Yes,2012-09-28,
33.0,29730,12 years,6,F,Sales,No,2023-11-12,Boston
37.0,35706,16 years,5,M,Engineering,Yes,2016-09-25,
29.0,51410,7 years,5,Female,HR,,2014-08-21,Austin
28.0,57283,7 years,3,Female,Marketing,,2012-04-25,Seattle
39.0,64925,13 years,9,F,Engineering,Yes,2012-06-14,Boston
26.0,26409,8 years,6,Female,,No,2019-11-10,Boston
21.0,38077,0 years,3,,,Y,,New York
34.0,40438,10 years,8,Male,,Yes,2016-09-20,Boston
28.0,58885,4 years,9,F,,No,2013-08-27,New York
37.0,66252,13 years,8,,,Yes,2018-01-22,Boston
47.0,42757,25 years,8,Female,Engineering,No,2018-01-13,New York
31.0,33807,2 years,1,Male,Engineering,Yes,2015-02-11,New York
46.0,70157,21 years,10,F,HR,Yes,2021-04-07,Austin
50.0,46504,27 years,5,F,Marketing,Yes,2013-02-13,New York
30.0,46079,5 years,2,F,Sales,Y,2012-10-05,Seattle
35.0,47428,11 years,1,Female,Sales,Y,2015-05-24,
43.0,74443,25 years,8,Female,Marketing,Yes,2015-12-12,Seattle
43.0,53497,18 years,4,F,Engineering,Y,2015-05-10,New York
32.0,55035,6 years,5,Female,Engineering,Yes,,Austin
43.0,40512,20 years,3,F,Engineering,,2014-12-03,Seattle
27.0,41908,1 years,5,,HR,No,2022-10-05,New York
45.0,55226,22 years,9,,HR,Y,2019-11-06,New York
39.0,42977,16 years,6,Male,Engineering,N,2020-06-03,
19.0,46830,0 years,7,,Sales,Yes,2022-07-04,Boston
26.0,40827,1 years,10,Female,Sales,Y,2022-06-09,
47.0,72465,24 years,10,Female,,Y,2012-02-07,Austin
,59972,25 years,6,,Engineering,Yes,2012-09-01,Boston
27.0,50024,1 years,4,Male,Marketing,,2020-04-21,Boston
38.0,59882,12 years,5,M,Sales,No,2017-01-03,New York
27.0,41193,3 years,8,Male,Engineering,Yes,,New York
39.0,55508,23 years,10,,HR,Yes,2019-03-16,Austin
32.0,36034,4 years,6,F,Engineering,N,,New York
18.0,33845,0 years,6,Female,Marketing,Y,2023-11-23,Austin
26.0,36756,3 years,4,,Sales,Y,,Boston
47.0,53752,30 years,10,F,Engineering,Yes,,Boston
32.0,32502,15 years,1,,Sales,,2017-11-02,Seattle
24.0,25000,6 years,9,Male,Sales,Y,2015-11-02,Austin
46.0,63730,28 years,1,F,Engineering,Yes,2018-07-03,Boston
33.0,36790,10 years,1,F,Engineering,No,2021-01-20,
51.0,46732,28 years,9,M,Marketing,Yes,2023-11-01,
45.0,42749,15 years,3,Female,HR,No,2012-06-14,Boston
33.0,66494,18 years,2,F,,Y,2017-11-17,New York
40.0,64764,19 years,5,Female,,Y,,Austin
30.0,39153,4 years,7,F,Marketing,Yes,2015-11-07,New York
38.0,57239,18 years,5,F,Engineering,Yes,2011-08-03,
24.0,42404,4 years,8,Female,Engineering,,2020-05-23,Austin
35.0,59139,10 years,5,,Marketing,Y,2013-11-25,Boston
31.0,63024,8 years,8,M,Sales,No,2016-03-18,
27.0,25000,4 years,8,M,,Yes,2020-03-23,Seattle
18.0,25000,0 years,5,M,Engineering,No,2013-02-08,Seattle
31.0,71128,6 years,5,,,Yes,2017-01-04,Austin
26.0,48460,5 years,3,Female,Engineering,,2010-03-06,Boston
42.0,40347,23 years,4,Male,Marketing,Y,2013-02-20,New York
27.0,25000,7 years,7,,Engineering,Y,,Seattle
30.0,39590,5 years,2,,Sales,Y,,
22.0,63544,0 years,9,Female,Sales,,2019-12-23,Seattle
35.0,62371,,9,M,HR,Yes,,Boston
42.0,61815,20 years,1,Female,,Y,2013-12-01,Boston
23.0,31061,8 years,3,,HR,No,2013-08-03,Austin
31.0,45475,11 years,2,Male,HR,Yes,2018-07-24,
38.0,36255,15 years,3,,Sales,,2018-05-24,
42.0,59563,21 years,7,Female,Marketing,Yes,2014-12-12,Boston
18.0,27346,0 years,5,Male,Marketing,Y,2020-10-19,
39.0,41585,17 years,3,F,Marketing,N,2016-08-08,New York
37.0,58732,13 years,7,,Marketing,Yes,2011-01-27,New York
42.0,39059,20 years,7,Female,,,,
27.0,35574,1 years,8,Female,,,2013-02-21,Austin
31.0,38827,11 years,6,Female,HR,Yes,2012-09-17,Seattle
18.0,25000,0 years,3,F,,No,2021-03-11,Boston
23.0,36200,5 years,4,,,N,2010-01-08,New York
26.0,36756,3 years,4,,Sales,Y,,Boston
18.0,25000,0 years,3,M,,,2023-10-08,New York
49.0,53757,24 years,6,Male,,Y,2020-01-04,Boston
32.0,42316,14 years,1,M,HR,Yes,2018-06-17,Seattle
45.0,90199,23 years,6,F,Marketing,No,2021-08-18,New York
38.0,42200,16 years,7,Male,HR,Yes,,New York
31.0,50807,13 years,10,M,,Y,2019-03-03,New York
43.0,40602,19 years,4,F,,Yes,2017-03-27,
34.0,49301,11 years,6,Male,Sales,Y,2013-01-31,
30.0,35138,4 years,1,F,,Y,2018-07-20,New York
29.0,71579,5 years,9,F,HR,,2012-08-19,Austin
51.0,69238,31 years,9,Male,Engineering,,2021-04-28,Austin
18.0,25000,0 years,2,,Engineering,Yes,2022-06-12,Seattle
39.0,39975,17 years,9,Male,Sales,Yes,2015-01-09,Boston
50.0,54217,32 years,10,,Engineering,N,2014-08-26,Boston
21.0,45263,3 years,5,Female,,Yes,2017-05-11,Boston
40.0,60373,19 years,2,Female,Marketing,Yes,2010-02-13,Seattle
18.0,43121,0 years,2,F,HR,Yes,2023-03-09,
,44825,13 years,9,F,Marketing,Yes,2023-12-06,New York
33.0,61130,10 years,6,,HR,No,2011-09-21,New York
18.0,39301,0 years,7,M,Engineering,No,2019-02-19,
37.0,54847,15 years,1,Male,HR,Y,2023-12-30,Seattle
34.0,30997,8 years,8,F,Sales,,2019-07-18,Seattle
40.0,59316,13 years,5,F,HR,Y,2020-03-27,Boston
34.0,39523,11 years,8,F,Sales,,2014-09-09,Austin
33.0,65001,3 years,5,,Marketing,,2011-08-03,Austin
31.0,44607,11 years,1,,Sales,N,2021-07-08,
39.0,51819,11 years,6,Female,HR,No,,New York
26.0,39467,0 years,6,,,,2022-07-18,Seattle
30.0,56570,12 years,8,Male,,No,2012-04-02,Boston
31.0,25000,6 years,2,M,HR,Y,2013-05-14,Seattle
49.0,36944,27 years,1,M,Marketing,Yes,2018-12-11,Seattle
25.0,30299,3 years,1,,HR,Yes,2015-11-24,Boston
34.0,60491,17 years,1,Male,Sales,N,2020-06-25,Boston
43.0,73317,16 years,6,,,Y,2011-03-16,Austin
26.0,46751,1 years,3,Female,,Yes,2021-10-01,Austin
40.0,29865,18 years,7,,,Y,2022-05-08,Boston
42.0,38606,19 years,1,F,Marketing,No,2012-10-17,
31.0,66883,8 years,10,M,Marketing,No,2018-10-13,
41.0,49338,19 years,1,Female,Sales,No,2014-12-25,Seattle
30.0,35033,12 years,6,Male,,Y,2020-05-08,Austin
25.0,25000,3 years,6,F,,No,2012-05-23,Seattle
44.0,94840,23 years,5,Female,Marketing,,2019-12-16,Austin
46.0,56260,24 years,10,Male,Sales,Y,2019-07-24,Boston
30.0,47314,7 years,3,Male,Engineering,N,2012-10-19,New York
40.0,67407,19 years,3,,Sales,Yes,2013-09-29,Boston
23.0,37355,6 years,1,M,Marketing,Yes,,New York
25.0,27887,0 years,4,Female,Sales,,2013-02-11,Austin
29.0,43156,4 years,3,F,HR,,2010-08-08,Boston
36.0,81422,15 years,2,Male,HR,,2022-06-03,Seattle
43.0,35350,14 years,5,M,Sales,Y,2017-06-12,Austin
28.0,40611,6 years,2,Male,Engineering,Y,2010-02-05,Boston
47.0,78065,28 years,10,Male,Marketing,,2015-04-05,Boston
30.0,26548,11 years,6,M,HR,Yes,2010-03-02,Boston
43.0,44295,24 years,6,,,Yes,2021-07-17,Boston
21.0,50951,0 years,9,Female,Engineering,Yes,2016-10-19,Austin
53.0,72417,29 years,6,F,Sales,Yes,,
46.0,60102,24 years,7,M,HR,Y,2015-05-21,
36.0,53512,14 years,3,Female,Marketing,N,,
40.0,65207,18 years,3,Male,Sales,,2019-01-04,New York
23.0,25000,2 years,2,Female,Engineering,Y,2019-10-04,Seattle
28.0,56511,2 years,2,M,,Yes,2023-10-03,Boston
33.0,57853,6 years,2,F,,Yes,2015-10-17,
18.0,36005,0 years,2,F,,,2013-01-27,New York
40.0,67625,23 years,8,,Sales,Y,2015-09-07,Boston
35.0,60626,14 years,1,M,Marketing,,,
39.0,39567,17 years,2,Male,,Yes,2013-04-05,Seattle
42.0,67887,23 years,8,M,HR,Y,2018-11-22,Seattle
20.0,34271,1 years,5,F,Sales,No,2013-01-31,Boston
33.0,44909,7 years,8,Female,Sales,,2016-08-06,New York
32.0,26315,2 years,4,,Marketing,,2020-11-15,
19.0,44143,0 years,4,F,Marketing,Yes,2020-05-06,Seattle
45.0,60060,21 years,5,M,Engineering,Yes,2016-10-04,Austin
26.0,25000,3 years,9,M,Engineering,No,2022-09-10,Boston
33.0,25000,8 years,8,F,Sales,,2012-10-01,Seattle
58.0,54947,33 years,8,Male,HR,Y,2015-11-11,Austin
18.0,53697,1 years,5,M,Sales,No,2020-09-28,
23.0,25000,0 years,5,,,No,2012-04-02,Seattle
43.0,38087,20 years,6,Female,Marketing,Y,2015-03-30,
44.0,46559,22 years,8,Male,HR,Y,2010-11-20,Boston
35.0,29497,11 years,7,Male,Engineering,Y,2016-08-16,Seattle
38.0,58280,16 years,7,M,Engineering,Yes,2023-02-05,Austin
23.0,36770,3 years,9,Male,HR,Y,,Austin
24.0,25000,2 years,5,Male,Marketing,Y,2020-06-22,Boston
36.0,51015,13 years,5,Female,Sales,No,2021-11-02,New York
40.0,50787,17 years,7,F,Sales,No,2011-04-11,
30.0,48245,6 years,7,F,HR,N,2017-03-03,Boston
18.0,28000,0 years,7,Female,HR,Yes,2014-06-12,
24.0,31791,9 years,2,Female,Marketing,Y,2019-06-04,New York
47.0,72595,26 years,4,,Marketing,Yes,2011-11-07,New York
38.0,65419,,6,,Marketing,Yes,2012-09-28,
41.0,31068,19 years,7,,HR,,2022-12-13,Austin
54.0,79503,32 years,3,F,Sales,,2021-05-30,
36.0,51345,16 years,3,Female,Marketing,Yes,2022-01-21,Seattle
39.0,70599,13 years,3,Female,Sales,N,2013-01-29,
42.0,94060,20 years,2,,HR,Y,2016-11-09,
45.0,67190,25 years,9,F,HR,N,,Austin
43.0,50441,19 years,4,Male,Sales,N,2016-08-14,Seattle
35.0,30751,10 years,8,,Sales,,2019-10-10,
36.0,28016,11 years,10,Female,Sales,Yes,2017-11-22,New York
39.0,67277,16 years,1,Male,HR,No,2022-01-22,Boston
18.0,29315,0 years,1,M,Marketing,Yes,2017-12-20,Austin
18.0,34442,0 years,8,,,Yes,2017-07-07,Boston
18.0,25000,0 years,9,Female,HR,N,2013-09-09,New York
33.0,25000,13 years,7,F,HR,Y,2013-02-20,
44.0,63759,21 years,4,Male,HR,Yes,2017-03-11,Seattle
37.0,54009,18 years,4,M,Sales,,2015-04-30,Austin
30.0,73381,7 years,10,M,Sales,Y,2012-05-19,Austin
31.0,38255,9 years,9,Female,,Y,2017-05-06,Seattle
43.0,62445,20 years,5,,,Y,2011-05-24,Boston
31.0,47295,11 years,3,Male,,Y,2011-06-16,Boston
25.0,47828,2 years,1,M,Sales,No,2011-01-11,Seattle
26.0,40397,10 years,9,Female,Marketing,No,2022-05-06,Boston
22.0,50412,0 years,3,,Engineering,Yes,2016-03-10,
45.0,67475,23 years,4,F,Marketing,Y,2013-02-19,Seattle
23.0,30509,3 years,3,F,Sales,Y,2016-11-02,New York
30.0,25000,10 years,2,,,No,2012-06-08,
34.0,56844,10 years,1,F,Marketing,No,2019-08-26,Seattle
44.0,48497,24 years,3,Male,Marketing,No,2018-02-19,Boston
39.0,62600,16 years,7,Male,Sales,Y,2017-07-04,Boston
18.0,25000,0 years,7,,Marketing,Yes,2015-05-09,New York
27.0,51924,5 years,3,Male,,No,2021-11-13,New York
47.0,49274,27 years,1,,Sales,,2022-07-20,Seattle
34.0,52348,11 years,2,Male,Sales,No,2019-10-20,
32.0,47154,7 years,3,M,HR,Y,2022-01-04,
25.0,51626,3 years,5,Female,Sales,,,Boston
33.0,47863,7 years,1,F,HR,Yes,2018-11-21,Seattle
46.0,25000,21 years,10,Male,Marketing,,2019-10-27,Austin
36.0,47298,18 years,5,M,HR,N,,New York
26.0,25000,11 years,7,Female,Sales,N,2010-09-21,Austin
55.0,86838,33 years,5,Male,HR,No,2020-05-28,Boston
27.0,77704,2 years,9,Male,Marketing,,2014-10-29,New York
36.0,64288,16 years,10,F,,Y,2014-06-12,
18.0,43534,0 years,2,Male,Marketing,Y,2012-07-26,Boston
25.0,25000,1 years,7,M,,,2014-08-10,Austin
26.0,33083,5 years,7,Female,HR,Yes,2017-06-21,New York
28.0,32387,5 years,3,Female,,No,2013-05-31,New York
24.0,25000,0 years,4,M,HR,Y,2021-04-25,Austin
39.0,47809,16 years,5,M,Marketing,,2011-12-08,Boston
40.0,48691,20 years,1,,Engineering,Yes,2016-11-20,Seattle
25.0,55168,0 years,10,Female,Marketing,,,
41.0,48290,18 years,1,F,Engineering,,2013-11-16,Austin
24.0,25000,1 years,2,Male,,Y,2013-01-07,Seattle
27.0,51891,5 years,4,,Sales,,2019-12-05,Seattle
37.0,80496,13 years,8,Female,,Yes,2020-12-08,Austin
36.0,56444,9 years,6,,Engineering,Yes,2013-01-31,Austin
34.0,47893,12 years,8,F,Marketing,Yes,2022-10-13,New York
33.0,25000,7 years,9,,,,2020-12-08,
34.0,49234,6 years,8,Male,Sales,No,2023-09-23,Boston
24.0,54154,,5,,Sales,No,2010-12-21,New York
53.0,51940,35 years,10,Male,Marketing,,,Boston
18.0,25000,2 years,5,,Sales,Y,2018-04-13,Seattle
38.0,42515,13 years,6,Male,,Yes,2014-03-09,Austin
32.0,33037,11 years,7,,HR,No,2022-01-03,Austin
48.0,56847,30 years,10,Female,Sales,Y,2021-10-17,New York
49.0,57202,24 years,7,,HR,,,New York
35.0,35454,10 years,3,Male,Engineering,,2016-02-04,Boston
36.0,68535,13 years,1,Female,HR,No,2014-11-10,Austin
48.0,50992,27 years,1,F,Sales,Y,2014-01-03,
49.0,63362,29 years,8,F,,Yes,2013-04-13,Boston
39.0,50043,16 years,1,M,Engineering,,2010-04-08,Austin
31.0,63584,10 years,9,Female,Sales,,2015-04-20,Boston
51.0,52866,29 years,2,Female,Engineering,No,2011-02-08,
30.0,77196,12 years,2,Male,Sales,No,2018-04-05,Austin
28.0,48177,4 years,1,,Engineering,Y,2021-12-13,New York
31.0,37471,8 years,6,F,Engineering,,2016-03-31,Seattle
42.0,73818,20 years,7,F,Sales,Yes,2020-07-23,Austin
29.0,39192,8 years,8,,Engineering,Y,2012-03-11,Austin
35.0,40474,9 years,2,F,,,2019-03-22,
37.0,45406,14 years,5,Male,,Yes,2023-06-07,Boston
18.0,37186,0 years,6,F,Engineering,Y,2011-10-21,New York
23.0,29258,2 years,3,Male,,Y,2023-12-16,Boston
35.0,66674,10 years,1,Female,,Yes,2018-09-23,Boston
24.0,44895,0 years,1,M,Marketing,Y,2019-04-09,Seattle
18.0,25000,0 years,2,,HR,,2013-05-17,
,31092,0 years,8,,,No,2014-09-15,Boston
46.0,70814,23 years,5,Male,HR,Yes,2022-05-17,Austin
45.0,60456,22 years,7,Female,HR,Yes,2011-06-23,Seattle
37.0,49464,12 years,7,Male,Sales,Yes,2013-12-02,New York
47.0,55057,23 years,8,F,Sales,N,2022-08-12,
39.0,45330,17 years,2,,Engineering,Yes,2013-10-31,
31.0,32905,11 years,7,,,Yes,2023-11-11,Austin
30.0,31241,9 years,3,Female,Marketing,Y,2018-05-19,Austin
44.0,39333,25 years,2,Female,,,2019-05-01,Boston
27.0,52879,3 years,4,Female,Engineering,,2019-07-12,New York
35.0,32628,15 years,9,Female,Engineering,Yes,2015-04-10,Seattle
45.0,73885,23 years,3,F,,Yes,2017-01-27,Seattle
37.0,54189,14 years,6,M,Sales,No,2020-10-16,New York
29.0,25000,8 years,10,Female,,Y,2013-08-10,Boston
23.0,28729,3 years,6,,,,2018-09-04,New York
37.0,54295,10 years,6,Female,Engineering,,2019-03-04,New York
31.0,41912,9 years,10,Female,Marketing,No,2016-10-03,Austin
59.0,59694,39 years,7,Male,,Y,2012-08-01,Seattle
32.0,42557,2 years,7,M,,No,2017-03-14,
37.0,49086,16 years,4,F,Sales,Y,2022-01-30,
44.0,67508,24 years,8,M,Marketing,,,Boston
55.0,72581,33 years,9,Male,,,2022-08-18,Boston
32.0,25000,8 years,9,F,HR,N,2013-10-02,
37.0,79903,17 years,7,Female,Sales,Y,,
18.0,25000,0 years,1,M,Engineering,Yes,2019-10-21,
37.0,30270,19 years,9,,Engineering,,,Boston
38.0,37167,19 years,2,Male,HR,Yes,2021-03-07,Austin
19.0,25000,0 years,10,M,,Yes,2022-02-27,Seattle
50.0,60771,31 years,3,,,Yes,2019-03-27,Seattle
33.0,43138,10 years,2,Male,Sales,Y,2010-11-06,
42.0,57475,22 years,6,F,Sales,N,2017-12-19,Boston
50.0,55673,28 years,8,,Sales,N,2018-07-02,New York
25.0,25000,6 years,6,Female,HR,No,,
38.0,81456,12 years,8,M,Engineering,No,2011-11-07,
42.0,85927,23 years,9,,,,2010-10-14,New York
34.0,63297,,1,F,Sales,N,2010-04-03,Seattle
38.0,70266,17 years,1,Female,HR,Yes,2016-06-05,New York
44.0,68220,13 years,2,F,Marketing,No,2013-09-18,New York
26.0,25000,3 years,7,Male,,,,Austin
44.0,98330,26 years,6,Male,,Yes,,
,46910,0 years,3,M,Sales,Y,2022-07-14,Seattle
51.0,73302,27 years,1,M,Engineering,N,2012-08-02,New York
38.0,47047,15 years,4,F,HR,Y,2023-12-22,
37.0,47408,17 years,8,Female,Engineering,N,2017-06-12,
40.0,68301,22 years,8,M,Sales,No,2021-09-27,Austin
40.0,36440,16 years,9,,Sales,,2016-04-11,Seattle
31.0,64958,10 years,1,Male,Marketing,,2020-10-30,
23.0,25000,0 years,8,M,HR,Y,2014-02-18,Seattle
18.0,38805,0 years,7,Female,,Yes,2015-02-28,Austin
18.0,25000,0 years,4,Female,HR,Yes,2015-09-16,Boston
32.0,58393,6 years,8,Male,Engineering,Yes,2013-12-22,Boston
27.0,48826,2 years,2,Male,,Yes,2021-09-21,New York
19.0,39004,0 years,4,Male,Marketing,Yes,2021-10-14,Boston
32.0,60022,11 years,7,F,Sales,Y,2016-07-26,Seattle
46.0,71168,22 years,4,F,Sales,Y,2010-10-06,Austin
31.0,28308,11 years,4,Female,Engineering,Yes,2021-03-03,Austin
51.0,31149,26 years,10,M,Engineering,No,2013-10-27,New York
53.0,35439,32 years,1,M,,Yes,2016-02-22,Boston
42.0,29076,20 years,9,M,HR,Yes,2017-04-16,Boston
38.0,56273,,3,F,Sales,,2017-09-26,
37.0,82609,15 years,2,,HR,,,Austin
37.0,88379,16 years,4,F,Marketing,Y,2016-01-05,Seattle
24.0,50850,5 years,9,,HR,Yes,2017-07-21,Seattle
28.0,60591,5 years,5,M,Engineering,Yes,2014-01-13,Austin
21.0,26062,0 years,6,Male,Engineering,,2021-09-09,New York
31.0,25000,14 years,7,M,,Y,2023-07-14,Seattle
37.0,61849,15 years,5,,Marketing,Y,2017-02-16,New York
18.0,29949,0 years,5,,Engineering,Yes,2022-11-13,New York
32.0,25000,13 years,1,Male,Engineering,Y,2012-02-02,
46.0,65599,,7,Male,Engineering,Yes,2013-01-22,New York
39.0,41783,12 years,2,Male,Marketing,,2014-02-22,Boston
40.0,45455,19 years,2,Male,Sales,Y,,Austin
30.0,41947,7 years,9,Female,Sales,Yes,2019-02-12,Austin
28.0,41809,6 years,7,F,Sales,Y,2016-08-12,New York
43.0,77117,16 years,9,Male,Sales,Y,2014-08-25,New York
18.0,25000,0 years,9,Female,Sales,Y,2016-09-02,Seattle
20.0,40148,0 years,9,,,Y,2018-06-09,New York
54.0,71993,28 years,4,M,Marketing,Yes,,New York
28.0,51385,0 years,1,Female,Marketing,No,,Austin
57.0,58948,34 years,7,M,Engineering,N,2011-12-26,Austin
54.0,54490,28 years,3,Female,Sales,,2017-07-04,Seattle
36.0,50356,13 years,8,,Engineering,N,2019-10-01,Seattle
18.0,25000,0 years,8,,Engineering,Y,2010-03-08,Boston
40.0,62718,17 years,3,Female,Engineering,Y,2023-11-10,Austin
33.0,25000,7 years,5,M,,Y,2013-11-26,New York
29.0,39922,7 years,5,M,,,2023-07-17,Seattle
58.0,48533,33 years,10,Female,Marketing,Yes,2011-03-06,Austin
52.0,69092,28 years,6,M,Engineering,,2023-04-30,
30.0,43919,,1,M,,Yes,2018-06-18,Seattle
32.0,59151,9 years,6,Male,Marketing,N,2014-08-02,Seattle
19.0,36176,0 years,10,M,Marketing,Y,2016-01-30,
55.0,80400,27 years,5,Female,Sales,Yes,2013-01-06,New York
26.0,45043,7 years,6,,,,2023-07-06,Austin
21.0,70079,0 years,2,M,Marketing,Yes,,
31.0,73119,4 years,3,Male,HR,Y,2016-09-10,Seattle
29.0,53935,12 years,9,F,Sales,Yes,2017-09-08,
20.0,30367,3 years,3,F,,Y,2011-12-01,
27.0,52846,10 years,2,,,Y,2011-05-21,Boston
65.0,87789,40 years,3,,Sales,N,2012-11-12,Seattle
30.0,50988,11 years,5,Male,Sales,,2016-03-09,New York
28.0,56030,0 years,7,,Sales,,2014-03-21,New York
39.0,78066,13 years,5,Male,Sales,,2013-08-25,Seattle
27.0,39693,9 years,10,Female,Engineering,,2020-08-08,Austin
24.0,37340,0 years,6,,Engineering,No,2020-03-26,Seattle
33.0,70032,16 years,2,Female,Engineering,No,2023-07-07,Seattle
29.0,31181,7 years,7,Female,Engineering,,,Boston
40.0,54908,19 years,1,Female,Sales,Yes,2012-12-23,New York
39.0,71396,16 years,6,F,,Yes,2019-12-27,Boston
18.0,25000,0 years,3,,Sales,Y,2015-07-27,Boston
39.0,46705,17 years,4,,Marketing,,2017-09-20,New York
32.0,35220,17 years,10,Female,,Y,2011-01-08,
27.0,44673,7 years,9,,Engineering,Y,2019-12-23,New York
22.0,54305,0 years,10,M,,Y,2020-02-13,
36.0,53701,13 years,2,Male,HR,N,2022-11-26,Austin
55.0,39136,35 years,2,Male,HR,Yes,2015-04-22,New York
28.0,76945,1 years,1,Male,HR,N,2015-06-16,Austin
37.0,56742,18 years,2,,,,2016-06-20,Boston
44.0,53766,15 years,7,,Marketing,Y,2012-07-13,Boston
34.0,32084,12 years,5,,Engineering,N,2018-08-04,
23.0,34825,1 years,3,Female,Engineering,Y,2021-06-22,
31.0,49673,8 years,1,Female,Engineering,Yes,,Boston
24.0,59679,4 years,1,Female,HR,No,2023-02-05,Boston
46.0,54284,19 years,6,,HR,Yes,2011-08-05,New York
29.0,50047,10 years,5,Male,,Y,2012-08-14,Seattle
26.0,29992,0 years,1,Female,Engineering,Y,2021-05-03,Seattle
45.0,82549,15 years,4,,Engineering,,,Boston
33.0,47190,12 years,10,Male,,Y,2012-03-31,Austin
26.0,32822,2 years,2,F,HR,Yes,2015-04-24,New York
34.0,40364,10 years,9,M,HR,Yes,2012-03-13,Austin
19.0,41860,,9,Male,HR,Yes,2015-09-17,Austin
35.0,54794,11 years,3,M,Sales,Y,2014-10-08,Seattle
32.0,44704,10 years,9,F,Marketing,Y,2018-02-24,New York
18.0,43748,0 years,2,,Marketing,Yes,2021-11-29,Austin
38.0,25000,10 years,4,Male,Sales,Yes,2022-08-13,
45.0,90472,,2,,Marketing,Yes,2023-09-24,
27.0,34889,9 years,8,Male,Marketing,Y,2018-11-11,Austin
48.0,52461,28 years,10,Male,,No,,Boston
28.0,52249,8 years,9,Female,Engineering,Y,2011-09-22,
41.0,44094,16 years,1,,HR,,,
40.0,55304,17 years,6,Female,Marketing,,2013-05-10,
44.0,66605,23 years,8,M,Sales,Yes,2020-08-18,Austin
35.0,51322,8 years,10,Female,Marketing,Y,2015-12-10,Austin
34.0,54425,13 years,9,Female,HR,,2015-01-14,
38.0,47307,11 years,6,F,HR,,2015-06-13,New York
24.0,30600,0 years,4,,Marketing,Yes,2011-07-01,Seattle
20.0,43891,0 years,10,Male,Sales,N,2013-09-13,New York
27.0,34390,6 years,1,M,Sales,Y,2011-10-02,
34.0,64012,14 years,4,Male,Engineering,Yes,2022-12-18,New York
31.0,39076,11 years,9,Male,Sales,Y,2023-07-27,Austin
35.0,36157,9 years,8,,Sales,Y,2016-05-18,New York
27.0,51988,5 years,2,F,,,2018-05-05,
38.0,61348,15 years,6,,HR,Y,2023-02-06,Austin
35.0,51730,9 years,2,Male,Engineering,Yes,2013-10-01,
36.0,63533,13 years,5,,Marketing,N,2021-09-11,Boston
44.0,50197,25 years,7,Female,Sales,No,2012-10-03,New York
38.0,44153,20 years,4,,Engineering,No,2023-10-12,Seattle
51.0,53378,28 years,2,M,Sales,Y,2013-03-26,Seattle
36.0,39083,11 years,7,Male,Engineering,,2015-11-06,Austin
37.0,62266,19 years,4,Female,HR,Y,2013-03-16,
36.0,38994,17 years,6,Female,HR,,2017-08-27,
28.0,25000,8 years,6,F,HR,,,Austin
29.0,42767,9 years,5,F,,No,2021-09-04,
25.0,41609,5 years,9,F,HR,Y,,Boston
24.0,33578,2 years,9,M,Marketing,No,2021-11-15,
24.0,32953,1 years,5,Male,HR,Y,,Seattle
41.0,52302,17 years,1,Female,Marketing,Y,2020-11-04,Austin
26.0,44616,0 years,10,F,,Y,2010-01-31,Boston
33.0,42831,9 years,9,Female,Engineering,Yes,2013-09-03,Seattle
23.0,38876,2 years,3,Male,Marketing,Yes,2017-06-06,Boston
31.0,49331,9 years,7,,HR,Y,,New York
26.0,33684,7 years,5,F,,Y,2023-05-06,Boston
38.0,40470,19 years,4,Male,Engineering,Yes,2019-08-09,Boston
22.0,32571,2 years,4,F,Engineering,,2017-04-11,Austin
46.0,51860,21 years,2,Female,Sales,Yes,2013-06-02,New York
34.0,50619,14 years,9,M,Marketing,Y,2014-01-07,New York
36.0,27190,12 years,2,F,HR,Y,2019-10-21,Austin
18.0,40254,0 years,6,M,Marketing,Yes,2022-09-03,Austin
49.0,73097,28 years,10,,Marketing,Yes,2020-09-19,New York
32.0,62914,11 years,7,M,Sales,Yes,2020-03-16,Seattle
33.0,39750,10 years,4,Male,Sales,Yes,2017-11-30,Austin
18.0,25000,0 years,3,Male,Marketing,,2014-07-11,Austin
34.0,39021,11 years,10,F,Sales,No,2015-04-02,New York
38.0,34782,12 years,5,M,,Yes,2013-06-21,New York
31.0,38118,4 years,10,,,N,,Austin
20.0,26119,0 years,5,,Sales,Y,2019-03-20,Boston
39.0,82587,14 years,7,Female,HR,Yes,2016-03-01,Seattle
21.0,38027,0 years,1,F,Marketing,Y,2014-06-18,Seattle
41.0,83674,16 years,6,Male,Engineering,Y,2017-09-21,New York
43.0,45628,18 years,10,,Sales,Yes,2010-12-29,Boston
45.0,61063,,2,Male,Engineering,Yes,2010-01-03,
,51981,10 years,7,F,,Yes,,New York
32.0,29679,9 years,3,Female,Sales,N,2018-02-24,Seattle
38.0,36709,14 years,8,,Sales,No,2010-03-28,Boston
50.0,47855,28 years,3,,Sales,N,2022-01-10,Seattle
18.0,59778,0 years,1,Female,HR,No,2023-12-12,Seattle
24.0,42721,10 years,3,Male,Marketing,No,2016-05-14,New York
42.0,58351,24 years,8,Male,,Y,2023-11-22,Boston
39.0,57906,10 years,9,Female,Engineering,,2018-11-26,Austin
46.0,40674,21 years,1,Male,Marketing,,2016-09-08,Boston
42.0,74819,19 years,10,Female,Sales,,2012-02-02,Seattle
38.0,25000,20 years,3,Male,,No,2012-11-22,Seattle
46.0,61900,24 years,8,,HR,N,2019-07-06,Austin
40.0,66374,23 years,7,,Sales,,2014-01-10,New York
18.0,25000,0 years,2,,Sales,Yes,2011-01-27,Boston
35.0,29606,13 years,2,Female,Marketing,Y,2020-06-06,Austin
57.0,95996,31 years,5,F,Marketing,No,2019-12-25,Boston
41.0,56443,21 years,1,Female,Sales,No,2010-05-12,New York
48.0,63097,21 years,8,Male,Engineering,Yes,2013-10-29,Seattle
38.0,71831,15 years,8,Female,Marketing,Y,2013-08-01,Austin
44.0,38327,25 years,7,Male,HR,N,2013-10-22,New York
29.0,54603,2 years,1,F,Sales,No,2012-07-21,Boston
41.0,58937,23 years,7,,Sales,N,2021-01-09,Seattle
,68605,17 years,1,Female,,Y,2023-07-23,Seattle
29.0,39192,8 years,8,,Engineering,Y,2012-03-11,Austin
23.0,25000,0 years,7,Male,Engineering,No,2013-04-25,Boston
52.0,64312,31 years,1,Female,Engineering,Yes,2015-01-24,
48.0,71885,25 years,8,M,,Yes,2019-12-04,New York
18.0,25000,0 years,8,Male,HR,,2015-10-12,Boston
34.0,39384,7 years,8,,Sales,Yes,2010-08-28,New York
27.0,34768,11 years,10,Female,Sales,Yes,,New York
45.0,48824,20 years,1,Male,Sales,Y,2020-07-23,Seattle
,44390,10 years,10,M,Marketing,,2016-02-19,New York
25.0,25000,5 years,4,Male,Sales,,2012-06-03,New York
55.0,58195,31 years,8,M,,Y,2018-04-28,Seattle
45.0,46859,26 years,6,Male,,,2011-07-31,Austin
32.0,49224,9 years,8,M,Engineering,Y,2012-05-04,Seattle
29.0,69528,7 years,2,M,,No,2015-08-09,Boston
34.0,73576,12 years,10,,Sales,Yes,2011-09-19,Seattle
38.0,50879,10 years,9,M,Sales,No,2015-10-14,
38.0,66126,12 years,3,F,Engineering,Yes,2011-07-19,Seattle
42.0,64746,15 years,2,F,Marketing,No,2016-06-04,Austin
30.0,51421,8 years,3,,Sales,Y,2010-11-01,Boston
33.0,47151,8 years,2,,HR,,2014-02-12,Seattle
41.0,42864,17 years,5,Female,HR,Y,2023-10-01,
40.0,70483,16 years,3,M,HR,Y,2011-05-07,Austin
45.0,68101,20 years,2,F,Sales,No,2017-10-16,Boston
40.0,56697,12 years,1,Male,Sales,No,2017-04-05,Boston
37.0,55825,11 years,5,F,Sales,No,2023-11-19,Boston
35.0,66843,12 years,9,Male,,Y,2016-10-06,Austin
18.0,25000,0 years,4,,,,2012-01-09,New York
29.0,44639,10 years,8,F,,Yes,,Boston
30.0,31276,13 years,4,M,HR,N,2018-04-07,Austin
29.0,45365,7 years,7,M,Marketing,Yes,2016-04-08,Seattle
32.0,54409,10 years,5,Male,HR,Y,2022-07-16,New York
29.0,33511,6 years,4,Female,Marketing,,2012-09-06,Austin
29.0,31000,11 years,3,F,Engineering,No,2023-06-02,New York
54.0,53487,31 years,9,Female,,,2023-07-28,Seattle
40.0,25934,14 years,8,Male,HR,No,2022-02-12,Austin
42.0,53572,17 years,1,M,Engineering,Y,2021-08-25,Austin
35.0,47654,14 years,4,F,Sales,Y,2011-08-04,Austin
30.0,43196,0 years,9,F,Engineering,Yes,2022-03-11,Seattle
37.0,34616,20 years,3,F,HR,N,2023-03-27,
35.0,58782,9 years,2,M,,Yes,2018-11-18,
29.0,44102,1 years,1,M,Engineering,Y,2021-06-24,Austin
32.0,41995,9 years,9,M,Marketing,No,2010-07-20,New York
38.0,29632,18 years,8,M,HR,N,2017-01-25,Austin
33.0,28064,7 years,3,Male,Marketing,,2017-11-20,Seattle
18.0,48391,1 years,3,F,Sales,Y,2023-04-27,
52.0,77517,31 years,3,Female,,,2020-11-16,
32.0,41441,12 years,2,M,HR,,2021-01-15,
44.0,39167,21 years,10,,,Y,2021-09-20,Boston
33.0,51075,13 years,1,Male,HR,Yes,2022-11-06,Boston
39.0,69484,12 years,6,Male,Engineering,,2017-11-13,Austin
27.0,33099,2 years,4,F,Sales,Yes,2022-01-20,Seattle
42.0,57394,17 years,6,F,Marketing,,2021-05-21,
35.0,58366,12 years,7,M,Sales,Y,2015-10-30,Seattle
50.0,46948,30 years,6,M,Sales,Y,2016-02-28,Seattle
38.0,47019,12 years,9,Female,,,2023-07-13,Seattle
32.0,31514,9 years,5,,Marketing,Yes,2019-04-16,
47.0,34938,20 years,8,Female,HR,Yes,2016-10-30,Austin
25.0,25000,3 years,9,Male,Engineering,Y,2018-08-02,
25.0,38280,3 years,7,Female,Sales,Y,,Boston
39.0,38876,20 years,4,Female,Marketing,Yes,2019-02-18,Austin
38.0,41232,19 years,5,Male,Sales,,2019-04-01,Seattle
20.0,25000,1 years,7,,Sales,,2022-05-04,Boston
20.0,25000,0 years,4,Male,,Y,2013-07-28,
41.0,51048,16 years,3,,Sales,No,2022-11-08,Seattle
19.0,31964,0 years,5,F,Sales,Y,2022-08-08,Boston
35.0,50330,9 years,3,,HR,Y,2017-10-29,Austin
40.0,58416,21 years,3,,,Yes,2010-02-28,Boston
53.0,59927,27 years,9,Female,Marketing,No,2014-08-25,New York
47.0,57368,25 years,1,Female,Engineering,No,2017-07-26,
29.0,38691,10 years,3,Female,Sales,Yes,2022-02-28,New York
37.0,51322,16 years,8,M,Marketing,Y,2014-07-28,Seattle
26.0,30055,0 years,8,Male,,No,2020-04-27,Boston
20.0,25000,0 years,4,M,HR,Yes,2011-08-30,Seattle
41.0,52485,22 years,2,Female,Sales,,2023-02-18,Austin
39.0,47803,13 years,8,Male,HR,Yes,2014-05-12,Austin
36.0,51432,14 years,10,Female,HR,N,2023-12-20,
,57400,17 years,6,F,Marketing,Y,2010-03-28,Seattle
18.0,25000,0 years,9,Female,Engineering,,,
26.0,48890,3 years,1,,Sales,Y,2021-10-03,Boston
54.0,83898,29 years,7,,Marketing,Y,2015-06-10,
35.0,27517,10 years,2,,Marketing,Y,2021-05-10,Austin
37.0,25000,17 years,2,Male,Engineering,Yes,2014-06-24,Boston
24.0,42798,0 years,6,Male,Marketing,N,2017-03-04,Austin
50.0,45875,31 years,3,F,Sales,Yes,2010-03-20,New York
37.0,27560,17 years,7,,HR,N,2013-01-02,Austin
35.0,35140,11 years,1,F,,No,2012-04-18,Austin
42.0,35596,15 years,6,F,Engineering,Yes,2020-09-08,New York
41.0,65494,15 years,4,M,Marketing,No,2015-01-14,
57.0,58197,35 years,6,Female,HR,Yes,2017-03-03,Austin
18.0,34217,0 years,7,Female,Engineering,Yes,2018-01-30,Seattle
31.0,25000,8 years,5,,HR,Yes,2023-10-23,Seattle
26.0,56644,,1,,HR,,2018-11-13,
39.0,67532,15 years,9,,,,2019-12-05,Seattle
18.0,47962,0 years,8,,Marketing,,2012-06-16,Boston
30.0,37813,9 years,10,Female,Engineering,,2014-11-21,Boston
37.0,58388,16 years,9,Female,Marketing,Yes,2020-04-01,New York
27.0,25148,7 years,6,,,,2017-09-21,Boston
28.0,25000,7 years,8,M,Marketing,Y,2018-02-10,New York
25.0,25000,1 years,7,F,Sales,Y,2021-04-26,New York
26.0,25000,5 years,8,Male,Marketing,N,,New York
27.0,25000,11 years,10,Female,Engineering,No,2010-07-03,Boston
35.0,70300,11 years,1,Female,Engineering,,2015-11-09,Austin
18.0,25000,0 years,5,M,Sales,Yes,2017-09-16,
38.0,30761,13 years,9,Female,Sales,Yes,2014-02-01,Seattle
44.0,58234,20 years,5,F,Marketing,No,2013-11-08,Seattle
32.0,40301,9 years,9,,Sales,,2020-06-25,Boston
35.0,53994,12 years,7,Female,,No,,
30.0,54859,8 years,10,Female,,Yes,2010-11-19,Boston
32.0,62419,12 years,6,Female,Marketing,Y,,Seattle
27.0,29987,1 years,2,M,Marketing,,2021-12-12,New York
35.0,25000,14 years,8,M,Marketing,Y,2011-11-25,Seattle
46.0,49221,20 years,8,Male,Marketing,No,2012-05-13,Seattle
51.0,39541,30 years,10,Male,HR,,2012-09-19,Seattle
32.0,61813,7 years,5,,Sales,,2010-03-10,
35.0,30722,12 years,6,,Marketing,Yes,2022-05-20,Seattle
36.0,54615,12 years,9,,,Yes,2018-01-03,
42.0,50816,22 years,3,Female,Marketing,N,2013-11-07,Seattle
60.0,50233,35 years,6,F,,Yes,2012-05-17,
20.0,25000,1 years,5,Female,HR,,2017-04-16,
40.0,49627,12 years,2,Male,Marketing,No,2017-11-18,Seattle
50.0,56132,27 years,5,Male,,Y,2022-09-26,Boston
31.0,29710,6 years,4,Male,,Yes,,New York
27.0,45726,7 years,5,,,N,2022-01-10,Boston
19.0,36192,0 years,6,,Engineering,Y,2016-08-14,
47.0,66546,23 years,6,M,Marketing,Yes,2021-06-28,Boston
31.0,34302,6 years,10,,,Yes,2017-04-01,New York
29.0,30854,13 years,4,F,Engineering,N,2014-08-16,Seattle
33.0,32814,11 years,3,F,Engineering,Yes,2010-12-25,Seattle
24.0,28202,0 years,3,M,Sales,N,2023-09-27,New York
44.0,54840,27 years,3,,,Yes,2022-11-15,New York
19.0,51141,0 years,5,Female,HR,Y,2013-01-17,New York
36.0,49591,16 years,1,F,Engineering,,2020-01-26,Boston
34.0,25000,14 years,3,Female,Marketing,No,2021-02-26,New York
37.0,50281,15 years,9,M,Sales,Y,2015-08-08,Austin
18.0,35922,0 years,6,Male,Sales,Yes,2014-08-03,
18.0,25000,0 years,2,,Marketing,Y,2019-06-16,
44.0,63518,21 years,6,Male,,Yes,2010-10-19,Seattle
55.0,57971,31 years,7,Male,,,2016-05-16,Seattle
28.0,39377,1 years,10,Female,Sales,,2011-10-11,
35.0,37846,5 years,3,F,Marketing,,2010-01-29,New York
29.0,63242,10 years,4,Male,Engineering,Y,2020-02-08,Seattle
52.0,62924,32 years,2,Female,Engineering,Yes,2015-04-25,Seattle
32.0,25000,15 years,5,M,Engineering,Y,2023-09-17,
44.0,39057,25 years,2,,Sales,Yes,2020-10-19,Boston
44.0,83824,21 years,7,Female,,,2011-01-10,New York
38.0,54091,14 years,8,,Marketing,Y,2020-05-19,Austin
46.0,42943,22 years,4,M,Sales,Yes,2015-11-21,Boston
47.0,65423,26 years,10,Male,Engineering,Yes,2018-01-16,Austin
43.0,46217,20 years,3,M,HR,No,2012-12-31,Austin
39.0,46040,13 years,4,M,HR,Y,2016-06-02,Seattle
28.0,32519,10 years,9,M,HR,Y,2016-04-05,Boston
41.0,64391,20 years,5,Male,HR,Y,2013-11-14,
20.0,48895,0 years,8,F,HR,Yes,2013-01-16,New York
34.0,25000,13 years,9,Female,Engineering,Yes,2017-07-31,
27.0,25000,5 years,5,Male,Marketing,Y,2022-10-07,Austin
30.0,56727,2 years,6,Female,Marketing,Y,2018-10-16,
34.0,46616,15 years,8,F,Engineering,Y,2018-05-01,Seattle
34.0,39894,9 years,5,M,Marketing,Yes,2017-07-15,Seattle
35.0,30187,10 years,9,F,Engineering,Yes,2017-05-29,
34.0,43450,11 years,8,M,HR,Y,2010-12-03,Boston
48.0,69015,22 years,4,,HR,N,2021-03-04,Austin
27.0,36907,4 years,7,Male,Marketing,,2021-08-30,Austin
43.0,44210,20 years,4,Male,Marketing,No,2021-11-30,New York
27.0,38750,5 years,2,Female,HR,Yes,2021-02-01,Seattle
30.0,54795,9 years,5,,Sales,,2022-08-13,Austin
46.0,83532,23 years,5,,HR,Y,2010-01-01,Austin
38.0,72540,18 years,6,F,HR,Yes,,
50.0,94874,29 years,8,,,,2020-08-05,Austin
30.0,47318,11 years,7,Male,Marketing,,2011-07-15,New York
33.0,66446,15 years,3,Male,Marketing,Y,2011-10-13,Boston
18.0,25957,0 years,5,Male,Marketing,Yes,2010-08-24,
18.0,25000,,9,Male,HR,,2014-03-23,Boston
21.0,25000,0 years,3,M,,No,2020-04-07,
38.0,60251,10 years,1,F,Engineering,Y,2014-06-28,
27.0,41433,2 years,6,,,Yes,2023-07-09,New York
48.0,71341,32 years,4,Female,HR,,2020-12-03,
47.0,76788,29 years,3,,HR,Yes,2020-09-22,Seattle
24.0,60271,0 years,5,Male,Engineering,,2019-04-19,Seattle
39.0,30513,15 years,3,F,Sales,No,2014-01-09,Austin
36.0,26247,17 years,1,,Engineering,Y,2022-08-17,New York
34.0,47324,,1,Female,Marketing,Y,2010-07-08,New York
18.0,25000,0 years,8,,,,2018-05-08,
36.0,30954,16 years,1,F,Sales,,2017-04-22,New York
28.0,33282,5 years,2,Male,HR,Yes,2023-11-17,Boston
29.0,52381,7 years,10,F,Engineering,Y,2023-12-24,Boston
38.0,59644,15 years,10,,Sales,,2017-04-09,New York
43.0,60533,20 years,2,,Sales,Y,2022-12-24,New York
33.0,53047,13 years,7,Female,,Y,,Austin
39.0,39872,17 years,9,Female,HR,Y,2010-02-08,Boston
38.0,51277,13 years,9,Male,HR,Y,2020-04-16,Boston
27.0,57829,5 years,8,M,Sales,Yes,2010-02-05,Austin
32.0,55867,8 years,8,,Sales,N,2016-10-16,New York
33.0,70134,12 years,2,Female,HR,Yes,2013-06-21,Austin
18.0,50395,0 years,2,,,,2019-05-25,Seattle
28.0,25000,2 years,9,,Marketing,Yes,2019-06-26,New York
41.0,49218,15 years,9,,Marketing,Yes,2014-09-22,Boston
33.0,54920,10 years,3,Male,,,2019-09-23,Boston
28.0,25000,12 years,3,M,Engineering,Yes,,Boston
54.0,70341,31 years,4,F,Sales,,2020-07-11,Austin
46.0,59690,21 years,8,F,Sales,Yes,2012-12-19,Boston
34.0,47265,4 years,6,F,,,2019-04-19,Boston
45.0,64877,21 years,7,F,HR,Y,2021-01-28,New York
31.0,59986,9 years,4,Female,Marketing,Y,2011-03-01,New York
47.0,47145,27 years,10,Male,Engineering,Y,2019-03-14,New York
32.0,44454,9 years,8,Female,Marketing,No,2014-09-21,Boston
49.0,54924,21 years,6,Male,Marketing,Y,2022-09-03,
30.0,25000,10 years,4,Female,Engineering,Yes,,
38.0,44768,15 years,4,Female,Engineering,Y,2013-07-24,
41.0,86101,16 years,10,Male,Engineering,Y,2010-10-21,Boston
45.0,56486,21 years,8,Female,,Yes,2011-10-11,Austin
19.0,50955,0 years,4,F,Marketing,No,2020-04-06,Austin
28.0,50985,3 years,5,F,HR,No,2013-01-05,
32.0,46182,11 years,1,Male,HR,Yes,2014-03-20,Boston
46.0,95704,27 years,3,Male,,No,2020-10-04,Austin
31.0,25000,8 years,1,Male,Sales,Yes,2019-02-27,Austin
39.0,35795,15 years,9,M,Marketing,Yes,2020-05-31,Seattle
28.0,45162,2 years,2,F,Engineering,No,2011-10-19,Boston
26.0,36344,8 years,10,,Engineering,No,2017-01-15,New York
32.0,70768,12 years,7,,HR,Y,,
32.0,47706,6 years,2,,Marketing,Yes,2011-10-03,Austin
31.0,38768,12 years,8,F,HR,Y,2013-01-16,Boston
47.0,84684,28 years,1,F,Sales,N,2011-12-23,
54.0,62845,35 years,1,,Sales,Y,2023-06-06,Boston
,25000,2 years,10,Male,,,2011-11-05,Austin
40.0,54607,16 years,9,F,Marketing,,2011-07-08,New York
27.0,33243,7 years,4,,,N,,New York
18.0,27974,0 years,1,F,Engineering,Yes,2020-11-06,Austin
30.0,48314,5 years,9,M,Engineering,Y,2020-03-03,New York
30.0,33801,,2,,Sales,N,,
39.0,72473,20 years,2,Male,Sales,Yes,2010-02-25,Austin
21.0,25000,0 years,6,M,Engineering,N,2017-02-23,Seattle
35.0,38298,17 years,8,F,Engineering,Yes,2018-10-07,Boston
43.0,57480,23 years,2,Female,Sales,Yes,,
38.0,63022,16 years,10,M,,Y,2021-08-22,New York
20.0,45511,0 years,4,M,HR,,2012-02-29,Austin
26.0,25000,3 years,3,Female,Sales,Y,2010-07-27,Austin
28.0,31174,3 years,8,M,Engineering,Y,2023-12-27,Boston
23.0,25000,2 years,3,M,,Yes,2010-03-21,New York
35.0,48012,12 years,3,,HR,Y,2012-01-17,
34.0,56689,10 years,7,Female,Marketing,Yes,,Seattle
31.0,56302,5 years,9,Male,,,2018-10-21,Austin
40.0,49477,16 years,1,Female,Marketing,No,2018-01-31,Austin
31.0,49373,12 years,6,Female,Sales,No,2011-03-09,Boston
32.0,35988,7 years,10,M,Sales,Y,2022-10-30,Austin
18.0,39218,2 years,10,,HR,Yes,2010-05-09,Boston
39.0,71426,18 years,6,Male,,N,2016-06-11,New York
39.0,29866,15 years,2,Male,,Yes,2021-08-11,Boston
45.0,51315,23 years,1,,,,2017-08-17,Austin
27.0,59673,0 years,2,Male,HR,Yes,,New York
29.0,56545,14 years,3,F,Sales,Yes,2014-06-26,
32.0,38292,,7,F,Engineering,Y,2020-07-29,New York
21.0,27025,0 years,5,Male,,Y,2015-11-10,Seattle
19.0,43910,3 years,9,Female,,No,2011-08-30,New York
18.0,31122,,1,M,Engineering,Y,2017-07-03,
37.0,38811,14 years,7,,HR,No,2017-07-28,
34.0,43506,9 years,3,Female,Sales,Y,2011-09-01,New York
32.0,25000,13 years,4,Male,Sales,Yes,2023-09-10,New York
24.0,43373,5 years,3,,HR,,2018-07-18,Seattle
28.0,27108,8 years,5,F,Marketing,Yes,2018-04-05,Seattle
37.0,36249,12 years,9,M,,Y,2020-12-20,Austin
36.0,25000,13 years,6,Female,,,2011-08-23,Austin
52.0,64498,24 years,9,Female,HR,N,2013-03-18,New York
22.0,29994,0 years,7,Male,HR,Yes,2017-02-10,
35.0,33536,10 years,7,,Engineering,No,,Seattle
29.0,56019,3 years,3,,Marketing,Yes,2023-05-28,Seattle
24.0,31782,,2,Female,HR,Yes,2010-04-02,Austin
18.0,25000,0 years,10,Female,,Yes,2010-02-13,
40.0,73831,22 years,6,F,Marketing,Yes,2023-09-28,Seattle
22.0,52124,0 years,8,Female,Sales,Yes,2010-12-26,Boston
44.0,83350,25 years,9,Female,HR,Yes,2014-05-03,
41.0,47130,23 years,4,F,,Y,2018-03-16,
41.0,67105,23 years,6,F,Engineering,Yes,2023-10-23,Austin
19.0,42450,0 years,3,F,Engineering,Yes,2016-12-11,Boston
34.0,48414,21 years,4,F,Marketing,Y,2020-02-13,New York
37.0,25000,17 years,1,Female,Sales,Y,2019-03-20,
34.0,29197,9 years,10,Male,Engineering,Y,2015-07-24,New York
23.0,25000,3 years,6,Female,Engineering,No,2015-09-05,Seattle
29.0,30352,9 years,1,Male,Marketing,Yes,2021-03-17,Austin
47.0,44182,28 years,4,Male,,,2022-02-28,Seattle
35.0,48257,12 years,5,Male,Marketing,Yes,2019-02-04,New York
35.0,37074,9 years,2,M,Sales,Y,2014-06-06,New York
18.0,25000,0 years,7,F,Engineering,Y,2017-04-25,Boston
41.0,52641,15 years,2,Male,,,,Austin
54.0,46306,28 years,7,Female,Marketing,Yes,2015-12-05,New York
49.0,60815,28 years,3,Male,,Y,2022-06-07,Seattle
20.0,29711,0 years,6,,,No,2010-03-19,Austin
34.0,42755,12 years,3,Male,,No,2022-10-29,New York
35.0,41913,14 years,6,Male,Engineering,,2012-12-08,
28.0,53402,7 years,7,Male,Marketing,Y,2016-11-04,Boston
46.0,57258,25 years,10,Male,Engineering,Yes,,Seattle
31.0,53644,,7,,HR,N,2021-04-25,Seattle
33.0,32009,13 years,5,M,Marketing,Y,2022-06-05,
27.0,36368,10 years,9,M,,,2022-02-22,Boston
56.0,76405,32 years,1,Male,HR,Y,2013-10-06,Boston
36.0,37749,11 years,8,M,HR,No,2017-09-05,
48.0,61873,24 years,5,,Engineering,Yes,2018-08-02,Seattle
26.0,25000,2 years,1,Female,,Yes,2023-06-18,
36.0,59976,14 years,10,Male,Sales,Y,2020-11-18,Boston
35.0,79556,8 years,2,Male,,Yes,2020-06-16,
29.0,55774,3 years,5,Female,Marketing,Y,,New York
61.0,63740,40 years,10,M,Marketing,Yes,,Boston
39.0,51324,18 years,6,Female,Engineering,Y,,New York
35.0,30618,12 years,5,,Engineering,Yes,,Boston
45.0,66846,21 years,2,Male,Engineering,No,2018-04-21,Boston
33.0,56567,13 years,10,Female,HR,,,Boston
44.0,77181,23 years,8,Female,HR,Y,2015-09-13,New York
24.0,27068,6 years,3,M,Engineering,Yes,2020-11-30,New York
31.0,25000,7 years,6,Male,Engineering,Yes,2014-11-26,Austin
26.0,56747,1 years,3,Male,,Yes,2023-01-20,Seattle
65.0,72377,40 years,6,Male,,Yes,2014-01-30,Boston
44.0,48909,20 years,1,Male,HR,N,2011-02-19,Austin
26.0,27660,3 years,10,F,Engineering,Yes,2013-07-16,New York
18.0,61918,0 years,1,F,Marketing,No,2023-11-11,
25.0,37407,6 years,7,Male,Sales,,2022-08-28,Austin
36.0,25000,15 years,8,,Sales,Yes,2016-10-29,Boston
35.0,38246,12 years,2,Female,,Yes,2015-01-28,Seattle
53.0,70215,37 years,6,F,,Yes,2018-12-25,
39.0,53623,12 years,1,Female,HR,N,2010-12-09,New York
43.0,46516,20 years,2,F,,,2019-08-28,
33.0,25877,6 years,1,M,Engineering,,2016-11-28,Boston
36.0,50490,12 years,3,Male,Marketing,Yes,2023-11-26,Boston
56.0,62955,36 years,5,Male,,Yes,2017-04-30,Austin
45.0,72143,14 years,1,Male,Marketing,,,
18.0,44118,0 years,9,Female,HR,Yes,2010-12-26,Boston
29.0,56355,6 years,3,Male,Engineering,Y,2023-07-21,New York
30.0,44029,5 years,3,Female,Marketing,Yes,,
38.0,42807,17 years,1,Male,Engineering,Yes,2017-12-20,Boston
24.0,50600,2 years,1,F,,,2014-01-17,
26.0,40249,3 years,10,Male,,N,2014-06-20,Seattle
18.0,25000,0 years,8,Female,Engineering,Y,2013-05-21,
26.0,49695,5 years,7,Female,,N,2012-10-27,New York
40.0,58181,17 years,2,F,HR,Yes,,Austin
31.0,25000,4 years,3,Female,Sales,,2016-10-09,New York
49.0,56750,27 years,3,F,HR,Yes,2018-01-20,New York
38.0,35801,16 years,7,,,,2010-02-23,New York
24.0,43119,3 years,3,Male,Marketing,No,2023-05-17,New York
19.0,26192,0 years,3,,,Yes,2021-07-09,Boston
41.0,71668,26 years,4,,,No,2012-09-16,
31.0,55265,6 years,8,Female,HR,Y,2021-07-30,
49.0,68140,22 years,6,,Marketing,No,2019-01-07,Boston
35.0,52200,7 years,4,F,Sales,N,2021-03-31,
37.0,51501,14 years,2,,Marketing,Y,2019-10-26,Seattle
43.0,44874,17 years,10,F,Engineering,Yes,2019-03-23,New York
43.0,45644,19 years,8,F,Engineering,,2013-05-13,Seattle
26.0,42110,6 years,10,M,,Y,2011-01-11,Boston
47.0,58427,29 years,10,,Sales,No,2017-03-25,Seattle
26.0,29617,7 years,5,M,HR,Y,2022-03-19,
18.0,62358,,6,Female,HR,Yes,2018-03-30,Boston
31.0,25000,8 years,3,F,Sales,No,2012-07-02,Boston
34.0,53063,6 years,7,F,Sales,Yes,2018-11-26,Boston
32.0,58133,15 years,2,Female,Engineering,,2014-02-10,Boston
26.0,25000,4 years,4,F,,Y,2017-09-18,Austin
31.0,30704,10 years,6,Female,Engineering,Yes,2015-09-23,Boston
37.0,61812,21 years,10,Female,,,2012-01-16,New York
41.0,38467,,9,Female,HR,Y,2019-11-10,Austin
45.0,53006,21 years,5,F,Marketing,Yes,,Boston
41.0,47613,26 years,3,Male,Engineering,No,2010-09-26,New York
30.0,45608,5 years,7,Female,HR,,2011-05-24,Seattle
34.0,34050,11 years,6,,,,2021-04-23,
38.0,53002,15 years,6,F,Marketing,N,2015-06-09,Austin
32.0,44986,13 years,10,Male,,Y,2011-07-21,Austin
30.0,73049,5 years,9,,,,2018-06-17,Seattle
42.0,35634,21 years,1,M,Engineering,Yes,2022-04-21,Boston
24.0,47349,3 years,8,F,,No,2014-10-22,Boston
35.0,30945,,2,Male,HR,Yes,2010-08-15,Austin
43.0,53133,26 years,1,Female,HR,Y,2017-10-28,
18.0,43431,0 years,9,Female,,Yes,2017-09-15,Boston
41.0,38460,18 years,10,,Engineering,No,2018-07-28,New York
20.0,56406,2 years,5,Female,Sales,,,Seattle
46.0,69462,22 years,8,,Engineering,Y,2015-01-16,Boston
43.0,51312,20 years,2,,Engineering,,2014-04-28,
23.0,25000,0 years,2,Male,Sales,Yes,2023-11-13,Seattle
24.0,25000,6 years,6,Female,HR,Y,,Seattle
30.0,41964,12 years,6,F,HR,Yes,2013-11-22,Austin
30.0,34949,8 years,10,Male,HR,,2015-01-13,Boston
46.0,46828,25 years,8,Male,Engineering,Y,2020-09-29,New York
32.0,25000,12 years,4,F,Engineering,No,2016-11-26,New York
33.0,57349,13 years,3,Male,Marketing,,2023-03-04,Boston
28.0,25000,8 years,9,Female,Engineering,Y,2015-11-12,
27.0,43204,4 years,10,F,HR,Yes,2012-07-22,New York
23.0,40775,0 years,4,F,,,2018-11-27,
18.0,25000,1 years,10,,Marketing,Yes,,Boston
44.0,61453,22 years,6,Male,,Y,2017-05-07,
18.0,34183,0 years,10,Female,,Y,2013-04-19,
40.0,33221,18 years,3,Male,,No,2013-03-28,Seattle
39.0,40227,19 years,4,Male,,Yes,,Seattle
45.0,58948,24 years,5,Female,,,2013-06-17,Austin
19.0,25000,0 years,2,F,,No,2018-10-26,
20.0,54214,0 years,10,F,Marketing,Y,2016-12-25,
45.0,61597,22 years,7,Female,Sales,Y,2018-11-24,Seattle
25.0,43861,3 years,3,M,Marketing,No,2023-02-10,New York
28.0,31153,0 years,2,Female,HR,No,,Seattle
37.0,75963,13 years,4,Female,Marketing,,2016-09-17,Seattle
24.0,83106,0 years,7,Female,,,2012-06-01,Seattle
34.0,42359,10 years,8,F,Marketing,N,2010-04-23,Seattle
24.0,30953,5 years,7,,Engineering,Y,2013-04-09,Austin
39.0,25788,15 years,4,Female,Engineering,Yes,,Seattle
26.0,29482,3 years,4,Female,Marketing,Yes,2023-05-03,Seattle
34.0,62703,5 years,9,Female,Engineering,N,2010-02-19,Austin
23.0,61021,2 years,4,M,Sales,Yes,,Boston
28.0,44487,4 years,6,M,HR,Yes,2016-04-01,Boston
46.0,76891,24 years,10,Female,HR,Y,2018-05-23,
36.0,44447,12 years,9,Female,Sales,Yes,2016-06-21,Seattle
34.0,25000,9 years,4,F,HR,Yes,2010-05-11,New York
40.0,40753,20 years,6,M,Marketing,Y,2023-06-08,Austin
24.0,31515,3 years,7,Female,Engineering,Y,2010-06-24,Seattle
27.0,38331,3 years,4,F,Sales,,,Austin
41.0,58847,15 years,10,Female,Engineering,Yes,2012-06-04,Austin
22.0,25000,6 years,5,Male,HR,,2021-11-16,Seattle
36.0,25000,16 years,1,Female,Sales,,2013-10-12,New York
50.0,92905,28 years,6,Female,,,2010-05-01,New York
47.0,66504,23 years,9,,,Yes,2011-09-02,Boston
33.0,26517,12 years,1,F,Sales,Y,2012-08-31,Austin
28.0,36600,6 years,10,Male,HR,N,2020-03-08,Seattle
48.0,89635,27 years,2,M,,N,2021-12-21,New York
43.0,58288,20 years,5,Male,Sales,No,2017-03-18,Boston
35.0,68665,12 years,5,Female,Sales,Yes,2020-01-01,
26.0,33182,6 years,9,Male,,Yes,2023-05-08,Austin
35.0,49592,15 years,5,Male,,Yes,2011-12-21,
33.0,51022,10 years,6,,HR,,2021-04-08,
35.0,52458,14 years,1,,HR,,2012-04-14,Boston
18.0,55070,0 years,3,Female,,,2020-10-20,Austin
32.0,43679,11 years,1,M,Marketing,No,2021-06-20,
28.0,41662,8 years,6,Male,Sales,,2013-10-10,
39.0,53593,12 years,9,M,Engineering,No,2022-07-21,Austin
36.0,41797,14 years,5,Female,,Yes,2010-04-08,Seattle
41.0,25000,17 years,3,,HR,Y,2014-04-19,New York
38.0,68060,21 years,5,Male,Marketing,Yes,2017-03-19,
44.0,48939,22 years,9,Male,HR,N,2012-07-10,Austin
42.0,79251,23 years,10,,Marketing,,2021-12-05,Boston
21.0,25000,0 years,2,Male,,Yes,2016-05-19,Seattle
28.0,39841,3 years,7,Female,Marketing,N,,Austin
37.0,67835,13 years,6,,Marketing,Y,,Seattle
29.0,108186,7 years,7,Female,Marketing,Y,2012-02-22,
18.0,55332,0 years,10,F,Engineering,Yes,,New York
18.0,25000,0 years,10,F,Sales,N,,Austin
23.0,79542,0 years,2,F,Engineering,,2011-08-26,Seattle
25.0,43098,0 years,6,Female,Sales,Yes,2016-03-28,Seattle
54.0,71171,37 years,9,Male,HR,No,2021-04-08,Boston
22.0,25000,0 years,2,Female,Engineering,,2016-08-14,Austin
24.0,51155,7 years,5,Female,HR,No,2019-05-20,New York
18.0,55452,0 years,8,M,Engineering,No,2019-11-02,New York
39.0,68130,16 years,8,Male,Marketing,Y,2010-08-13,Seattle
22.0,50754,0 years,8,M,HR,Yes,2015-07-23,Austin
29.0,36886,9 years,8,F,,Y,2018-06-16,Boston
43.0,33147,20 years,7,Male,Sales,Yes,2015-06-28,
18.0,67262,0 years,6,Female,Marketing,N,2018-12-11,Boston
41.0,52034,17 years,9,Male,Marketing,,2011-03-16,Austin
47.0,41465,29 years,3,Female,Engineering,Yes,2019-04-30,Seattle
35.0,34893,9 years,7,Female,Marketing,Y,2020-10-27,New York
42.0,40399,20 years,7,Male,,,2010-02-03,
32.0,38193,9 years,7,M,HR,N,2023-08-01,Austin
36.0,41685,13 years,5,Female,Sales,Y,2017-04-05,Austin
33.0,46775,8 years,6,Male,HR,,2010-11-23,Seattle
35.0,75818,10 years,1,F,Sales,Y,2022-11-07,
37.0,33717,13 years,8,,,,2012-05-17,Boston
37.0,25000,9 years,6,F,HR,Yes,2019-07-20,
18.0,32515,0 years,10,Male,Sales,Yes,2017-06-09,Boston
46.0,51817,21 years,10,Female,Marketing,Yes,2011-08-21,Boston
44.0,53371,24 years,1,M,Engineering,Yes,2019-08-19,
25.0,35958,4 years,10,Male,HR,Yes,2016-08-01,Austin
23.0,25500,0 years,6,F,Engineering,Yes,2014-05-28,Boston
40.0,47531,11 years,2,Female,Marketing,No,2013-04-30,Austin
33.0,41779,11 years,9,M,Marketing,,2023-09-19,Seattle
40.0,49961,15 years,10,F,,Y,2023-04-11,New York
32.0,25000,14 years,3,Female,Sales,Y,2020-11-04,New York
45.0,60458,21 years,9,Female,Marketing,Yes,2014-05-13,Seattle
53.0,41376,33 years,7,Male,,Y,2015-02-09,Boston
41.0,39560,16 years,10,Male,Marketing,,2021-10-25,Austin
23.0,64153,0 years,9,F,Sales,,2019-10-24,New York
48.0,45997,22 years,1,Female,Sales,No,2013-12-19,New York
34.0,30326,11 years,2,M,HR,,,Boston
41.0,50502,21 years,4,M,HR,Yes,,Seattle
30.0,34679,5 years,7,Male,,,2015-11-05,New York
52.0,26148,27 years,10,F,HR,Y,2019-02-01,Seattle
42.0,25000,16 years,1,Female,HR,,2013-01-08,
35.0,58909,12 years,3,,,No,2023-03-23,New York
22.0,27932,5 years,7,Female,Sales,,2016-01-31,Seattle
42.0,68531,21 years,7,Female,,Yes,2023-07-05,
47.0,39615,20 years,10,F,HR,No,2020-02-20,Austin
31.0,54359,11 years,10,Female,HR,Yes,2016-10-27,
39.0,67762,21 years,3,M,HR,Yes,2017-11-19,Austin
36.0,33092,13 years,6,,Marketing,N,2014-06-01,
30.0,28512,9 years,2,Male,Sales,No,2018-12-07,Boston
39.0,43891,18 years,6,,HR,,,Boston
,62747,18 years,10,,Engineering,Yes,2023-07-15,Boston
39.0,95072,17 years,5,F,Engineering,Y,2023-08-08,Austin
32.0,38088,6 years,2,Female,,Yes,2016-06-30,Austin
39.0,68640,21 years,5,Female,,Yes,2018-07-11,
49.0,48403,25 years,9,,,No,2011-08-18,
36.0,39423,19 years,7,Female,Sales,No,2011-10-18,Seattle
30.0,48451,7 years,1,F,HR,Yes,2018-06-29,
37.0,48532,13 years,8,,Marketing,,2011-06-19,New York
46.0,45046,23 years,6,Male,Marketing,N,,New York
50.0,35341,29 years,7,Female,,Yes,2022-11-12,Austin
35.0,25000,7 years,2,Female,,Y,2021-09-05,Seattle
27.0,50184,6 years,7,Male,Marketing,Yes,2013-10-07,
31.0,57039,8 years,3,M,HR,No,,Austin
30.0,61369,2 years,6,M,Sales,No,2012-02-27,Boston
43.0,73459,23 years,6,Male,HR,,2010-11-10,New York
36.0,61732,10 years,4,,Marketing,Yes,2015-06-29,New York
32.0,69825,9 years,6,M,Marketing,Y,2022-02-24,Boston
51.0,73837,29 years,8,M,,N,2014-01-29,Austin
18.0,25000,0 years,1,Female,Engineering,Yes,2010-12-04,New York
34.0,60045,10 years,1,Female,Engineering,,2018-01-17,New York
51.0,39593,25 years,8,Male,Sales,Y,,
27.0,51016,8 years,2,Male,,Y,2012-07-13,Boston
24.0,58120,0 years,9,Female,Engineering,No,2020-06-27,Austin
32.0,38880,10 years,6,,,,2022-07-02,Austin
36.0,58402,13 years,10,Female,Engineering,,,Austin
50.0,76448,27 years,9,Male,Sales,Yes,2012-06-04,Seattle
30.0,50204,7 years,5,Female,HR,,2011-05-30,New York
21.0,36474,0 years,9,Male,HR,No,2021-07-06,Seattle
37.0,44214,14 years,7,Male,Engineering,Y,2012-05-22,
37.0,49115,11 years,8,Female,HR,Yes,2022-07-02,Boston
,53980,6 years,3,M,,Yes,2014-08-22,New York
36.0,43979,21 years,7,Female,Marketing,Yes,2012-04-07,Seattle
20.0,45805,0 years,1,,HR,No,2017-06-09,New York
53.0,42648,33 years,5,Female,Engineering,Y,,Boston
30.0,36775,10 years,8,F,Sales,Y,2017-02-06,Seattle
34.0,44783,9 years,9,Female,,Y,2011-07-19,Boston
37.0,64591,14 years,1,M,Sales,No,2017-02-17,Seattle
44.0,75755,22 years,5,Male,HR,Y,2020-04-27,Austin
36.0,41532,13 years,3,Male,,Y,2020-08-16,Seattle
43.0,48696,17 years,2,M,Sales,Y,,Boston
42.0,58230,20 years,1,Female,Sales,Yes,2012-04-03,Austin
26.0,40046,5 years,6,Female,Engineering,Yes,2021-04-08,Austin
31.0,28593,12 years,9,Female,Engineering,No,2015-01-23,
,68623,23 years,3,Female,Engineering,Y,2016-09-02,Seattle
46.0,35247,29 years,6,M,,Yes,,New York
37.0,54009,18 years,4,M,Sales,,2015-04-30,Austin
32.0,64821,8 years,7,,Engineering,Y,2014-02-08,
42.0,55060,20 years,10,F,,,2020-11-17,Austin
30.0,55332,9 years,8,,HR,Yes,2020-08-25,
35.0,46834,15 years,2,Female,Marketing,Yes,2022-02-22,Boston
37.0,60831,15 years,6,M,,,,Austin
31.0,65991,8 years,5,M,HR,,2013-08-18,Seattle
44.0,67751,22 years,2,F,Engineering,,2014-02-25,New York
36.0,74127,14 years,7,Male,Marketing,N,2017-05-03,New York
35.0,36819,13 years,8,,Sales,Yes,2013-06-21,
40.0,92194,15 years,6,F,Sales,Yes,2011-02-02,New York
38.0,37142,14 years,3,Male,,N,2010-08-13,Seattle
38.0,56059,20 years,1,,Marketing,Y,2010-02-25,Austin
32.0,53038,8 years,10,Male,,Yes,,Boston
41.0,48982,17 years,4,F,,,2016-10-06,Austin
25.0,47883,0 years,8,Female,,N,2016-01-12,New York
31.0,70714,2 years,2,M,Sales,Yes,2019-02-04,
42.0,74424,18 years,2,Male,,,2023-08-27,Austin
48.0,65623,22 years,7,F,Engineering,Yes,2016-01-10,
33.0,54096,7 years,3,Female,Marketing,,2014-02-16,
23.0,25000,3 years,10,M,Sales,No,2016-01-07,Boston
31.0,39230,2 years,5,Female,Marketing,,2017-09-03,
37.0,64298,12 years,9,Male,Marketing,,2022-08-14,Boston
41.0,52983,21 years,8,,Sales,No,2010-06-25,Austin
62.0,99645,34 years,8,Male,HR,Yes,2017-01-18,Seattle
31.0,31110,7 years,5,Male,HR,Yes,2014-11-15,Seattle
39.0,42763,18 years,5,Male,,No,2022-03-09,Austin
40.0,63919,18 years,6,F,Marketing,Yes,2018-11-03,
19.0,40841,0 years,2,F,,Yes,2017-06-16,Austin
46.0,70695,22 years,1,Male,HR,Y,2021-11-24,
19.0,25000,0 years,9,F,Engineering,No,2011-07-18,Boston
38.0,50204,17 years,8,,Marketing,Yes,2017-11-25,Seattle
24.0,46375,3 years,6,M,Sales,N,2019-07-23,
25.0,51400,0 years,8,Female,Marketing,Y,2023-03-02,Boston
30.0,35291,6 years,1,F,Sales,No,2020-01-04,Seattle
40.0,53023,19 years,2,F,,Y,2013-03-31,
31.0,39876,6 years,3,,Marketing,Y,2019-04-01,New York
43.0,47143,21 years,4,Female,Marketing,N,2015-01-30,Austin
38.0,46057,13 years,7,M,HR,Y,2018-03-04,Seattle
26.0,25304,3 years,1,Male,Sales,Yes,2020-12-22,New York
36.0,47298,18 years,5,M,HR,N,,New York
29.0,46980,11 years,2,,Sales,,2016-01-03,
32.0,28643,10 years,7,F,Marketing,Yes,2023-10-07,Boston
50.0,65728,29 years,3,F,,,2019-12-02,Austin
,45789,13 years,6,,HR,Yes,2020-12-19,
18.0,28842,0 years,9,F,Marketing,,2017-06-03,Austin
42.0,63781,17 years,2,Female,,Yes,2015-01-08,Seattle
47.0,57506,23 years,9,F,Engineering,,2020-07-31,Boston
28.0,41702,9 years,4,M,Engineering,Yes,2020-01-30,Seattle
18.0,50781,0 years,1,Male,Marketing,No,2012-07-22,Boston
28.0,25000,6 years,1,M,HR,Yes,2015-03-24,Austin
28.0,50656,7 years,5,,Sales,,2018-01-19,Boston
21.0,28728,0 years,1,,Engineering,Yes,2020-08-12,New York
20.0,33840,0 years,9,Male,Sales,Yes,2022-05-22,Boston
60.0,46097,40 years,7,Female,Sales,Yes,2021-02-04,
39.0,67176,16 years,1,F,,No,2015-01-21,Boston
27.0,27935,4 years,4,Male,HR,Yes,2015-05-13,
26.0,49962,0 years,4,F,Engineering,Yes,,
38.0,27813,16 years,9,F,,Y,2011-11-13,New York
34.0,43847,11 years,8,,,No,2022-09-20,Boston
38.0,69469,14 years,7,M,Engineering,No,2013-12-05,Seattle
37.0,27330,12 years,5,M,HR,No,2010-02-22,Austin
45.0,73846,25 years,5,Male,,Yes,2015-06-20,
38.0,67313,10 years,8,M,Marketing,Y,2022-07-19,Seattle
39.0,50073,14 years,5,M,HR,Yes,2010-02-18,Austin
27.0,42037,5 years,2,Female,Sales,,2015-04-08,New York
35.0,40260,10 years,3,Female,Marketing,Yes,2011-05-27,Seattle
18.0,45068,0 years,2,,,,2012-01-19,
28.0,32827,8 years,3,M,Sales,Yes,2012-04-03,Boston
39.0,26317,18 years,8,Male,HR,N,2015-08-23,Seattle
43.0,43448,19 years,10,Male,Engineering,Y,2017-04-23,Boston
40.0,53685,20 years,9,,Marketing,Y,2019-12-02,Boston
36.0,74329,,2,,HR,No,,New York
48.0,74929,26 years,8,Male,,,2016-06-14,Seattle
41.0,51344,18 years,4,F,HR,,2017-06-19,Boston
30.0,50601,6 years,8,M,,Y,,Seattle
20.0,30752,0 years,8,,,No,,Boston
45.0,44433,22 years,5,,,No,2014-09-11,Boston
22.0,52553,3 years,5,,Engineering,,2022-06-20,New York
36.0,50015,8 years,5,,Marketing,Y,2011-06-05,Seattle
32.0,49355,6 years,6,Female,Sales,N,2019-08-03,
35.0,44150,18 years,2,M,Marketing,Yes,2022-01-30,Boston
31.0,39539,9 years,4,,Sales,Y,2020-11-19,New York
32.0,48290,10 years,10,F,,Yes,2016-05-31,Seattle
44.0,68659,23 years,10,F,Marketing,Yes,2018-06-21,Austin
21.0,30216,0 years,9,F,HR,Yes,2015-03-20,Seattle
38.0,58258,15 years,9,F,Engineering,,2021-03-25,Seattle
50.0,82926,28 years,4,Male,Sales,No,2019-11-16,
21.0,25000,0 years,6,,HR,Yes,2021-04-17,Austin
27.0,50859,8 years,10,Male,Marketing,No,2013-03-19,New York
35.0,48658,11 years,8,Male,,No,,Austin
36.0,58476,15 years,8,Female,Engineering,Y,2013-06-13,New York
19.0,25000,0 years,5,F,Marketing,Yes,2022-03-07,Seattle
22.0,29825,0 years,2,Male,Engineering,Yes,,Austin
32.0,47398,11 years,10,M,HR,,2013-01-23,Austin
18.0,25000,0 years,6,Male,,Yes,2013-02-19,Seattle
26.0,34841,3 years,4,Female,,No,2023-07-17,New York
23.0,44656,1 years,9,F,Engineering,N,,Austin
44.0,52360,26 years,6,Male,Marketing,Yes,,
47.0,53218,28 years,2,Male,HR,,2016-06-18,
51.0,68477,26 years,8,M,Engineering,Yes,2018-05-16,Austin
18.0,35888,0 years,9,Female,HR,No,,Austin
40.0,50869,20 years,8,Female,HR,,2012-05-17,Austin
44.0,76732,23 years,7,Male,Marketing,,2022-07-29,Seattle
39.0,55806,15 years,10,Male,HR,Y,2015-09-20,Seattle
49.0,71360,24 years,3,Male,,Yes,2016-10-25,Boston
30.0,49898,12 years,3,Male,,Yes,2016-03-10,
26.0,58669,0 years,1,Female,HR,Yes,2015-03-01,Seattle
23.0,25000,0 years,3,M,HR,Yes,2015-03-07,Boston
36.0,39854,17 years,10,Female,HR,Y,,New York
42.0,66362,27 years,6,,Engineering,N,2015-04-18,Boston
65.0,74250,40 years,8,F,,No,2023-02-08,
47.0,26189,15 years,5,F,,No,2010-09-13,Seattle
41.0,56910,16 years,3,,Sales,Yes,,
41.0,62528,14 years,8,Male,Marketing,Y,2017-01-15,Boston
48.0,62277,22 years,3,,,Y,2011-10-01,New York
57.0,72117,36 years,1,M,Sales,No,2011-05-06,New York
29.0,30941,6 years,3,,,No,2015-09-18,
31.0,39944,11 years,5,Male,Engineering,Y,2020-02-20,Boston
40.0,38437,19 years,9,,Marketing,,,Austin
37.0,64255,11 years,7,F,HR,Yes,2019-03-07,New York
40.0,53085,16 years,9,F,HR,No,2022-11-05,
19.0,25000,0 years,5,F,Sales,Yes,2023-10-10,
20.0,26721,0 years,7,M,Marketing,,2013-03-18,Austin
29.0,25000,12 years,6,,,Yes,2018-06-13,Boston
39.0,67450,24 years,4,,,,2021-03-15,Austin
32.0,39657,7 years,1,Female,,,2018-12-27,Boston
25.0,41900,0 years,6,Female,HR,N,2022-11-26,Austin
50.0,48096,24 years,4,F,HR,Y,2012-01-03,Austin
25.0,45330,3 years,1,Female,,No,2011-02-11,New York
45.0,71014,26 years,4,F,Marketing,,2016-01-01,Austin
35.0,53595,13 years,10,,,Yes,2021-05-03,
46.0,54281,17 years,6,Male,Engineering,N,2013-09-24,
49.0,77684,32 years,6,,Engineering,Y,2012-02-23,
29.0,25000,7 years,1,Male,Sales,,2011-12-07,
33.0,46085,11 years,8,,,N,2019-04-12,Austin
27.0,25000,3 years,7,M,Marketing,Y,2016-05-12,Boston
27.0,25000,2 years,9,M,Engineering,Yes,2018-02-03,Seattle
33.0,30809,11 years,4,Female,Sales,Yes,2023-03-05,Seattle
35.0,61520,12 years,10,M,Sales,Y,2014-03-27,
25.0,25139,0 years,6,Female,Marketing,Yes,2021-07-01,Boston
41.0,37968,19 years,10,,Sales,N,2010-09-17,New York
18.0,25000,0 years,10,Male,Sales,Y,2022-08-20,
39.0,61178,18 years,4,Female,Sales,No,2019-10-11,New York
35.0,60475,18 years,1,Male,Engineering,Yes,2017-06-25,Seattle
44.0,63836,22 years,3,F,Marketing,No,2021-04-03,Boston
48.0,55699,25 years,9,Female,Engineering,,,Seattle
35.0,25669,10 years,8,Male,Sales,N,2017-03-23,New York
27.0,25000,1 years,6,,,Y,2011-09-19,Seattle
19.0,28592,0 years,4,Female,,Y,2019-05-20,Austin
29.0,25000,10 years,6,Female,Marketing,N,,Seattle
28.0,25000,7 years,9,Male,Sales,Y,2014-06-25,New York
24.0,33485,4 years,7,,Engineering,,2016-06-23,Austin
38.0,54933,16 years,8,M,Engineering,,2011-04-12,Boston
37.0,64731,18 years,7,Male,Marketing,Yes,2010-05-17,Austin
41.0,48666,27 years,9,Male,,No,,New York
18.0,37758,0 years,7,M,Marketing,Y,2021-03-26,Austin
29.0,29250,2 years,1,Male,Engineering,Yes,2017-02-03,Austin
27.0,30814,2 years,9,F,Sales,,2016-07-18,New York
35.0,43335,12 years,5,Female,Marketing,Yes,2016-11-22,Seattle
31.0,25000,8 years,4,Female,Marketing,Yes,2010-11-29,New York
38.0,42623,11 years,7,Male,,Yes,,Seattle
26.0,34842,0 years,4,Male,HR,Y,,Austin
18.0,25000,0 years,5,F,HR,Yes,2012-06-28,Seattle
53.0,85145,27 years,7,F,HR,,2020-08-26,Boston
47.0,70312,27 years,2,,Engineering,Yes,2018-07-22,Boston
39.0,51819,11 years,6,Female,HR,No,,New York
21.0,26478,0 years,7,F,Engineering,Yes,2021-07-18,
23.0,28894,3 years,10,F,,Yes,2017-11-16,Austin
53.0,48932,27 years,5,Male,HR,Yes,2018-12-11,New York
52.0,71209,25 years,5,F,HR,Y,2017-07-07,
36.0,26668,13 years,5,M,Marketing,,2014-10-08,Seattle
51.0,66957,26 years,8,Male,,N,2014-04-22,Boston
35.0,47946,12 years,1,Male,Engineering,Y,2017-09-09,Boston
30.0,25000,10 years,9,Male,,Yes,2018-05-21,Seattle
41.0,56615,21 years,5,Female,Sales,Y,2017-10-17,
58.0,52531,37 years,9,M,Sales,Yes,2013-03-05,Boston
,25000,12 years,4,Female,HR,Yes,2022-02-14,Boston
18.0,34797,0 years,9,Female,Marketing,No,2017-10-20,Austin
20.0,56820,0 years,1,Female,Marketing,Y,2019-06-01,Seattle
39.0,53408,15 years,2,Male,Sales,,2014-11-28,
34.0,42782,9 years,7,Female,,Yes,,New York
24.0,49677,7 years,3,Female,Marketing,No,2021-12-31,New York
39.0,77841,19 years,8,Male,HR,Yes,2015-07-02,Boston
21.0,25041,1 years,2,Female,Sales,Y,2012-07-09,Seattle
26.0,54928,4 years,4,,Engineering,Yes,2023-07-23,Boston
42.0,44327,16 years,1,Female,Sales,Yes,2014-09-22,New York
24.0,58278,7 years,5,,Marketing,,,Austin
26.0,47691,3 years,3,Female,HR,No,2012-08-19,New York
39.0,54373,15 years,6,F,,Yes,2011-01-10,Boston
38.0,59001,15 years,3,Male,Marketing,Y,2013-09-18,Austin
20.0,25097,0 years,1,Male,Sales,No,2012-01-10,New York
36.0,26341,14 years,3,Female,Engineering,Yes,2019-05-01,
18.0,32924,,2,Male,Sales,Yes,2014-10-19,
44.0,28161,19 years,6,Female,Sales,No,2016-06-14,Austin
55.0,55522,35 years,7,,Sales,,2018-02-09,New York
33.0,40933,11 years,2,Female,,No,2013-10-25,Austin
47.0,51637,19 years,8,F,Marketing,Yes,2011-02-25,Austin
35.0,61253,12 years,10,Male,Engineering,Yes,2022-01-21,Austin
21.0,31302,0 years,3,M,,Yes,2011-07-23,New York
40.0,32885,17 years,2,,,,2021-11-25,Boston
30.0,25000,10 years,1,Male,Engineering,,2021-11-28,New York
36.0,62877,14 years,2,F,,No,2019-03-06,
38.0,64141,14 years,1,Female,Engineering,Y,,Boston
35.0,25000,13 years,5,Female,Marketing,,,Austin
46.0,54950,25 years,9,,HR,,2022-01-01,Austin
30.0,47762,6 years,4,M,Marketing,N,2018-04-29,
26.0,28482,6 years,7,F,HR,Y,2022-11-12,
19.0,68905,0 years,8,Female,Engineering,Yes,2022-01-24,
26.0,56539,4 years,2,M,Marketing,,2017-08-03,
29.0,25000,5 years,8,Male,,Y,2013-03-26,Austin
42.0,35213,18 years,4,Male,Engineering,,2022-02-18,Boston
20.0,25000,0 years,8,,Engineering,Yes,2014-12-22,
18.0,36827,0 years,8,Female,Marketing,N,2011-05-15,New York
56.0,31718,35 years,6,M,Marketing,Y,2016-08-22,Seattle
27.0,25000,6 years,2,Female,HR,No,,
28.0,25000,4 years,1,F,HR,Yes,2014-12-28,Austin
37.0,51231,14 years,8,Female,,Yes,2013-08-03,Austin
35.0,41108,,1,F,,No,2014-08-21,Austin
,25000,2 years,6,F,,Y,2014-09-30,
42.0,57066,17 years,10,F,Engineering,Yes,2012-06-23,New York
30.0,34941,11 years,8,Female,Marketing,No,2014-12-12,
22.0,34563,0 years,7,Male,Engineering,Y,2018-07-12,Boston
34.0,59705,11 years,1,Male,Engineering,,,
37.0,51333,13 years,5,F,Marketing,No,2018-07-13,Austin
46.0,63996,27 years,1,,Sales,Y,2023-07-09,
26.0,40226,3 years,7,Male,Sales,,2016-05-15,Austin
38.0,27466,15 years,10,M,Marketing,,,Austin
44.0,64623,19 years,7,,Engineering,,2017-07-08,
47.0,75017,27 years,2,Female,Marketing,No,2020-10-06,
39.0,65456,14 years,8,Male,Sales,,2017-02-14,Austin
19.0,44571,0 years,9,M,Sales,No,2014-03-30,Boston
28.0,29197,2 years,3,Female,HR,Yes,2019-12-27,Seattle
24.0,27005,1 years,7,Male,Engineering,Y,2019-08-29,New York
39.0,71529,16 years,5,Female,Engineering,No,2012-08-15,Austin
38.0,57876,20 years,3,M,,Yes,2016-02-18,
33.0,25000,21 years,2,,Marketing,Yes,2021-12-30,Austin
40.0,42715,24 years,3,M,,Yes,2019-03-03,Austin
30.0,55628,8 years,2,M,Marketing,No,,
28.0,32972,12 years,4,F,,Yes,,Seattle
21.0,30987,0 years,3,Female,Sales,Yes,2021-12-19,Seattle
27.0,32741,5 years,2,M,,No,2010-07-09,
45.0,73984,23 years,6,,Engineering,No,2010-09-17,Austin
50.0,54937,28 years,2,Male,Marketing,No,2021-08-01,New York
29.0,39712,8 years,10,Male,Marketing,Y,2016-04-27,Seattle
31.0,37694,10 years,9,F,,Y,2014-10-20,Austin
34.0,25490,7 years,7,Male,Marketing,No,2020-03-06,Austin
41.0,54737,18 years,4,Female,HR,Y,2018-02-07,
29.0,41866,8 years,2,F,Engineering,,2011-05-28,New York
40.0,58156,14 years,5,,Sales,Yes,2022-07-24,Austin
40.0,57494,13 years,7,Female,,Yes,2020-05-07,Seattle
22.0,25000,0 years,9,Male,Sales,Yes,2010-06-12,Seattle
31.0,48087,10 years,6,Male,Sales,N,,Seattle
28.0,48508,0 years,2,Male,,Y,2011-09-07,Seattle
26.0,48692,0 years,1,Female,Sales,,2021-10-21,Austin
38.0,27633,18 years,7,,HR,,2019-01-04,
54.0,51389,29 years,4,M,Marketing,Yes,,Boston
41.0,57670,22 years,9,Female,Sales,Y,2014-01-31,Boston
29.0,59174,3 years,5,Male,Engineering,,2020-03-28,Boston
37.0,34383,12 years,7,Male,Sales,Y,2016-09-01,
29.0,25000,7 years,10,,,Yes,2021-07-30,New York
22.0,58085,1 years,4,M,HR,Yes,2020-08-29,Austin
25.0,66813,4 years,1,M,HR,No,2021-02-06,
18.0,25000,0 years,1,M,Marketing,Yes,2021-09-25,Austin
50.0,54173,35 years,7,,Sales,Y,2011-08-08,Boston
47.0,56824,25 years,1,Female,Sales,Yes,2020-11-22,Boston
34.0,25000,14 years,8,Female,Engineering,N,2015-10-29,Austin
30.0,58547,11 years,5,F,HR,Yes,2013-01-23,New York
43.0,38480,23 years,2,M,HR,Y,2013-03-30,Boston
37.0,37680,10 years,6,Female,Marketing,Y,2023-07-07,
42.0,50675,19 years,2,,Engineering,Y,2021-01-29,
43.0,61265,17 years,8,Female,Sales,No,2011-08-07,
19.0,25000,0 years,1,Female,Marketing,Yes,2023-12-24,Boston
21.0,31855,,2,F,Engineering,No,2021-02-01,New York
18.0,25000,0 years,10,,Sales,No,2016-02-02,Seattle
33.0,39101,5 years,10,Female,,N,2013-09-24,Austin
34.0,39499,14 years,8,,Engineering,Yes,2020-08-06,New York
18.0,25000,0 years,10,,HR,No,2018-02-09,Seattle
30.0,44302,4 years,6,Female,HR,No,2015-02-28,Austin
25.0,72884,1 years,7,M,,Y,2015-06-27,Austin
43.0,25000,21 years,10,Male,,Yes,2020-02-10,Austin
28.0,45374,2 years,4,,HR,Y,2019-02-04,Austin
35.0,55499,14 years,7,,,No,,
33.0,52985,12 years,3,Female,,Yes,2010-01-13,Seattle
31.0,64937,13 years,8,Female,,,2016-10-06,Austin
30.0,45062,4 years,6,F,HR,Yes,2017-12-18,Austin
41.0,63906,18 years,5,,Engineering,,2023-03-17,
,34966,8 years,10,Male,Engineering,Yes,2021-04-29,New York
40.0,45291,16 years,3,F,,Yes,,
28.0,37750,7 years,1,Male,Marketing,No,2012-03-09,Austin
59.0,65758,32 years,10,,,,2015-04-28,
26.0,34537,2 years,1,Female,Engineering,Y,2019-01-24,Seattle
41.0,74452,19 years,8,,,,2016-11-04,
18.0,25000,0 years,5,F,Engineering,No,2015-09-21,New York
29.0,25000,10 years,4,,Marketing,N,2012-07-08,Seattle
40.0,50886,20 years,5,F,,,,Austin
52.0,99104,33 years,7,,HR,,2010-03-30,Boston
39.0,60460,16 years,5,Male,HR,Yes,2015-08-14,
34.0,55934,16 years,6,Female,Sales,Y,2019-11-19,Austin
41.0,73176,20 years,10,Male,Marketing,N,2018-09-02,Seattle
31.0,58575,10 years,5,M,HR,No,2010-09-25,Boston
38.0,36011,15 years,10,F,Engineering,No,2023-11-09,New York
40.0,39948,18 years,9,,,Yes,2016-10-08,Austin
43.0,26335,16 years,2,M,HR,Yes,2011-12-31,
55.0,84403,31 years,5,M,Sales,,2015-07-28,New York
41.0,33354,23 years,3,F,Sales,Y,2015-04-16,Seattle
46.0,50691,20 years,8,Female,Marketing,N,2011-08-23,Seattle
23.0,25000,3 years,10,Female,,Yes,2014-04-10,Boston
18.0,53396,0 years,3,Male,HR,Y,2012-10-14,Seattle
40.0,62767,15 years,10,Female,Engineering,Yes,2013-03-04,New York
36.0,28417,14 years,5,,Marketing,Yes,2014-03-14,
39.0,53108,16 years,6,M,HR,Yes,,Boston
25.0,63746,0 years,9,M,Marketing,Yes,2016-02-23,
32.0,44170,8 years,8,Female,Sales,Y,2016-03-15,Austin
28.0,25000,8 years,2,F,Sales,Y,2012-09-20,
25.0,45115,0 years,8,Male,,Yes,2015-03-17,
38.0,63815,14 years,10,M,Sales,,2014-03-02,
24.0,30653,1 years,9,F,,Yes,2012-02-22,
25.0,36336,7 years,7,M,Marketing,Yes,2023-02-19,Austin
23.0,26971,0 years,1,F,,Yes,2012-01-18,New York
40.0,51704,16 years,8,Female,,Y,2018-11-24,Austin
42.0,72690,15 years,4,Male,Marketing,Yes,2017-04-28,
36.0,65671,12 years,6,M,Marketing,Y,2015-04-30,Boston
21.0,41519,0 years,4,Female,,,2016-05-01,Seattle
29.0,54356,,5,Female,Engineering,Yes,,Seattle
38.0,46511,13 years,4,M,Engineering,,2019-07-26,New York
30.0,30048,4 years,6,M,Engineering,Y,,Boston
38.0,37840,18 years,6,,,Yes,2020-01-02,
18.0,36462,0 years,8,,Sales,Y,2016-11-06,Boston
29.0,37384,6 years,1,Female,Engineering,No,2015-12-29,Austin
57.0,44860,36 years,10,Male,Engineering,N,2014-02-14,
34.0,25000,14 years,4,M,,,2012-12-28,Seattle
31.0,32254,9 years,9,Male,HR,Y,2010-07-31,Seattle
48.0,55487,24 years,7,F,,Y,2019-07-05,New York
54.0,69074,29 years,9,M,Sales,Yes,2010-04-01,
41.0,35125,20 years,1,Male,Sales,No,2018-04-01,Boston
44.0,43954,20 years,2,,Marketing,N,2012-12-21,Boston
27.0,40033,9 years,2,Female,Engineering,Yes,2013-12-10,Boston
34.0,65323,12 years,6,M,HR,Y,2015-06-11,Boston
35.0,59876,17 years,9,F,,Yes,2022-12-26,
31.0,47772,13 years,8,M,Sales,,2022-02-16,Boston
49.0,48804,,1,F,Marketing,Y,,Boston
33.0,25000,14 years,5,,Marketing,N,2014-01-13,New York
44.0,75836,22 years,2,Male,Engineering,Y,2010-11-06,Seattle
46.0,53004,27 years,10,Male,HR,Y,,New York
43.0,82687,26 years,5,Male,Sales,No,2022-06-20,Austin
44.0,60220,,8,F,Marketing,No,2017-01-10,New York
26.0,41578,3 years,3,F,HR,,2015-03-23,New York
40.0,46173,15 years,3,F,Sales,No,2019-02-04,Seattle
37.0,44145,14 years,7,Male,Marketing,,2022-07-01,
30.0,59439,12 years,8,Female,HR,Yes,,Seattle
21.0,25000,3 years,2,Female,Engineering,No,2010-11-28,New York
23.0,39422,2 years,1,M,HR,No,2018-08-03,New York
45.0,70552,22 years,2,Female,,Y,2018-06-28,Seattle
41.0,42435,20 years,1,Male,HR,Y,2014-11-22,Austin
24.0,37205,3 years,9,,HR,Yes,2020-08-18,Seattle
29.0,27389,7 years,1,,Sales,Y,2010-07-18,Seattle
37.0,62917,11 years,8,Male,Sales,Yes,2010-12-26,Boston
31.0,53882,11 years,2,M,Marketing,,2021-09-18,Seattle
31.0,25000,10 years,2,F,Marketing,Yes,2021-08-28,Boston
47.0,25000,22 years,8,F,Sales,N,2023-12-24,
38.0,30285,14 years,7,Male,,N,2016-08-03,Boston
34.0,65336,17 years,7,M,Engineering,Y,2013-08-25,Austin
34.0,46151,12 years,4,Female,,No,2021-12-06,New York
35.0,39810,13 years,5,Male,Marketing,No,2016-07-11,Boston
32.0,57112,13 years,5,Female,,N,2020-04-07,
26.0,60106,9 years,6,,Engineering,Y,2023-07-24,New York
24.0,29405,4 years,3,Female,HR,Y,2020-06-24,New York
33.0,35724,,9,,HR,Y,2013-08-21,Austin
35.0,67384,7 years,9,,Sales,Y,,Austin
34.0,44943,10 years,6,F,Engineering,,2016-11-30,Seattle
26.0,28097,1 years,3,Female,Sales,Yes,2023-04-29,Seattle
33.0,42321,12 years,3,M,Marketing,Yes,,New York
18.0,55149,0 years,4,Male,Engineering,,2012-10-31,
24.0,47641,0 years,6,,Marketing,N,,Seattle
44.0,78420,15 years,10,,HR,N,2015-07-14,Boston
37.0,53126,15 years,7,M,,Yes,,Seattle
54.0,35955,,4,M,HR,Y,2017-05-29,Boston
36.0,36475,12 years,4,Male,Marketing,Yes,2016-09-10,New York
43.0,51687,19 years,1,M,Engineering,,2011-02-05,Boston
34.0,31885,13 years,10,F,Sales,,2022-03-05,Austin
36.0,44140,10 years,1,Female,Sales,Y,2021-09-20,
44.0,62996,17 years,3,,,Y,2022-08-23,Boston
29.0,26353,7 years,4,Male,Sales,Y,2021-10-05,New York
53.0,61889,30 years,8,Female,Engineering,No,2010-10-17,Boston
18.0,51358,0 years,3,Female,,No,2012-08-20,Boston
38.0,70441,17 years,1,Female,Sales,Yes,2014-09-22,Boston
56.0,75561,33 years,3,,Engineering,No,2020-10-21,Seattle
30.0,40078,6 years,6,Male,HR,Y,2018-01-20,New York
23.0,39979,0 years,5,Male,Marketing,,2012-01-28,Boston
33.0,65341,3 years,10,F,,Yes,2015-04-19,Austin
44.0,65146,26 years,9,F,,N,2022-05-17,
24.0,36160,0 years,4,Male,Marketing,Y,2014-02-20,
34.0,37815,,7,Male,,Y,2020-01-08,
47.0,57277,22 years,9,Male,,,2017-09-17,
39.0,57761,12 years,2,Male,,Y,2014-12-26,New York
19.0,35308,0 years,10,,Engineering,Yes,2020-12-31,Seattle
38.0,25000,15 years,7,F,Sales,Yes,2012-02-02,
33.0,76482,8 years,7,Female,Marketing,Yes,2021-12-17,Austin
34.0,44535,13 years,5,M,HR,Yes,2010-08-01,New York
,80655,16 years,7,Male,Marketing,Y,2017-01-11,
47.0,89912,21 years,7,,Engineering,,2019-10-11,
33.0,53944,14 years,10,,,,2021-11-29,Seattle
34.0,60339,8 years,10,M,Sales,Yes,2016-12-15,Seattle
32.0,28304,7 years,3,,Sales,N,,Boston
42.0,62558,17 years,9,Female,Sales,,2014-10-19,Seattle
41.0,45793,19 years,8,M,,Y,2020-12-10,Seattle
46.0,77220,20 years,10,M,Marketing,,2019-06-21,Austin
31.0,27234,8 years,10,F,Marketing,Y,2015-09-27,
34.0,43771,10 years,9,,HR,Yes,2020-05-04,Boston
42.0,55131,20 years,7,Male,,Yes,2021-03-20,Austin
25.0,35160,1 years,1,Female,Marketing,Yes,2011-09-23,Boston
38.0,47201,17 years,10,Female,Engineering,Y,2019-07-28,Boston
27.0,58219,4 years,10,M,Sales,No,2013-06-23,Austin
32.0,44412,6 years,4,,Sales,Yes,2023-10-10,Boston
40.0,72658,20 years,6,F,HR,Y,2014-06-29,Seattle
28.0,44457,6 years,10,F,HR,,2013-01-11,Boston
44.0,41562,18 years,5,Female,Marketing,N,2013-08-30,Seattle
38.0,49322,13 years,9,Female,Marketing,Y,2010-12-20,
26.0,25950,2 years,3,M,,Yes,,Seattle
26.0,34056,2 years,4,Male,Sales,N,2017-08-22,Boston
18.0,31471,0 years,3,F,HR,Y,2013-07-10,Seattle
18.0,40687,0 years,10,Male,Engineering,,2022-05-20,Seattle
24.0,34212,1 years,5,Female,Engineering,Yes,2010-08-17,New York
32.0,47654,11 years,9,M,Engineering,No,2010-04-08,Seattle
38.0,38119,15 years,2,Female,,,2011-08-28,Seattle
28.0,45381,3 years,2,M,,Yes,2010-11-07,Austin
29.0,64759,10 years,2,Female,Sales,Yes,,Austin
24.0,44141,0 years,6,Male,,N,2010-03-10,Austin
39.0,81175,13 years,2,M,Marketing,Y,2023-12-30,Boston
41.0,49113,18 years,8,,,Yes,2022-06-01,Seattle
22.0,40163,0 years,2,Male,Marketing,No,2023-02-15,New York
35.0,42169,16 years,7,Male,,N,2014-05-22,Boston
24.0,25000,7 years,5,Male,Marketing,,2014-10-09,New York
26.0,39242,7 years,5,Female,,,2018-03-07,
39.0,37908,16 years,4,,Engineering,Yes,2010-09-28,New York
33.0,47743,16 years,5,Male,Engineering,,2023-02-10,Austin
43.0,74025,15 years,6,Female,,Yes,2022-02-07,
48.0,79177,26 years,9,F,,N,2016-12-01,Austin
41.0,62754,20 years,8,Female,HR,Y,2020-01-06,Austin
25.0,37700,6 years,7,M,Engineering,Yes,2022-11-15,Boston
38.0,33979,15 years,3,Female,,,2021-01-26,Austin
43.0,40931,16 years,9,Female,Engineering,,2018-11-24,New York
36.0,52671,10 years,10,,HR,,2015-08-03,Boston
25.0,36033,3 years,8,Female,Sales,Y,2011-07-29,
47.0,66695,22 years,8,Male,Marketing,,2011-07-25,New York
49.0,53171,28 years,2,M,Engineering,No,,
41.0,38938,18 years,9,F,HR,Yes,2022-05-04,Boston
34.0,40135,14 years,10,Female,Sales,Yes,2011-05-19,Boston
36.0,46840,16 years,3,Male,Marketing,Yes,2010-07-08,
,41650,1 years,1,Female,HR,No,2017-09-27,Boston
23.0,28999,1 years,5,Female,Marketing,Yes,2013-10-28,
29.0,28299,12 years,10,Female,HR,,2013-08-11,New York
37.0,40412,19 years,9,Male,Engineering,No,2012-09-27,Boston
38.0,37290,17 years,8,,,No,2010-04-11,Austin
46.0,52958,20 years,8,Female,Sales,No,2015-08-07,New York
37.0,42201,18 years,7,,Engineering,Yes,2015-03-28,New York
30.0,36999,8 years,6,,Sales,Y,2019-08-17,Boston
28.0,64978,4 years,5,M,,Yes,2010-01-04,Austin
27.0,59350,5 years,5,Male,,No,,Seattle
39.0,74786,12 years,7,M,Marketing,N,2020-01-25,Boston
33.0,37181,7 years,5,Female,,Yes,2013-04-14,Boston
39.0,48923,19 years,6,F,Sales,Y,2019-12-19,Seattle
44.0,54586,23 years,6,,HR,Yes,2012-01-04,Boston
33.0,39004,4 years,5,Female,Marketing,,2015-07-02,Boston
35.0,47047,11 years,2,M,Sales,Yes,2017-08-18,Boston
41.0,62497,23 years,3,Female,Engineering,No,2020-07-11,Austin
30.0,29377,4 years,10,F,Sales,Y,2021-05-04,
39.0,51667,18 years,2,,Sales,Y,2011-09-22,Boston
35.0,45952,12 years,1,Female,,Y,2013-05-27,Boston
40.0,63600,15 years,9,,HR,Y,2011-02-11,New York
20.0,25000,0 years,3,F,Marketing,Y,,Seattle
41.0,80496,21 years,7,M,HR,Yes,2021-10-02,Boston
42.0,77306,19 years,6,M,Sales,Yes,2012-03-31,Austin
53.0,70958,31 years,10,M,HR,Yes,2012-06-20,New York
44.0,45582,17 years,7,M,Sales,No,,Boston
,47089,24 years,2,F,HR,Yes,2012-11-01,Boston
37.0,38345,,1,,Sales,Yes,2016-08-10,
31.0,40187,8 years,7,F,Engineering,Y,2010-05-24,
41.0,40191,21 years,2,Male,Engineering,Yes,2019-03-09,Austin
30.0,50531,10 years,8,F,Sales,,2018-11-05,Seattle
45.0,70859,21 years,3,Female,Marketing,Yes,2020-11-19,New York
51.0,95659,28 years,6,F,Sales,No,2018-11-17,New York
18.0,47113,0 years,1,Male,Marketing,Yes,2016-09-10,New York
39.0,53905,19 years,4,,Sales,,2018-08-09,New York
35.0,57766,9 years,2,,HR,N,2022-12-31,Austin
25.0,35155,0 years,1,Male,HR,Yes,2012-08-31,New York
35.0,59342,18 years,3,F,,Y,2017-09-27,
41.0,34427,23 years,2,Female,Marketing,,2023-03-17,New York
46.0,43827,21 years,2,F,Engineering,No,2012-09-08,Austin
45.0,56764,22 years,2,Female,,Yes,2014-11-30,Austin
34.0,52902,9 years,7,Female,,Y,2014-07-23,Seattle
26.0,32767,6 years,1,Female,Sales,N,2022-06-22,Boston
33.0,54935,13 years,5,F,,Yes,2015-10-05,
42.0,48724,23 years,8,Female,HR,,2023-10-10,Seattle
32.0,25000,11 years,2,,Engineering,Yes,2022-06-23,Boston
29.0,52767,0 years,10,M,Marketing,No,2019-03-22,Boston
42.0,25000,19 years,10,Male,Marketing,Y,2023-01-13,New York
43.0,47144,19 years,5,Male,Engineering,,2018-02-04,Seattle
,40256,,8,,Engineering,Yes,2016-06-30,New York
40.0,42053,13 years,6,Female,Engineering,Y,2022-11-24,Boston
24.0,34859,3 years,10,Male,,Y,2015-05-24,Seattle
25.0,25000,1 years,10,,,,2023-11-07,Austin
26.0,28824,3 years,7,,Sales,Y,2016-02-08,
38.0,53691,14 years,7,F,Sales,,2019-01-04,Seattle
24.0,52250,2 years,3,Female,,Y,2013-01-01,New York
29.0,38997,12 years,2,F,Marketing,Yes,,
39.0,41680,17 years,9,Female,,Y,2011-05-20,New York
27.0,25639,4 years,7,Male,,,2016-07-25,New York
58.0,83485,40 years,1,M,HR,Yes,2021-08-28,Austin
39.0,28071,18 years,6,M,Marketing,No,2012-07-02,Seattle
41.0,66035,18 years,4,Male,HR,,2020-10-05,New York
32.0,56510,6 years,3,M,,No,2010-07-05,New York
31.0,50320,10 years,1,,Sales,Y,,Austin
43.0,68075,21 years,3,Male,,N,2011-06-09,Austin
38.0,58604,13 years,4,Male,HR,,,
18.0,31446,0 years,9,,Engineering,Y,2021-03-29,
20.0,26002,0 years,4,Male,Marketing,Yes,2011-04-25,Boston
44.0,54299,25 years,5,Female,,No,2010-06-05,Boston
21.0,25000,0 years,10,M,Marketing,Yes,2020-05-26,Seattle
49.0,64245,22 years,1,M,HR,Yes,2020-03-20,Austin
38.0,45953,15 years,1,,HR,No,2013-01-12,Boston
33.0,44966,6 years,7,Female,,Yes,2019-08-25,Austin
41.0,69711,17 years,8,F,Sales,Y,2012-03-08,Seattle
51.0,63503,25 years,7,Female,,Yes,2023-08-03,Seattle
44.0,61900,21 years,1,M,HR,,2023-09-16,Austin
39.0,51831,18 years,1,Female,HR,Yes,2015-05-09,
40.0,34292,17 years,1,F,Engineering,Yes,2015-06-19,
36.0,35973,12 years,5,Female,Sales,Yes,2011-10-27,Boston
18.0,45494,0 years,1,F,HR,,2012-02-03,
26.0,25253,7 years,7,,,Y,2019-02-21,Boston
30.0,70994,10 years,9,,Engineering,Yes,2022-11-06,New York
40.0,45341,12 years,2,,HR,N,2018-04-01,Seattle
33.0,65390,6 years,4,Female,Marketing,Yes,2010-08-07,
22.0,25000,0 years,5,,Marketing,No,2013-04-13,
27.0,29029,5 years,1,Male,Marketing,Y,2016-01-22,Seattle
33.0,41696,,2,Male,HR,Yes,,Austin
40.0,74177,18 years,7,Male,Sales,Y,2017-10-05,New York
34.0,54478,14 years,10,Female,Engineering,Yes,2017-07-05,New York
46.0,57431,30 years,3,Female,HR,,2017-09-29,Boston
32.0,25000,9 years,7,Female,,N,2019-05-26,Seattle
24.0,66360,1 years,9,M,Marketing,Yes,,Seattle
44.0,63257,19 years,8,,Marketing,,2013-06-07,Austin
42.0,51583,16 years,5,M,Marketing,No,2013-07-04,Seattle
44.0,33420,21 years,7,F,,Yes,2014-06-03,Seattle
33.0,56813,19 years,5,Male,HR,,2017-11-16,Boston
40.0,49162,15 years,7,,HR,Yes,2011-08-29,New York
35.0,38807,7 years,9,Male,Sales,Yes,,Boston
36.0,51368,13 years,5,,,Yes,2014-12-30,
43.0,56997,17 years,7,F,,Yes,2020-03-31,
38.0,37584,18 years,9,,Sales,Yes,2012-07-28,New York
37.0,60417,11 years,7,Female,,No,2022-06-27,Austin
35.0,69172,9 years,1,,Marketing,Yes,2021-08-20,Boston
18.0,25000,0 years,2,,Marketing,No,2018-06-13,Austin
38.0,34948,19 years,6,Male,Engineering,N,,Boston
40.0,56528,18 years,3,F,,,2011-12-14,New York
43.0,42624,22 years,3,M,HR,Y,2011-11-19,
30.0,50152,11 years,10,Female,Engineering,Yes,2020-10-25,Seattle
18.0,25000,0 years,6,M,Engineering,Y,2015-11-11,Boston
34.0,25000,12 years,7,F,Marketing,No,2010-03-21,Austin
42.0,59480,15 years,7,F,Marketing,No,2016-05-31,Boston
28.0,35352,6 years,8,F,Sales,Yes,,Boston
35.0,33158,11 years,7,Male,Sales,No,2013-10-30,New York
19.0,37074,0 years,1,M,Marketing,Yes,2021-07-24,New York
49.0,43762,29 years,10,Male,Marketing,Y,2017-02-25,Austin
47.0,79879,23 years,6,F,HR,Y,2013-11-06,New York
29.0,25000,12 years,2,F,Sales,N,2020-12-28,Boston
42.0,67189,13 years,6,Male,,Yes,2014-06-20,
52.0,60963,35 years,6,,HR,Y,2021-12-11,New York
55.0,85430,34 years,5,Female,Marketing,Yes,2014-04-06,Seattle
40.0,35550,16 years,9,,Engineering,,2010-11-18,Austin
27.0,41280,4 years,1,Female,,,2016-01-15,
32.0,53318,9 years,5,Female,Sales,No,,New York
43.0,45131,21 years,4,,Engineering,Y,2019-10-30,New York
45.0,55120,25 years,4,F,HR,Y,2023-02-06,New York
18.0,32614,0 years,1,F,Marketing,No,2016-08-06,Boston
42.0,51471,15 years,2,,,,2015-01-02,Seattle
55.0,62190,31 years,9,Female,Marketing,No,2014-07-05,Seattle
25.0,54943,3 years,3,F,Sales,,2015-04-18,New York
25.0,29808,2 years,1,,HR,No,2020-01-22,Boston
39.0,83944,20 years,10,M,Marketing,N,2010-03-02,Boston
31.0,44160,3 years,3,Male,Marketing,,,Boston
31.0,34679,9 years,7,M,Marketing,,2021-07-02,New York
34.0,57749,6 years,5,F,Marketing,N,2020-12-19,New York
30.0,67016,10 years,3,F,Sales,N,2013-02-03,New York
31.0,35286,8 years,4,M,,N,2012-01-09,Seattle
22.0,33759,5 years,3,,,Y,2014-01-26,Boston
38.0,26734,16 years,7,F,Marketing,,2014-12-20,Boston
18.0,25085,0 years,4,Female,HR,Yes,2016-11-15,Seattle
51.0,79380,23 years,7,Female,Sales,Yes,2022-08-26,New York
18.0,38268,0 years,6,,,Yes,2020-10-02,New York
26.0,26183,11 years,6,M,Sales,No,2019-10-07,New York
38.0,37383,20 years,1,F,Engineering,Y,2020-08-17,
33.0,48081,12 years,5,,Marketing,No,2012-08-15,Boston
41.0,53300,19 years,6,Male,Engineering,Yes,2020-02-07,
58.0,56735,,5,M,HR,Yes,2022-04-30,Seattle
38.0,48087,16 years,8,F,HR,Y,2020-08-29,Austin
37.0,82318,13 years,9,Female,Marketing,Yes,2014-04-05,Austin
38.0,75776,15 years,5,,Sales,,2015-12-08,
59.0,62924,37 years,4,Male,Engineering,N,2023-06-30,Boston
30.0,71526,11 years,8,Male,Sales,Yes,2015-01-27,
37.0,55021,14 years,8,Female,Engineering,Y,2023-02-23,New York
30.0,53505,12 years,10,Female,Marketing,Yes,2014-02-08,Austin
25.0,48882,5 years,8,Male,Marketing,,2015-05-29,Austin
38.0,47612,16 years,7,,Marketing,Y,2015-08-14,Austin
38.0,42768,16 years,1,M,,Yes,,Boston
44.0,47942,23 years,2,Male,Sales,Yes,2020-04-13,New York
36.0,36279,13 years,6,F,HR,Yes,2021-12-26,Seattle
18.0,52809,0 years,8,,,,2020-10-29,Austin
31.0,26170,8 years,4,Female,Marketing,No,2022-09-10,Austin
46.0,41657,,9,,Marketing,Y,2010-12-04,Austin
49.0,40907,32 years,10,,Engineering,,2019-01-26,Austin
30.0,43332,10 years,1,Female,,Y,2020-10-31,
28.0,26516,2 years,2,F,HR,No,2019-04-07,New York
25.0,59367,0 years,6,Female,,Yes,2017-04-30,
49.0,67992,27 years,5,M,Engineering,,2021-02-11,Seattle
41.0,46685,16 years,6,F,,Y,,
35.0,73191,14 years,5,Female,,,2015-09-25,Seattle
43.0,59443,21 years,3,Male,Marketing,Yes,,New York
41.0,40037,22 years,2,,Sales,No,2015-01-28,Boston
25.0,48177,2 years,6,,Sales,Y,2016-03-23,
32.0,33302,5 years,9,,Marketing,No,2014-08-01,
20.0,32288,0 years,2,Female,,N,2014-01-24,
31.0,54069,10 years,10,F,Engineering,Yes,2011-10-18,Seattle
49.0,45367,26 years,5,F,Engineering,Y,2022-03-24,Austin
21.0,56220,,8,Female,HR,,2020-10-22,Boston
52.0,76957,33 years,6,M,Engineering,Yes,2015-10-29,Boston
22.0,25000,,10,Male,,Y,2016-11-28,
38.0,34341,15 years,10,Female,HR,N,2016-10-22,New York
18.0,37168,0 years,2,F,Sales,Yes,2014-08-09,Boston
50.0,43183,29 years,10,M,HR,Y,2015-08-21,Austin
36.0,25000,12 years,10,,,Yes,2010-03-18,New York
29.0,53657,1 years,4,Female,HR,Yes,2013-08-12,Austin
18.0,25000,0 years,8,M,HR,Y,2011-02-27,Seattle
43.0,53686,20 years,9,,Marketing,Yes,2012-01-08,Austin
27.0,30908,6 years,7,,,Yes,2016-07-06,Austin
39.0,73440,22 years,7,Female,,Y,2014-05-26,Seattle
18.0,29578,0 years,9,Female,Sales,Yes,2019-04-28,Seattle
33.0,49447,11 years,9,M,HR,Y,2020-10-03,
35.0,49840,7 years,1,Female,HR,Yes,,Austin
18.0,25000,0 years,9,Male,HR,Y,2012-06-07,Seattle
31.0,25630,11 years,10,Male,,Y,2020-07-21,New York
25.0,25000,3 years,4,M,,,2011-11-20,New York
41.0,61099,20 years,9,F,Engineering,Yes,2019-04-30,Seattle
24.0,26108,3 years,8,Female,Sales,Yes,2016-12-24,Austin
41.0,52129,17 years,3,Male,Marketing,Yes,2022-06-14,New York
26.0,43210,5 years,3,,Sales,Yes,2017-02-25,Boston
19.0,69190,0 years,1,Male,Engineering,N,2018-02-12,Austin
49.0,72681,31 years,3,M,Sales,Y,2023-01-04,
31.0,25000,12 years,9,M,Sales,Y,2018-11-07,Seattle
33.0,44866,6 years,3,Male,Marketing,,2012-11-09,New York
35.0,51350,9 years,3,Female,Engineering,N,2018-08-29,Austin
37.0,54392,13 years,5,M,Engineering,Yes,2021-02-18,New York
50.0,62350,28 years,1,,HR,Yes,2015-10-25,Boston
26.0,34194,9 years,2,M,Sales,Y,2021-11-20,Austin
42.0,73688,16 years,7,Male,Engineering,Yes,,
37.0,63637,16 years,6,M,Engineering,,2011-08-08,Austin
30.0,50212,4 years,2,,Sales,Yes,,
20.0,25000,1 years,3,F,Marketing,Y,2012-07-26,Austin
35.0,55112,15 years,6,F,HR,Y,2021-08-21,Boston
36.0,30185,14 years,3,,,Yes,2013-08-30,Boston
39.0,65042,14 years,10,M,Sales,,2023-07-29,Austin
43.0,82276,21 years,6,Female,Marketing,N,2020-08-09,Seattle
30.0,30791,8 years,4,F,Sales,No,2011-01-28,
29.0,58939,5 years,10,M,HR,Y,,Boston
52.0,54769,24 years,4,Male,Marketing,N,2019-06-23,New York
54.0,64958,23 years,9,Male,Engineering,,2014-09-16,Boston
53.0,82560,32 years,2,M,Marketing,Y,2018-06-01,Austin
35.0,55566,12 years,9,F,HR,No,,Boston
35.0,32225,7 years,6,Female,,,2022-07-03,Boston
49.0,61433,29 years,9,M,HR,,2022-12-05,New York
35.0,49410,17 years,7,Female,Engineering,Y,2017-05-13,
36.0,28689,6 years,7,F,Marketing,,,Seattle
26.0,40260,6 years,7,,Sales,N,2015-11-15,Austin
23.0,25000,0 years,2,F,Sales,Yes,2023-02-22,New York
,65068,6 years,3,Male,Engineering,Yes,2020-05-10,Boston
32.0,25106,8 years,4,Male,,Yes,2018-03-21,Seattle
25.0,48882,5 years,8,Male,Marketing,,2015-05-29,Austin
43.0,60160,20 years,8,Male,,Yes,2018-03-12,New York
45.0,28325,27 years,10,Male,Marketing,Yes,,
49.0,66881,24 years,1,F,Engineering,No,2016-05-11,Seattle
43.0,44295,24 years,6,,,Yes,2021-07-17,Boston
41.0,37155,22 years,4,,Sales,Y,2011-12-05,Seattle
54.0,51594,29 years,7,,Engineering,Y,2022-09-26,Austin
30.0,65522,4 years,4,Female,Engineering,,2018-07-22,Seattle
27.0,54099,7 years,2,F,Marketing,,2023-02-03,New York
22.0,29085,0 years,5,M,HR,N,2019-05-14,Seattle
47.0,47957,30 years,8,Male,Engineering,,2017-12-22,Boston
44.0,50436,19 years,5,F,HR,Yes,2022-09-21,Austin
37.0,45892,11 years,1,Female,,Y,2012-04-28,Austin
37.0,51146,13 years,6,F,HR,Yes,2019-08-29,Seattle
24.0,38704,1 years,10,Male,Sales,Yes,2023-09-28,New York
39.0,69242,16 years,9,,Engineering,,2010-05-09,Austin
34.0,35267,11 years,4,Male,Sales,Y,2020-04-01,Boston
27.0,58219,4 years,10,M,Sales,No,2013-06-23,Austin
18.0,25000,0 years,4,F,Marketing,Y,2016-11-04,Austin
32.0,32995,6 years,7,,HR,Yes,2014-01-11,Seattle
18.0,25000,0 years,3,M,,No,2014-08-23,Boston
21.0,45024,0 years,2,Female,Engineering,No,2015-08-12,Seattle
51.0,47793,30 years,3,,Engineering,N,2019-09-17,Austin
33.0,43748,7 years,4,Female,,No,2020-04-03,Austin
35.0,25000,9 years,2,Female,Engineering,N,2011-11-08,New York
47.0,82214,20 years,3,Female,Marketing,N,2016-03-21,Boston
20.0,42064,0 years,8,M,Marketing,Y,2020-06-21,Austin
31.0,57237,12 years,1,F,Marketing,Y,2012-11-29,
24.0,31657,,9,Female,Marketing,Yes,2014-12-17,Boston
36.0,71195,15 years,9,F,Marketing,Yes,2012-12-16,Boston
18.0,32482,0 years,7,,Engineering,Yes,2014-11-27,Boston
24.0,34258,0 years,8,M,HR,Yes,2011-02-19,Boston
35.0,62371,,9,M,HR,Yes,,Boston
49.0,42794,27 years,9,F,Engineering,,,
25.0,55543,5 years,4,Female,,N,2016-01-09,Boston
41.0,35946,21 years,6,,Marketing,,2012-03-04,Boston
28.0,81748,8 years,1,Male,Sales,N,2011-04-25,Austin
30.0,55745,7 years,10,Female,,N,2023-07-14,New York
35.0,52829,17 years,5,,HR,Y,2018-07-06,Boston
37.0,43014,10 years,2,Female,Marketing,Yes,2014-12-13,Boston
43.0,66628,22 years,7,Female,Engineering,,2012-10-09,Seattle
35.0,53330,12 years,4,Male,,Yes,2010-01-28,Austin
22.0,33899,1 years,6,Male,HR,Yes,2021-12-22,
36.0,44528,15 years,3,Female,,Yes,2012-07-28,
32.0,41474,8 years,6,Male,Sales,Yes,2021-05-16,Austin
38.0,37995,12 years,4,M,Sales,Yes,2010-11-14,
50.0,66917,33 years,6,M,Marketing,No,2018-05-13,New York
50.0,62571,28 years,7,M,HR,No,2017-06-10,
37.0,42913,12 years,7,F,Marketing,Yes,2017-02-09,Boston
23.0,43397,0 years,5,Female,Engineering,N,2010-03-28,Austin
33.0,58395,9 years,4,F,HR,Y,2013-06-24,Boston
35.0,53479,11 years,3,Male,Marketing,Y,2023-03-01,Boston
48.0,79110,26 years,5,M,Engineering,Yes,,New York
55.0,90178,29 years,5,Female,HR,Y,2018-05-08,Seattle
43.0,37282,17 years,3,Male,Engineering,Yes,,Boston
23.0,30664,1 years,3,M,Engineering,N,,New York
36.0,62756,13 years,3,,Sales,Yes,2012-07-05,Seattle
32.0,25000,13 years,3,Female,HR,,2019-03-01,Austin
35.0,48993,15 years,8,,Marketing,No,2018-03-31,Boston
35.0,66841,15 years,6,Male,Marketing,,2023-06-27,New York
30.0,52048,7 years,7,Male,Engineering,,2018-02-14,New York
36.0,48261,14 years,10,M,HR,,2018-11-22,Boston
25.0,35431,1 years,1,Female,Engineering,Y,2021-07-28,Boston
30.0,25000,3 years,10,,Sales,,2014-04-10,Seattle
,50860,13 years,9,Male,,No,2019-08-20,
34.0,47883,8 years,6,F,Engineering,No,2022-06-06,
33.0,56163,5 years,9,M,Sales,Y,2010-01-05,Seattle
18.0,29221,0 years,7,F,,No,2023-03-23,Boston
32.0,53153,7 years,6,M,Marketing,Yes,2018-09-15,New York
33.0,47025,8 years,5,Male,Marketing,Yes,2021-01-10,Austin
36.0,39394,14 years,3,Male,Sales,Yes,2017-06-02,Boston
37.0,64580,11 years,2,M,HR,,2011-01-16,
22.0,54239,0 years,5,Female,HR,Y,,
41.0,45514,15 years,8,,Marketing,,2022-04-02,Seattle
38.0,73597,20 years,3,F,Engineering,No,2019-05-27,Boston
52.0,66268,30 years,1,M,,Y,2018-11-15,Boston
36.0,48918,13 years,8,,,Yes,2016-02-27,Seattle
30.0,38453,12 years,2,F,Marketing,Yes,2011-03-13,
48.0,63835,33 years,6,,Marketing,,2012-01-14,Boston
31.0,36711,10 years,5,M,,Y,2020-04-08,New York
30.0,40767,6 years,10,,Engineering,No,2013-12-17,Boston
22.0,41055,6 years,9,Male,,Yes,2015-08-02,New York
34.0,59957,9 years,10,Male,Marketing,Yes,2019-05-28,Boston
27.0,29915,6 years,9,M,Sales,N,2011-01-31,Boston
31.0,45530,11 years,3,M,Sales,Yes,2021-04-17,
46.0,40323,22 years,1,Male,,Y,2014-02-15,New York
31.0,25000,6 years,1,Male,Marketing,Yes,2015-10-21,New York
36.0,54261,14 years,9,,,Y,2017-02-18,Seattle
30.0,45062,4 years,6,F,HR,Yes,2017-12-18,Austin
35.0,36517,9 years,6,Male,Marketing,Y,2012-11-20,Boston
38.0,85705,21 years,5,M,,Y,,New York
38.0,43741,10 years,1,Male,HR,Yes,2021-05-03,Seattle
37.0,59547,19 years,2,Male,Engineering,,2010-12-28,Boston
20.0,33202,0 years,4,Male,,No,2013-03-24,New York
31.0,30649,9 years,3,Male,Engineering,,2012-02-16,
34.0,25000,9 years,3,M,,,2022-10-15,Seattle
39.0,55228,17 years,4,Male,,N,2013-08-16,Seattle
42.0,71805,18 years,4,Female,Sales,,2016-03-14,New York
45.0,80324,24 years,6,Male,Engineering,No,2018-09-10,
46.0,69398,26 years,9,Male,Sales,Y,2021-05-20,Seattle
36.0,70322,16 years,9,,Engineering,No,2016-05-16,Austin
42.0,69717,21 years,8,Female,Sales,Yes,2010-05-11,
54.0,47144,33 years,10,M,,N,2012-10-04,Austin
33.0,37839,9 years,6,M,Sales,No,2023-08-18,Seattle
32.0,53108,10 years,9,Female,HR,Yes,2021-02-21,New York
30.0,39965,7 years,3,Female,HR,Y,2017-08-31,Seattle
24.0,43762,4 years,1,Female,Engineering,Y,2011-03-10,Seattle
40.0,49370,13 years,7,Male,HR,Y,2014-01-20,Seattle
25.0,25088,2 years,9,Female,Sales,,2018-10-10,Austin
35.0,25000,9 years,5,,Sales,Y,2019-12-19,Austin
27.0,58231,5 years,6,Male,Sales,Y,2021-04-19,New York
44.0,32087,20 years,6,Female,HR,Y,2022-04-21,New York
30.0,61478,8 years,9,F,Engineering,No,2011-12-23,
24.0,60940,4 years,7,,Engineering,,,
38.0,47940,17 years,10,M,HR,No,2016-03-25,Seattle
28.0,25479,4 years,8,Male,,Y,2018-07-04,New York
35.0,60626,16 years,5,Female,Engineering,No,2018-10-28,Boston
28.0,25000,2 years,9,,Sales,Yes,,Boston
28.0,25000,6 years,2,M,Engineering,Yes,2015-08-30,
30.0,25000,10 years,4,F,Marketing,Yes,2018-04-11,
26.0,28148,1 years,6,Female,Sales,N,2020-07-07,Boston
39.0,48304,20 years,8,,Sales,Yes,2020-05-30,
36.0,50761,12 years,9,Male,Engineering,No,,New York
19.0,25000,0 years,8,Female,HR,Y,,Austin
43.0,66977,20 years,7,M,,Y,2022-11-16,Seattle
45.0,47184,23 years,5,M,Sales,Yes,2015-02-26,Austin
33.0,65612,12 years,5,Male,Marketing,Y,2014-09-14,Seattle
39.0,45601,16 years,7,Female,,,2014-01-17,
40.0,62987,13 years,6,,Sales,,2022-11-15,New York
47.0,53690,24 years,9,Female,,Yes,2023-01-26,
,25000,8 years,10,Male,Sales,Y,2018-05-06,Seattle
35.0,80531,14 years,8,M,,Y,2015-11-02,Seattle
21.0,25000,0 years,2,,Marketing,No,2022-12-09,
29.0,44726,3 years,10,Female,HR,Yes,2023-02-19,New York
26.0,32499,7 years,1,Male,,No,2012-11-20,Boston
39.0,43985,18 years,6,Female,Sales,Yes,2019-10-13,
29.0,38730,9 years,8,Female,HR,Yes,2013-09-29,Boston
37.0,54050,11 years,7,F,HR,N,2019-01-12,Seattle
29.0,25000,9 years,8,F,Engineering,Y,2013-05-15,New York
30.0,31959,8 years,3,,Sales,,2013-07-18,Austin
21.0,58646,0 years,6,M,,Yes,2011-01-30,Seattle
35.0,45767,13 years,10,Male,Sales,No,2014-07-16,New York
30.0,33659,8 years,8,F,HR,No,2014-07-01,Austin
47.0,82375,20 years,3,,,No,2022-10-17,Austin
31.0,53776,13 years,2,Male,HR,,2020-07-24,Boston
29.0,62336,10 years,6,Female,Sales,,,Austin
25.0,26788,2 years,8,Male,Marketing,Y,2012-05-29,
43.0,58223,18 years,2,,HR,,2015-12-16,Boston
29.0,25000,6 years,6,M,Marketing,Yes,2021-02-13,Seattle
31.0,36789,5 years,4,Male,Engineering,Yes,2015-07-05,Seattle
51.0,84980,28 years,7,,Marketing,Y,2010-10-03,Boston
30.0,68758,14 years,4,,HR,Y,,
45.0,52176,23 years,2,Female,,,2018-09-19,Austin
28.0,48060,6 years,5,Female,Sales,,2020-05-16,Boston
31.0,25000,8 years,5,,HR,Yes,2023-10-23,Seattle
33.0,35130,,5,,HR,Y,2011-04-18,Boston
37.0,65667,14 years,1,Male,HR,Y,2022-09-06,Austin
45.0,75335,,8,,Engineering,,2012-09-16,Austin
25.0,62430,1 years,1,M,Marketing,,2017-08-10,New York
27.0,25000,1 years,10,,Engineering,Yes,2011-03-20,Boston
38.0,39992,13 years,3,Female,Marketing,Yes,2020-04-19,New York
26.0,32933,0 years,3,,HR,Yes,2019-09-27,Austin
37.0,66583,16 years,5,M,Engineering,No,2010-03-17,Seattle
31.0,39322,14 years,5,M,HR,N,2022-10-22,
63.0,63308,40 years,5,Male,Marketing,Yes,2022-07-09,New York
45.0,61975,27 years,6,F,,Y,2019-09-08,Austin
45.0,43710,17 years,10,Male,Sales,No,2019-04-10,Seattle
34.0,38725,10 years,5,M,HR,No,2018-02-06,Boston
41.0,66663,19 years,7,F,HR,No,2010-06-16,Boston
23.0,40235,3 years,7,F,Sales,Y,2023-01-10,
51.0,49355,25 years,3,,Marketing,N,2014-07-30,
59.0,71623,40 years,9,F,Sales,Y,2011-11-08,
25.0,25000,0 years,6,Female,Engineering,Yes,,Seattle
49.0,48510,28 years,7,M,HR,N,2018-08-02,Austin
18.0,33844,0 years,7,Male,HR,Yes,2018-10-22,Seattle
53.0,61959,31 years,1,M,Marketing,No,,Austin
44.0,55541,21 years,6,Female,HR,Yes,2021-05-15,
42.0,54236,21 years,7,,Marketing,,2016-04-05,Austin
45.0,60921,23 years,5,,Marketing,,2018-12-19,Seattle
35.0,57068,14 years,6,,HR,,2013-01-21,Austin
30.0,38821,9 years,9,F,Sales,Yes,,New York
33.0,59974,13 years,8,,HR,,,
54.0,62610,29 years,1,F,HR,Yes,2021-07-24,
21.0,25000,0 years,2,M,,,2014-08-27,Seattle
26.0,57779,1 years,4,Male,Marketing,Y,2017-01-30,
41.0,43232,22 years,6,F,,No,2013-04-07,Austin
28.0,41199,7 years,7,Male,Marketing,N,2016-07-18,Austin
48.0,67397,25 years,6,Male,HR,No,2019-01-10,New York
41.0,51993,23 years,3,F,Sales,Y,2017-02-19,Boston
27.0,25000,4 years,3,,Sales,Y,2018-05-10,New York
36.0,39888,13 years,9,Female,Marketing,Yes,2010-05-17,New York
26.0,48155,3 years,3,Male,Engineering,Yes,2017-01-03,Seattle
45.0,71642,24 years,4,F,Engineering,Yes,2014-09-30,Austin
41.0,58477,20 years,5,F,HR,N,2010-01-21,Austin
43.0,44025,19 years,5,Female,Engineering,Yes,2012-06-15,Boston
43.0,71491,18 years,3,Female,,Y,2020-01-07,
35.0,46161,16 years,6,,Sales,Yes,2016-12-17,Boston
63.0,88547,40 years,3,Female,,N,2014-01-19,New York
35.0,39328,11 years,9,M,HR,N,2016-03-05,Boston
43.0,46835,18 years,6,,Engineering,N,2021-02-12,
,30205,3 years,4,Female,Sales,Yes,2010-08-31,New York
54.0,57390,27 years,6,Female,Sales,Yes,2011-05-31,
25.0,51193,0 years,5,Female,Sales,Y,2011-03-17,
18.0,25000,0 years,5,,Engineering,No,2019-10-04,Austin
34.0,46168,16 years,5,Female,Engineering,No,2011-09-25,
29.0,45294,10 years,6,Male,Engineering,Yes,,New York
34.0,35921,,2,Female,Marketing,Yes,2014-12-02,Austin
49.0,79561,29 years,6,Male,Marketing,Yes,2020-11-30,New York
39.0,56525,,6,,,No,2023-08-14,Seattle
25.0,37261,1 years,6,Female,Marketing,No,2016-10-25,Austin
47.0,49749,23 years,2,,Engineering,Yes,,New York
25.0,51400,0 years,8,Female,Marketing,Y,2023-03-02,Boston
36.0,25000,16 years,10,F,Engineering,Y,2019-12-26,
24.0,43660,2 years,1,Male,,Yes,2019-08-07,New York
37.0,51545,20 years,8,Female,HR,Yes,2021-10-22,Austin
29.0,35815,5 years,10,Female,Sales,No,2011-08-10,New York
34.0,54455,,6,M,,Yes,2021-02-10,New York
49.0,55551,21 years,9,M,,Yes,,Austin
48.0,30748,26 years,8,Male,,Yes,2013-05-05,Austin
36.0,78096,16 years,10,,HR,Yes,2022-06-19,
25.0,48341,4 years,7,Male,HR,N,2013-11-04,Austin
33.0,52322,,8,F,Marketing,No,2012-10-16,New York
44.0,34695,22 years,3,Male,Engineering,Yes,2022-02-12,New York
30.0,25979,8 years,5,Male,Marketing,N,2022-05-28,New York
25.0,26644,0 years,2,Female,HR,,2020-05-10,Austin
19.0,37271,0 years,7,Female,Marketing,No,2014-09-27,Boston
30.0,53680,11 years,8,Male,HR,,2010-03-21,Seattle
43.0,61775,22 years,9,Male,Sales,N,2020-03-03,Austin
45.0,61130,23 years,4,Male,Engineering,Y,2013-06-18,Austin
28.0,51929,5 years,6,Female,Marketing,Yes,2023-07-04,Boston
48.0,50811,26 years,6,Female,Sales,,2020-06-03,Austin
42.0,66846,18 years,9,Male,Sales,Yes,2020-08-31,New York
22.0,25000,0 years,9,Male,HR,No,2018-05-01,Boston
43.0,76882,21 years,10,,Marketing,Y,,Austin
48.0,45139,25 years,4,Female,HR,Yes,,Austin
31.0,38693,10 years,1,F,HR,N,2011-12-08,Boston
34.0,52392,12 years,2,Male,Sales,Yes,2023-03-23,New York
,44793,8 years,2,Male,HR,,2019-08-25,Seattle
35.0,85809,9 years,8,M,,Y,2011-10-24,Austin
53.0,97151,34 years,8,Female,Sales,,2021-01-15,Seattle
29.0,59310,6 years,3,Female,,Y,,Seattle
29.0,42062,11 years,6,F,HR,Yes,2015-04-07,Seattle
39.0,50664,16 years,9,M,,Yes,,New York
30.0,43577,5 years,8,F,,No,2019-09-17,Seattle
32.0,39117,,1,Female,HR,Y,,Austin
38.0,47777,16 years,4,Male,Marketing,Y,2016-11-02,Boston
31.0,54893,12 years,1,Male,Engineering,Yes,2018-10-24,
,76111,10 years,4,Female,Engineering,No,2012-06-13,New York
,62156,18 years,4,Male,Marketing,Y,2012-07-23,
51.0,98616,,4,M,Sales,Yes,2013-02-01,
33.0,55803,12 years,6,Male,,Yes,2023-09-09,Seattle
44.0,71391,25 years,3,,Sales,N,2018-08-22,Boston
38.0,56710,16 years,3,Male,Sales,No,2016-11-01,Boston
22.0,50157,2 years,7,Female,Sales,,,Boston
38.0,76493,13 years,8,Male,Engineering,N,2015-05-09,New York
38.0,40543,11 years,6,F,HR,Yes,2022-08-19,Seattle
35.0,31537,11 years,9,M,,Yes,2018-11-19,
19.0,37672,0 years,8,M,Marketing,,2011-10-20,Boston
50.0,56754,30 years,5,Female,Marketing,Yes,2023-04-02,Austin
31.0,43289,,1,Male,,Yes,,Seattle
57.0,72387,36 years,4,Male,Engineering,Y,2017-01-07,Austin
26.0,30384,0 years,6,Female,,Y,2017-09-12,New York
36.0,58706,17 years,4,F,,Yes,2013-06-13,Austin
25.0,27895,1 years,9,Female,Sales,No,,New York
33.0,41057,12 years,7,Male,Sales,Y,2012-01-19,Austin
21.0,25000,0 years,3,Male,Engineering,No,2020-04-02,New York
18.0,25000,0 years,4,Female,,Yes,2011-11-22,New York
55.0,53309,30 years,4,Male,HR,Y,2016-12-06,
18.0,41134,0 years,3,Female,Sales,Y,,Austin
26.0,48155,3 years,3,Male,Engineering,Yes,2017-01-03,Seattle
41.0,25000,15 years,3,F,HR,Yes,,
30.0,54718,8 years,1,Female,HR,,2011-03-15,Boston
26.0,25000,7 years,10,M,Marketing,,2015-11-20,New York
48.0,58636,20 years,3,,HR,Yes,2018-05-24,Boston
38.0,44851,15 years,4,,HR,,2011-05-11,
25.0,49572,7 years,8,M,Engineering,,2011-05-06,Austin
32.0,32478,6 years,6,M,Sales,,2014-01-14,New York
30.0,70994,10 years,9,,Engineering,Yes,2022-11-06,New York
40.0,50536,18 years,6,Male,Sales,N,,Austin
34.0,80760,7 years,9,,Sales,Y,2016-06-16,
18.0,38404,0 years,2,F,HR,Y,2015-09-02,
45.0,53774,19 years,1,,Sales,No,2015-11-17,Boston
34.0,37108,17 years,5,,Sales,Yes,2015-06-20,
38.0,25000,14 years,4,,Sales,,2018-08-15,Seattle
26.0,55608,3 years,7,,Marketing,No,2019-06-29,New York
19.0,46715,0 years,5,,,No,2010-08-08,Seattle
48.0,41685,22 years,2,M,Engineering,N,2022-12-30,New York
42.0,31472,16 years,8,M,Sales,,2021-08-13,Seattle
35.0,25674,16 years,2,F,Marketing,Y,2012-09-16,Seattle
38.0,63537,,1,Male,Marketing,No,2012-06-08,Austin
41.0,66326,22 years,6,Male,,No,,New York
26.0,25000,0 years,9,Male,HR,Yes,2015-03-01,
40.0,32399,17 years,1,Male,,,2012-05-14,Austin
51.0,44760,23 years,1,Male,Marketing,,2014-10-02,New York
25.0,64628,0 years,5,,Sales,N,,
23.0,37891,1 years,7,Female,Marketing,,2013-05-14,Boston
60.0,75976,38 years,5,F,Marketing,,2013-08-20,
26.0,32500,3 years,7,,Marketing,Yes,2020-04-18,Seattle
50.0,47809,30 years,1,Female,Marketing,Y,,New York
34.0,37815,,7,Male,,Y,2020-01-08,
42.0,56107,20 years,1,,Marketing,N,2019-02-01,New York
18.0,25000,0 years,10,F,,Yes,2012-01-01,Austin
49.0,54886,30 years,2,M,Marketing,No,2014-05-08,Austin
25.0,45767,0 years,2,Female,,,2016-08-11,Seattle
40.0,25000,22 years,8,,,Y,2015-07-12,Seattle
29.0,40186,8 years,5,Female,,Y,2010-11-14,Austin
51.0,57438,30 years,10,Male,Marketing,Y,,
31.0,52348,6 years,3,F,Marketing,Yes,2011-06-21,
47.0,41489,23 years,3,Male,Engineering,No,,
29.0,26335,,6,M,,Y,2015-06-04,New York
26.0,38991,3 years,5,F,HR,Yes,2016-12-01,
45.0,54516,24 years,6,Female,,Yes,2019-09-05,Seattle
21.0,31726,0 years,10,Female,HR,N,2019-12-24,Seattle
31.0,25000,11 years,10,Male,,Yes,2022-04-04,
28.0,53070,5 years,3,Female,Marketing,N,2023-09-23,Austin
56.0,63027,39 years,10,Male,HR,Y,2022-08-01,
30.0,25000,11 years,2,Male,Engineering,,2020-07-12,Seattle
42.0,34059,23 years,9,Female,,Yes,2016-06-29,Austin
24.0,31782,,2,Female,HR,Yes,2010-04-02,Austin
34.0,51412,15 years,2,F,Marketing,Yes,2010-10-21,Austin
53.0,57102,28 years,10,M,Sales,Yes,2016-03-26,New York
45.0,45321,24 years,7,Female,,Yes,2010-12-25,
34.0,38376,13 years,3,Female,Marketing,Yes,2015-11-07,
29.0,37017,0 years,1,,,Yes,2023-01-20,Austin
29.0,25000,6 years,2,,HR,,2022-05-01,Austin
35.0,47222,14 years,4,,Sales,,2016-04-20,
26.0,25000,6 years,9,,HR,Yes,2016-03-04,New York
22.0,25000,0 years,7,,,Y,2012-06-09,Boston
29.0,26840,3 years,5,Female,Marketing,,2023-11-12,New York
44.0,41828,22 years,9,Male,Engineering,Y,2011-04-18,Austin
24.0,53479,0 years,7,Female,Engineering,Y,2010-09-03,Boston
60.0,55634,40 years,5,M,Marketing,Y,,New York
46.0,80683,19 years,3,Female,Engineering,No,2010-08-24,
34.0,38363,11 years,10,M,Engineering,No,2018-10-31,New York
18.0,54945,1 years,3,Female,Marketing,,2016-06-01,Austin
46.0,60332,20 years,10,Male,Sales,Yes,2014-10-20,Austin
53.0,61809,32 years,1,M,HR,No,2014-06-16,Seattle
45.0,52132,20 years,7,Male,,No,2013-08-15,Boston
37.0,40657,15 years,3,,HR,Y,,Boston
21.0,40642,0 years,7,Female,HR,Yes,2019-04-25,New York
44.0,85278,20 years,9,Male,HR,,,Austin
49.0,68906,,3,M,Sales,,2020-03-11,Austin
43.0,40110,18 years,4,Female,Engineering,N,2021-02-25,
41.0,46523,15 years,9,F,HR,Yes,2017-10-11,
47.0,56311,27 years,7,F,Sales,,2017-09-21,
18.0,53841,0 years,9,M,,Yes,2017-02-16,New York
27.0,30393,0 years,8,F,Sales,No,2012-08-08,
35.0,29695,6 years,5,Male,Engineering,Y,2010-12-12,Austin
44.0,71687,18 years,7,Female,HR,Y,2011-03-09,Boston
31.0,39920,13 years,8,M,Sales,Yes,2011-03-31,Seattle
40.0,47214,14 years,6,M,Marketing,N,2018-12-26,Seattle
41.0,33647,20 years,5,M,Engineering,No,2021-06-30,Seattle
37.0,37858,13 years,5,F,,No,2010-09-21,New York
45.0,50864,,5,Male,Sales,,2016-09-30,
33.0,62688,11 years,8,Male,HR,Y,2014-10-17,Boston
33.0,34564,11 years,5,F,,N,2019-12-12,New York
24.0,25000,2 years,6,M,Engineering,No,2017-10-05,Austin
51.0,57195,28 years,2,Female,HR,N,2021-07-06,Austin
43.0,33353,24 years,8,,,Yes,2010-12-09,Seattle
21.0,69686,0 years,2,Female,Engineering,Y,2022-03-19,Seattle
25.0,53707,1 years,7,Female,Marketing,Y,2015-03-31,
41.0,47383,17 years,3,M,Engineering,Yes,2015-11-27,New York
31.0,66030,4 years,4,Female,Sales,,2014-02-08,Austin
39.0,41383,22 years,10,,Sales,No,2023-04-21,Seattle
43.0,35225,20 years,4,F,Engineering,N,,New York
34.0,37576,9 years,4,,Engineering,Yes,2014-12-07,
37.0,38237,10 years,5,,Marketing,N,2022-07-14,Austin
36.0,25525,15 years,2,F,Sales,Y,2015-02-08,Boston
23.0,35563,0 years,8,Male,,,2018-07-11,Austin
30.0,45784,3 years,7,Male,Sales,Yes,2012-08-29,Boston
34.0,36312,10 years,2,Female,,Y,2015-11-28,Boston
24.0,63061,7 years,10,F,Marketing,N,2023-05-23,Seattle
36.0,35727,14 years,5,M,Marketing,Y,2013-11-23,Austin
34.0,49636,8 years,4,M,Sales,Yes,2016-03-21,
20.0,25000,0 years,8,M,Marketing,Yes,2017-02-07,Austin
29.0,57866,7 years,5,Female,Engineering,,2013-11-24,Austin
31.0,60709,6 years,6,Male,HR,Yes,2014-04-03,New York
24.0,34453,3 years,3,Male,Engineering,,2020-01-07,
41.0,58694,18 years,10,M,HR,Y,2022-10-28,Austin
35.0,25000,17 years,5,F,,Yes,2010-01-21,Seattle
27.0,43599,3 years,8,Male,Marketing,Yes,2011-05-08,
28.0,45375,,10,F,Marketing,,2013-10-18,New York
34.0,37917,12 years,10,,,Y,2016-10-20,Boston
27.0,45951,7 years,6,Male,,Yes,2017-02-11,New York
48.0,45248,26 years,9,Male,,Y,2011-08-07,
33.0,59439,,4,Male,HR,Y,2018-08-17,New York
36.0,54469,9 years,1,,,No,2017-02-02,New York
51.0,40148,36 years,1,F,Engineering,Yes,2015-10-12,Austin
27.0,31021,5 years,9,F,Marketing,,2021-10-26,Boston
33.0,44365,13 years,4,Female,HR,Y,2019-10-08,Austin
29.0,42163,10 years,2,,Engineering,N,2021-11-12,New York
60.0,69110,35 years,3,F,HR,Yes,2011-05-12,Austin
20.0,46156,0 years,5,Male,,,2020-07-15,New York
31.0,26209,1 years,1,Male,HR,N,,New York
28.0,50965,10 years,10,Male,Marketing,,2015-10-01,Boston
33.0,44224,9 years,8,,HR,,2016-07-07,Boston
18.0,25202,0 years,8,Female,Marketing,Yes,2018-07-02,
18.0,33845,0 years,6,Female,Marketing,Y,2023-11-23,Austin
31.0,35259,16 years,9,Female,Engineering,Yes,2018-08-19,Seattle
37.0,25000,12 years,4,Male,,No,2020-10-14,Seattle
24.0,45148,0 years,9,M,,Yes,2021-11-15,
19.0,46324,0 years,1,M,Sales,Y,2015-05-22,
42.0,37579,19 years,10,Female,,Y,2021-12-30,Boston
35.0,68638,12 years,9,,Engineering,Y,2014-11-29,New York
35.0,87722,14 years,8,Female,Sales,Yes,2014-10-04,Boston
25.0,53506,0 years,5,Female,Sales,Yes,2015-05-17,Boston
33.0,84969,16 years,7,Female,Engineering,,2011-07-31,Boston
45.0,60993,21 years,7,Male,,,2012-05-26,Seattle
53.0,48086,32 years,7,F,HR,Y,,
32.0,35359,8 years,3,,Marketing,Yes,2016-05-02,Boston
34.0,37451,9 years,4,Male,HR,Yes,2014-01-06,Austin
46.0,46870,20 years,8,F,,Yes,2010-05-09,
36.0,35812,,2,Female,HR,Yes,2023-04-09,Boston
43.0,55304,26 years,1,Male,Sales,Yes,2016-12-06,Austin
28.0,48157,4 years,4,Male,HR,Yes,,Boston
41.0,60695,22 years,1,F,Marketing,Yes,2020-06-23,New York
21.0,33864,0 years,4,M,Sales,,2014-10-11,
52.0,66830,28 years,8,F,Sales,No,2019-08-09,New York
47.0,59271,25 years,3,Male,Engineering,Y,2011-06-08,New York
37.0,38072,17 years,3,Female,Sales,Y,2021-03-18,Seattle
46.0,86833,23 years,6,Female,Engineering,Yes,2011-11-19,Seattle
35.0,37823,14 years,3,,HR,Yes,2014-03-23,Austin
29.0,25000,4 years,4,Female,Engineering,Y,2019-12-24,Austin
25.0,33151,4 years,4,Male,,Yes,2022-02-28,Austin
44.0,67898,23 years,6,Female,Engineering,Yes,2021-03-22,New York
32.0,40171,17 years,2,Female,HR,Yes,2017-01-11,Seattle
18.0,43845,0 years,9,F,Marketing,Y,,
35.0,62520,13 years,7,M,Engineering,Y,2011-03-06,Austin
32.0,52164,6 years,8,,Sales,Y,,Austin
33.0,41528,12 years,7,F,Sales,Yes,2012-09-09,New York
45.0,79010,14 years,1,M,,Yes,2018-08-31,Seattle
21.0,58839,2 years,6,Male,HR,Y,2019-07-07,Austin
18.0,34154,0 years,2,Female,,N,2023-05-08,
37.0,47268,13 years,2,Female,,Y,2011-10-29,Austin
21.0,44998,0 years,6,,Sales,Yes,2014-12-24,Boston
51.0,65451,30 years,1,Male,HR,,2015-06-01,
18.0,37928,0 years,10,,Sales,Yes,2015-11-25,Austin
50.0,63598,26 years,8,Female,Sales,Yes,2011-03-28,Seattle
,46787,7 years,1,,HR,Yes,2020-09-08,
31.0,40548,0 years,5,F,Marketing,Yes,2013-01-30,Austin
18.0,25000,0 years,8,Male,HR,No,2022-08-07,Boston
18.0,35944,0 years,5,Male,Sales,Yes,2023-07-11,
23.0,46374,0 years,6,Male,Marketing,N,2023-09-29,New York
27.0,63943,8 years,6,Male,Sales,Yes,2020-02-24,
61.0,75919,38 years,5,Male,Engineering,N,2023-06-19,Boston
24.0,33093,,1,Male,Marketing,N,2019-05-20,Seattle
30.0,28135,8 years,9,Female,,Y,2015-07-18,New York
45.0,74631,17 years,7,F,,,2020-05-16,Seattle
42.0,73619,17 years,1,F,Marketing,N,2019-04-19,New York
32.0,30225,7 years,10,,Engineering,Yes,2010-07-28,New York
18.0,25000,0 years,9,F,Sales,No,2015-07-30,
50.0,54126,26 years,10,,Engineering,No,2022-01-30,Seattle
38.0,79060,11 years,1,Female,,,2023-05-25,Austin
23.0,30430,3 years,9,M,Sales,No,2017-03-16,Austin
23.0,25000,0 years,6,Female,Engineering,Yes,2020-11-12,Boston
32.0,50497,5 years,1,M,Engineering,Y,2020-03-04,
26.0,25764,4 years,8,Male,Marketing,Y,2017-04-12,Austin
40.0,34139,15 years,6,Male,HR,Yes,2017-04-18,New York
24.0,49347,5 years,8,Male,HR,Yes,2023-05-26,Boston
26.0,41114,1 years,3,F,Engineering,N,2014-02-05,Boston
36.0,59855,12 years,5,,HR,Yes,2018-09-09,New York
18.0,25000,0 years,1,,HR,Yes,2018-09-18,Boston
52.0,71209,25 years,5,F,HR,Y,2017-07-07,
49.0,43388,25 years,5,,Engineering,Yes,2016-05-16,Boston
33.0,56496,10 years,10,Male,Sales,Yes,2018-06-30,Austin
34.0,64516,14 years,4,M,HR,,2021-04-14,
35.0,28732,12 years,2,F,,Yes,2014-12-26,New York
39.0,52689,13 years,3,F,HR,Y,2012-04-22,Boston
37.0,35155,16 years,5,M,Sales,,2012-12-17,Boston
34.0,25000,10 years,7,Male,HR,Y,2012-04-18,Austin
22.0,46143,2 years,10,F,Engineering,,,Seattle
38.0,30300,14 years,1,F,Marketing,No,2023-06-12,
25.0,48459,2 years,9,Male,HR,No,2012-12-04,New York
,26834,,5,Female,Sales,Y,2014-04-28,New York
25.0,56164,3 years,7,F,Sales,,2016-07-08,Seattle
30.0,25000,10 years,6,Female,HR,N,2010-12-16,
31.0,40023,10 years,2,,HR,No,2023-11-09,Seattle
19.0,25172,0 years,2,F,HR,,2011-03-21,New York
39.0,62311,12 years,7,M,,,2016-08-06,
43.0,87503,23 years,5,Female,HR,Yes,2011-07-24,New York
41.0,62648,,8,Female,Marketing,Y,2023-06-13,Austin
44.0,71799,16 years,8,M,Marketing,,2017-10-27,Boston
48.0,40323,26 years,5,,Marketing,,,Boston
43.0,54884,17 years,5,F,,,2016-12-02,Boston
29.0,25000,9 years,3,Male,Marketing,No,2010-03-08,Austin
20.0,53908,0 years,3,Female,,Y,,Boston
40.0,71286,16 years,8,Male,Marketing,Y,2012-03-15,
,36969,17 years,10,Male,HR,Yes,2010-09-04,Austin
40.0,55873,18 years,9,Male,Engineering,Y,2013-06-07,Seattle
30.0,55282,9 years,7,F,HR,,,Boston
18.0,25000,0 years,4,M,Sales,Y,2023-04-26,New York
54.0,48858,30 years,1,F,Sales,Y,2010-04-09,
28.0,25000,8 years,9,F,,Yes,2019-05-23,Austin
23.0,28255,0 years,7,M,Engineering,,2012-09-18,Boston
38.0,34059,22 years,6,Male,Sales,No,2014-09-26,New York
20.0,41917,0 years,8,F,,Y,2014-06-13,Austin
37.0,88037,16 years,9,Male,,Yes,2016-10-10,
39.0,64226,13 years,7,,Marketing,Yes,2014-07-13,New York
40.0,60355,20 years,5,M,Marketing,No,2014-03-12,Boston
28.0,46773,7 years,10,Female,Marketing,,2014-08-12,
39.0,58651,12 years,1,Female,HR,Y,2022-01-05,Austin
27.0,29456,1 years,7,M,Marketing,Yes,2014-07-10,Boston
19.0,25000,0 years,4,Male,Sales,Y,2017-04-02,Boston
33.0,49306,9 years,9,Female,Sales,,2021-10-08,New York
36.0,41505,13 years,1,F,Engineering,N,2010-06-21,
38.0,53682,18 years,10,,Marketing,,2018-10-16,Seattle
51.0,75158,29 years,1,F,Engineering,Yes,2018-10-25,Boston
39.0,62686,15 years,1,M,HR,No,2018-12-13,New York
23.0,25000,0 years,9,M,HR,Y,2012-10-31,New York
23.0,48612,3 years,3,Female,Marketing,Yes,2020-09-11,New York
18.0,28049,0 years,3,Female,Sales,No,,Austin
40.0,25000,20 years,6,M,Sales,N,2021-03-01,
33.0,35351,5 years,10,M,HR,N,2018-02-03,Seattle
26.0,25000,3 years,6,,Marketing,Yes,2013-05-25,
30.0,36834,16 years,2,M,Engineering,Yes,2020-12-07,
26.0,26416,9 years,6,F,Sales,Y,2020-06-11,New York
18.0,54191,0 years,6,F,Sales,,2018-03-17,New York
22.0,25000,0 years,5,Male,Engineering,,2015-09-14,
40.0,65837,17 years,2,Female,HR,,2021-02-01,Seattle
27.0,66286,10 years,5,Female,,,2014-12-03,New York
30.0,34339,7 years,7,M,,Y,2015-01-15,
18.0,25000,0 years,4,Female,Sales,Yes,2014-09-16,New York
42.0,49182,28 years,8,Female,Marketing,Y,2011-04-29,Seattle
33.0,25000,8 years,6,Female,Engineering,No,2015-02-21,Seattle
48.0,51218,33 years,1,Male,Engineering,Y,,
42.0,88995,17 years,5,Male,HR,,2013-03-18,Austin
18.0,40451,0 years,2,M,Marketing,,2012-03-07,Seattle
26.0,25000,2 years,3,,,Y,2023-12-07,
39.0,62034,,1,F,Marketing,Yes,2021-12-24,
41.0,75597,18 years,1,Male,Sales,,2023-11-21,New York
32.0,47773,6 years,3,,Marketing,,2010-07-16,Boston
25.0,65075,2 years,2,,,Y,,Seattle
53.0,97267,36 years,2,Male,,Y,2021-07-07,Austin
49.0,45982,25 years,10,F,,Yes,2012-08-05,New York
28.0,25000,10 years,4,,Sales,N,2015-11-25,New York
18.0,39166,0 years,8,,,No,2017-06-18,Austin
34.0,35266,13 years,5,M,,N,2021-09-16,New York
45.0,58171,25 years,3,,HR,Yes,,Austin
42.0,57678,19 years,3,Male,Marketing,No,2015-05-16,Austin
18.0,29936,0 years,6,Male,,Yes,2017-02-12,New York
40.0,58858,19 years,7,M,HR,Yes,2013-11-14,New York
32.0,56815,7 years,3,Female,Engineering,Y,2023-07-27,New York
37.0,43778,16 years,6,Female,Engineering,Yes,2021-08-28,Austin
38.0,78759,17 years,5,M,Sales,Y,2022-04-27,Boston
18.0,36696,0 years,7,M,Sales,Y,2016-06-07,Seattle
56.0,84829,30 years,9,Female,HR,Yes,2013-08-09,Austin
42.0,43397,17 years,2,F,,N,2022-07-20,New York
39.0,52880,18 years,7,F,Engineering,No,2015-08-15,Austin
34.0,60079,7 years,4,F,Sales,,2012-06-04,New York
37.0,42060,21 years,9,F,,N,2021-06-17,New York
28.0,33819,4 years,6,Male,Engineering,Yes,2019-02-13,
37.0,80442,16 years,6,,Marketing,N,,Seattle
18.0,27626,0 years,4,F,Sales,Yes,2010-03-16,Seattle
18.0,39820,0 years,4,Male,HR,Yes,2015-07-18,
23.0,31505,6 years,2,Female,Sales,,2011-10-29,
43.0,26443,19 years,2,Female,,,2012-09-09,Boston
60.0,71280,33 years,8,M,HR,No,2017-11-22,New York
39.0,44748,13 years,9,Male,,N,2011-10-20,Boston
27.0,25000,4 years,7,Male,HR,,2022-10-28,Austin
54.0,75274,34 years,10,F,HR,Yes,2012-01-18,Austin
38.0,52871,17 years,8,M,Sales,Yes,2016-11-17,Boston
18.0,25000,0 years,7,F,Sales,Y,2015-11-08,Seattle
36.0,28122,14 years,2,F,Engineering,Yes,2018-03-16,Boston
20.0,25000,0 years,4,Female,Sales,,,Austin
43.0,58839,22 years,10,F,,No,2018-07-11,Austin
27.0,31838,2 years,6,Female,Sales,Y,2011-07-13,Austin
38.0,49936,15 years,5,,Engineering,,2017-02-03,Seattle
42.0,52278,18 years,5,M,Sales,,2011-11-16,New York
41.0,71342,18 years,8,M,HR,No,2022-12-26,New York
38.0,40114,14 years,7,M,Marketing,Yes,2010-12-07,Seattle
39.0,33990,20 years,5,F,Engineering,Yes,,New York
42.0,65105,15 years,8,,HR,Y,2014-05-05,New York
52.0,92520,33 years,9,,Marketing,,2011-04-27,Boston
36.0,52103,7 years,4,,Marketing,,2018-12-17,New York
28.0,25000,9 years,7,M,,No,2023-10-20,Seattle
30.0,42785,4 years,6,,Sales,Yes,2010-02-25,Austin
18.0,57399,0 years,6,Male,Engineering,Y,2018-04-03,New York
32.0,51735,13 years,7,F,Marketing,Yes,2022-10-03,Seattle
24.0,25000,6 years,2,,Sales,Yes,2022-09-15,Austin
32.0,36333,12 years,9,,HR,Y,2018-01-09,Boston
50.0,70615,31 years,2,M,Marketing,N,2013-06-28,Seattle
,48394,5 years,9,,Engineering,Yes,2020-10-04,New York
25.0,44167,2 years,5,F,Marketing,No,2015-04-19,
46.0,54955,27 years,1,Male,Marketing,,2022-01-04,New York
29.0,25000,4 years,7,,Marketing,,,Seattle
28.0,64778,3 years,2,Male,Marketing,Yes,2023-08-02,Boston
38.0,41841,16 years,7,,,Yes,2019-06-12,Seattle
34.0,44060,11 years,4,Male,HR,,2013-04-22,
32.0,49507,7 years,3,Female,Engineering,Y,,Boston
29.0,49266,7 years,9,F,HR,,2020-01-25,
34.0,57967,15 years,9,M,Marketing,,2014-08-10,Seattle
29.0,29363,2 years,9,,Engineering,N,2017-09-08,
33.0,55086,8 years,10,M,,Y,2016-02-17,New York
46.0,51866,23 years,6,M,Sales,Y,2020-05-18,Seattle
41.0,72194,21 years,3,Female,Engineering,No,2013-12-28,Boston
25.0,47635,5 years,3,M,Marketing,Y,2021-12-03,
41.0,52481,18 years,3,F,Sales,No,2023-02-17,Seattle
48.0,55737,22 years,8,Male,Engineering,Yes,2023-02-17,Seattle
21.0,54476,5 years,4,Male,Engineering,,2016-12-17,Boston
53.0,72527,33 years,1,,Marketing,,,
41.0,45290,16 years,3,Female,Sales,Yes,2012-06-22,Austin
29.0,26485,7 years,7,Female,Marketing,Y,2020-09-13,
54.0,43378,31 years,3,Male,Sales,N,2013-07-16,Austin
31.0,26963,14 years,3,M,HR,Yes,2014-09-02,New York
42.0,61562,19 years,3,F,HR,Yes,,Seattle
18.0,39714,0 years,5,Male,Marketing,Y,2014-07-29,Seattle
37.0,48503,19 years,7,M,,Y,2019-06-04,Seattle
41.0,79422,17 years,7,,HR,,2011-01-08,Boston
49.0,71391,21 years,8,,Sales,Y,2013-06-27,
43.0,47613,,10,Female,Sales,Y,2019-10-04,
31.0,40256,10 years,7,M,Engineering,,2014-01-27,Seattle
37.0,45857,14 years,6,Female,Marketing,Yes,2016-09-04,Seattle
21.0,25000,1 years,7,M,Marketing,N,2018-10-17,New York
45.0,45989,26 years,2,M,Marketing,,2021-08-08,Austin
35.0,45367,16 years,1,,,,2020-08-29,New York
39.0,56918,14 years,5,Female,Engineering,Yes,2016-09-21,New York
62.0,50999,40 years,1,Male,Engineering,Y,2012-09-30,Seattle
46.0,56761,24 years,8,M,Sales,No,2023-09-27,New York
,25000,13 years,7,M,HR,Y,2014-06-22,Seattle
38.0,52338,21 years,1,Female,Marketing,Y,2011-10-03,Seattle
40.0,60770,14 years,9,Female,HR,Y,2021-08-12,Austin
37.0,53267,19 years,1,M,Engineering,N,2019-11-30,Austin
37.0,84895,11 years,10,Female,HR,Y,2010-06-29,Seattle
36.0,50680,14 years,2,Female,,,2016-02-06,
25.0,36947,2 years,7,Male,,,2012-05-02,Seattle
29.0,41444,8 years,3,M,HR,Yes,,Seattle
37.0,65028,19 years,2,Male,Marketing,Yes,2017-08-01,Boston
43.0,52461,15 years,10,M,Engineering,No,2016-02-15,
47.0,55057,23 years,8,F,Sales,N,2022-08-12,
24.0,47752,0 years,1,F,,Yes,2018-09-15,Seattle
24.0,47963,1 years,8,Female,Marketing,No,2010-04-06,Boston
57.0,85388,38 years,8,M,,,2021-11-27,
59.0,62045,37 years,5,M,Marketing,,2020-04-08,Boston
21.0,44855,3 years,7,,,No,2022-01-22,
39.0,57368,19 years,6,F,Marketing,Yes,2011-06-30,New York
36.0,59644,14 years,2,Female,Engineering,Y,2021-01-11,
49.0,25000,23 years,9,,HR,N,,Seattle
34.0,44539,10 years,8,F,HR,Yes,2019-08-23,Seattle
41.0,60797,17 years,5,F,HR,Yes,2013-06-16,New York
